file,date,drive_type,km,E_gen,E_gen_ps,g2t,trac,b2t,eng_only,dual,regen,gross_chg,soc_start,soc_end,g2b_master,g2b_model,excess,excess_engonly,gen_def_gap,excess_ps,batt_in,batt_resid,batt_resid_modelg2b
20260515_075207.csv,2026-05-15,urban,1.5,0.0,0.0,0.0,0.1757,0.1757,0.1732,0.0906,0.0327,0.3119,76.0,79.0,0.2638,0.0,0.2638,0.1732,0.0,0.2638,0.2965,0.1208,-0.143
20260603_122008.csv,2026-06-03,urban,2.3,0.0,0.0,0.0,0.27235,0.27235,0.2302,0.1949,0.0704,0.5094,61.5,72.0,0.4251,0.0,0.4251,0.2302,0.0,0.4251,0.4955,0.22315,-0.20195
20260812_085229.csv,2026-08-12,urban,2.3,0.43427,0.43427,0.13034,0.488,0.35767,0.2275,0.1512,0.0179,0.4104,61.5,61.0,0.3787,0.30393,0.07477,-0.07643,-0.0,0.07477,0.3966,0.03893,-0.03584
20260812_093511.csv,2026-08-12,urban,2.5,0.39112,0.39112,0.20966,0.49807,0.28841,0.13,0.1593,0.0573,0.3533,59.5,60.0,0.2893,0.18146,0.10784,-0.05146,0.0,0.10784,0.3466,0.05819,-0.04965
20260813_115220.csv,2026-08-13,urban,4.5,0.90965,0.90965,0.27218,0.67377,0.40159,0.5455,0.1571,0.0838,0.8085,53.5,70.5,0.7026,0.63747,0.06513,-0.09197,-0.0,0.06513,0.7864,0.38481,0.31968
20260814_101007.csv,2026-08-14,urban,0.7,0.32345,0.32345,0.11877,0.18164,0.06287,0.1938,0.0037,0.0192,0.2175,50.0,59.5,0.1975,0.20468,-0.00718,-0.01088,0.0,-0.00718,0.2167,0.15383,0.16101
20260814_102213.csv,2026-08-14,urban,0.8,0.0,0.0,0.0,0.13583,0.13583,0.0,0.0,0.0262,0.0272,58.5,48.5,0.0,0.0,0.0,0.0,0.0,0.0,0.0262,-0.10963,-0.10963
20260814_121438.csv,2026-08-14,urban,2.6,0.50466,0.50466,0.26426,0.60413,0.33987,0.1598,0.1874,0.0323,0.3799,69.0,68.5,0.3472,0.2404,0.1068,-0.0806,-0.0,0.1068,0.3795,0.03963,-0.06717
20260814_122308.csv,2026-08-14,urban,2.7,0.35942,0.35942,0.16986,0.49218,0.32232,0.0942,0.2303,0.054,0.3839,67.5,67.5,0.3245,0.18956,0.13494,-0.09536,-0.0,0.13494,0.3785,0.05618,-0.07876
20260814_182203.csv,2026-08-14,mixed_highway,34.1,5.38009,5.38009,3.90726,6.10414,2.19688,1.2029,0.4545,0.9094,2.6155,63.5,71.0,1.6574,1.47283,0.18457,-0.26993,0.0,0.18457,2.5668,0.36992,0.18535
20260814_213416.csv,2026-08-14,mixed_highway,34.2,5.14657,5.14657,3.47048,5.91081,2.44033,1.4573,0.3508,0.7152,2.6026,69.5,64.0,1.8081,1.67609,0.13201,-0.21879,0.0,0.13201,2.5233,0.08297,-0.04904
20260816_165356.csv,2026-08-16,urban,3.3,0.91761,0.91761,0.32918,0.9313,0.60213,0.3505,0.3272,0.1421,0.8242,48.5,58.5,0.6777,0.58843,0.08927,-0.23793,0.0,0.08927,0.8198,0.21767,0.12841
20260816_171638.csv,2026-08-16,urban,10.8,2.21736,2.21736,1.39889,2.29508,0.89619,0.5142,0.4936,0.1871,1.2023,56.0,68.0,1.0078,0.81847,0.18933,-0.30427,0.0,0.18933,1.1949,0.29871,0.10939
20260816_173527.csv,2026-08-16,urban,0.8,0.24968,0.24968,0.09419,0.2164,0.12221,0.0817,0.119,0.0007,0.2015,67.5,69.5,0.2007,0.15549,0.04521,-0.07379,0.0,0.04521,0.2014,0.07919,0.03397
20260816_174235.csv,2026-08-16,urban,1.1,0.27013,0.27013,0.0646,0.24481,0.18021,0.1311,0.1301,0.0079,0.2693,68.0,71.0,0.2612,0.20553,0.05567,-0.07443,0.0,0.05567,0.2691,0.08889,0.03321
20260817_084821.csv,2026-08-17,urban,10.9,1.44024,1.44024,0.68496,1.96037,1.2754,0.6594,0.1712,0.4708,1.3303,68.5,61.5,0.8306,0.75527,0.07533,-0.09587,0.0,0.07533,1.3014,0.026,-0.04933
20260817_175652.csv,2026-08-17,urban,1.4,0.41505,0.41505,0.15206,0.43843,0.28637,0.1477,0.1831,0.0543,0.3867,59.5,63.0,0.3308,0.26299,0.06781,-0.11529,0.0,0.06781,0.3851,0.09873,0.03092
20260817_181818.csv,2026-08-17,urban,1.8,0.38583,0.38583,0.12866,0.51176,0.38309,0.1589,0.1456,0.0784,0.3885,62.0,59.0,0.3045,0.25717,0.04733,-0.09827,-0.0,0.04733,0.3829,-0.00019,-0.04753
20260817_183543.csv,2026-08-17,urban,38.3,5.52113,5.52113,2.71683,6.99469,4.27786,2.1668,0.8983,1.4962,4.6379,57.5,50.5,3.0651,2.8043,0.2608,-0.6375,0.0,0.2608,4.5613,0.28344,0.02264
20260818_092516.csv,2026-08-18,urban,9.1,0.92299,0.92299,0.33401,1.19061,0.85661,0.4523,0.2533,0.4442,1.1902,46.5,61.5,0.7056,0.58898,0.11662,-0.13668,0.0,0.11662,1.1498,0.29319,0.17657
20260818_111200.csv,2026-08-18,urban,20.8,3.54646,3.54646,1.78101,3.92218,2.14117,1.5373,0.2794,0.7185,2.6059,56.0,66.5,1.8167,1.76545,0.05125,-0.22815,0.0,0.05125,2.5352,0.39403,0.34278
20260818_124141.csv,2026-08-18,urban,2.1,0.43663,0.43663,0.24028,0.57689,0.33661,0.1011,0.1511,0.1043,0.3599,64.0,63.0,0.2522,0.19635,0.05585,-0.09525,-0.0,0.05585,0.3565,0.01989,-0.03596
20260818_140544.csv,2026-08-18,urban,9.5,2.01164,2.01164,1.02712,2.54826,1.52114,0.6077,0.5819,0.4002,1.6084,60.5,52.5,1.1896,0.98452,0.20508,-0.37682,0.0,0.20508,1.5898,0.06866,-0.13642
20260818_150110.csv,2026-08-18,urban,3.0,0.7336,0.7336,0.28896,0.80422,0.51527,0.2027,0.3282,0.0925,0.6259,51.5,55.5,0.5309,0.44464,0.08626,-0.24194,-0.0,0.08626,0.6234,0.10813,0.02188
20260819_123747.csv,2026-08-19,urban,0.6,0.37584,0.37584,0.12666,0.26937,0.14271,0.149,0.1165,0.0255,0.2919,53.0,60.0,0.2655,0.24918,0.01632,-0.10018,0.0,0.01632,0.291,0.14829,0.13196
20260819_124907.csv,2026-08-19,urban,18.8,2.48883,2.48883,1.15063,3.61333,2.4627,0.968,0.6783,1.1281,2.8449,56.0,59.0,1.6463,1.3382,0.3081,-0.3702,0.0,0.3081,2.7744,0.3117,0.0036
20260819_135903.csv,2026-08-19,urban,14.7,3.09033,3.09033,1.33344,3.67803,2.3446,1.2227,0.7086,0.7365,2.6995,57.5,60.5,1.9313,1.7569,0.1744,-0.5342,-0.0,0.1744,2.6678,0.3232,0.1488
20260820_105758.csv,2026-08-20,urban,44.6,5.93285,5.93285,2.95068,6.70826,3.75759,2.529,0.6782,1.1714,4.4476,54.5,64.5,3.2072,2.98217,0.22503,-0.45317,0.0,0.22503,4.3786,0.62101,0.39598
20260820_201853.csv,2026-08-20,urban,25.2,3.68511,3.68511,2.16427,4.62492,2.46065,1.181,0.5938,0.7817,2.6496,60.0,51.5,1.7748,1.52084,0.25396,-0.33984,0.0,0.25396,2.5565,0.09585,-0.15811
20260820_214927.csv,2026-08-20,mixed,23.1,3.61681,3.61681,2.05217,3.98672,1.93455,1.2244,0.4327,0.7246,2.4019,50.0,64.0,1.6571,1.56464,0.09246,-0.34024,-0.0,0.09246,2.3817,0.44715,0.35469
20260820_225027.csv,2026-08-20,urban,3.6,0.46965,0.46965,0.1965,0.59571,0.39921,0.212,0.103,0.0912,0.4077,62.5,59.0,0.315,0.27315,0.04185,-0.06115,0.0,0.04185,0.4062,0.00699,-0.03486
20260821_081939.csv,2026-08-21,urban,25.1,4.1475,4.1475,2.14318,4.88178,2.7386,1.523,0.6413,0.8548,3.0556,57.0,51.5,2.1643,2.00432,0.15998,-0.48132,-0.0,0.15998,3.0191,0.2805,0.12052
20260821_193713.csv,2026-08-21,urban,2.5,0.81318,0.81318,0.31703,0.79485,0.47782,0.3362,0.2065,0.1283,0.6763,50.0,56.5,0.5427,0.49615,0.04655,-0.15995,0.0,0.04655,0.671,0.19318,0.14663
20260821_205225.csv,2026-08-21,urban,9.2,1.62362,1.62362,0.80106,2.10955,1.30849,0.5593,0.3808,0.5462,1.5186,53.5,54.5,0.9401,0.82255,0.11755,-0.26325,-0.0,0.11755,1.4863,0.17781,0.06026
20260821_225137.csv,2026-08-21,mixed,27.3,3.70115,3.70115,2.06816,4.16628,2.09812,1.3857,0.3186,0.6583,2.4024,52.5,55.5,1.7043,1.63298,0.07132,-0.24728,-0.0,0.07132,2.3626,0.26448,0.19317
20260822_102139.csv,2026-08-22,mixed,14.3,1.91635,1.91635,1.01876,2.08319,1.06442,0.6947,0.2909,0.3475,1.3735,53.5,64.5,0.9856,0.89758,0.08802,-0.20288,0.0,0.08802,1.3331,0.26868,0.18066
20260822_110317.csv,2026-08-22,urban,24.0,3.5723,3.5723,1.53141,4.41187,2.88045,1.5193,0.8033,0.7946,3.1846,62.5,59.0,2.3226,2.04089,0.28171,-0.52159,0.0,0.28171,3.1172,0.23675,-0.04496
20260822_141715.csv,2026-08-22,urban,12.7,2.67735,2.67735,1.44092,2.84153,1.40061,0.9239,0.3733,0.2488,1.5652,54.0,52.5,1.2972,1.23643,0.06077,-0.31253,0.0,0.06077,1.546,0.14539,0.08462
20260822_173539.csv,2026-08-22,urban,5.7,1.42571,1.42571,0.69642,1.51755,0.82114,0.4577,0.3704,0.2453,1.0821,48.0,59.0,0.8281,0.72929,0.09881,-0.27159,-0.0,0.09881,1.0734,0.25226,0.15345
20260822_191324.csv,2026-08-22,urban,6.9,1.34519,1.34519,0.54083,1.41236,0.87153,0.6021,0.2558,0.2317,1.0986,51.5,58.5,0.8579,0.80436,0.05354,-0.20226,-0.0,0.05354,1.0896,0.21807,0.16453
20260822_205359.csv,2026-08-22,urban,3.9,0.91898,0.91898,0.34992,0.80539,0.45548,0.3791,0.2629,0.1188,0.766,49.5,65.5,0.642,0.56907,0.07293,-0.18997,0.0,0.07293,0.7608,0.30532,0.23239
20260822_215052.csv,2026-08-22,mixed,26.0,3.47309,3.47309,1.77958,3.86713,2.08755,1.3416,0.4867,0.4823,2.3412,62.0,63.0,1.8283,1.69351,0.13479,-0.35191,-0.0,0.13479,2.3106,0.22305,0.08826
20260823_152957.csv,2026-08-23,urban,17.5,2.43569,2.43569,1.50173,3.0456,1.54387,0.7868,0.3129,0.6263,1.7669,61.0,62.0,1.0997,0.93396,0.16574,-0.14716,0.0,0.16574,1.726,0.18213,0.0164
20260823_161315.csv,2026-08-23,urban,9.1,1.6537,1.6537,0.85915,2.13831,1.27915,0.509,0.4768,0.4962,1.5181,61.0,66.0,0.9858,0.79455,0.19125,-0.28555,0.0,0.19125,1.482,0.20285,0.0116
20260823_210116.csv,2026-08-23,urban,27.8,3.45377,3.45377,1.65248,4.19807,2.54559,1.6009,0.3037,0.8765,2.8356,64.5,66.0,1.9046,1.80129,0.10331,-0.20039,0.0,0.10331,2.7811,0.23551,0.1322
20260824_081823.csv,2026-08-24,urban,19.6,2.19852,2.19852,1.05651,2.65174,1.59524,1.0153,0.2181,0.6384,1.9286,64.0,69.5,1.2334,1.14201,0.09139,-0.12671,-0.0,0.09139,1.8718,0.27656,0.18517
20260824_104612.csv,2026-08-24,urban,9.6,1.68518,1.68518,0.77378,2.28055,1.50677,0.579,0.5266,0.4086,1.5305,62.5,48.5,1.1056,0.9114,0.1942,-0.3324,-0.0,0.1942,1.5142,0.00743,-0.18677
20260824_133602.csv,2026-08-24,urban,5.4,0.50051,0.50051,0.15822,0.75896,0.60074,0.2427,0.1692,0.4643,0.9048,59.0,70.5,0.4119,0.34229,0.06961,-0.09959,0.0,0.06961,0.8762,0.27546,0.20585
20260824_174511.csv,2026-08-24,urban,12.0,1.59741,1.59741,0.73256,2.08336,1.3508,0.6752,0.3563,0.5632,1.6373,60.5,66.0,1.0315,0.86485,0.16665,-0.18965,0.0,0.16665,1.5947,0.2439,0.07725
20260824_202635.csv,2026-08-24,urban,13.5,2.03824,2.03824,0.94175,2.26935,1.3276,0.9197,0.275,0.2711,1.4956,65.5,63.5,1.1947,1.09649,0.09821,-0.17679,0.0,0.09821,1.4658,0.1382,0.04
20260824_212048.csv,2026-08-24,mixed,27.7,3.71276,3.71276,2.19575,4.42712,2.23137,1.2919,0.3078,0.9402,2.5883,61.0,65.5,1.5997,1.51701,0.08269,-0.22511,0.0,0.08269,2.5399,0.30853,0.22584
20260824_222425.csv,2026-08-24,urban,2.4,0.41544,0.41544,0.19468,0.43557,0.24089,0.2112,0.0235,0.0583,0.2941,64.5,64.0,0.2347,0.22076,0.01394,-0.00956,0.0,0.01394,0.293,0.05211,0.03817
20260825_102604.csv,2026-08-25,mixed,19.5,2.32261,2.32261,1.25786,2.86484,1.60698,0.9385,0.1851,0.6079,1.7861,63.0,61.0,1.1236,1.06475,0.05885,-0.12625,0.0,0.05885,1.7315,0.12452,0.06567
20260825_123247.csv,2026-08-25,urban,7.7,2.09346,2.09346,0.97225,2.17585,1.20359,0.6857,0.6272,0.2628,1.5883,48.0,59.5,1.3129,1.12121,0.19169,-0.43551,-0.0,0.19169,1.5757,0.37211,0.18042
20260825_183427.csv,2026-08-25,urban,26.8,4.27536,4.27536,2.26695,5.32941,3.06246,1.5262,0.7763,1.1183,3.5216,59.0,63.0,2.3025,2.00841,0.29409,-0.48221,0.0,0.29409,3.4208,0.35834,0.06426
20260826_203739.csv,2026-08-26,urban,32.1,4.7089,4.7089,2.39541,5.63725,3.24184,1.936,0.5837,0.9597,3.6078,61.0,52.5,2.5197,2.31349,0.20621,-0.37749,0.0,0.20621,3.4794,0.23756,0.03136
20260826_224518.csv,2026-08-26,urban,30.9,4.39189,4.39189,2.65541,5.32026,2.66485,1.3995,0.4907,1.0781,3.0233,53.0,53.0,1.8902,1.73648,0.15372,-0.33698,0.0,0.15372,2.9683,0.30345,0.14973
20260828_202030.csv,2026-08-28,urban,43.8,5.43204,5.43204,2.53057,6.00164,3.47106,2.6368,0.3155,0.9151,3.9845,51.0,58.5,2.9523,2.90147,0.05083,-0.26467,0.0,0.05083,3.8674,0.39634,0.34551
20260829_100447.csv,2026-08-29,mixed,44.7,5.43539,5.43539,2.81986,6.23202,3.41216,2.2852,0.5307,0.8651,3.8131,56.5,56.0,2.8159,2.61553,0.20037,-0.33033,0.0,0.20037,3.681,0.26884,0.06846
20260829_191404.csv,2026-08-29,urban,1.5,0.4758,0.4758,0.1818,0.48794,0.30613,0.24,0.0781,0.1123,0.431,54.5,57.0,0.3181,0.294,0.0241,-0.054,-0.0,0.0241,0.4304,0.12427,0.10016
20260829_193046.csv,2026-08-29,urban,3.3,0.78262,0.78262,0.31011,0.67232,0.3622,0.3777,0.199,0.0776,0.6555,55.5,69.5,0.5767,0.4725,0.1042,-0.0948,0.0,0.1042,0.6543,0.2921,0.1879
20260829_194121.csv,2026-08-29,urban,1.8,0.34813,0.34813,0.13467,0.58609,0.45141,0.0752,0.2365,0.1463,0.4624,67.0,64.0,0.3117,0.21345,0.09825,-0.13825,-0.0,0.09825,0.458,0.00659,-0.09166
20260830_121043.csv,2026-08-30,urban,3.9,0.60309,0.60309,0.22056,0.69106,0.4705,0.2915,0.2023,0.0509,0.5483,61.0,61.0,0.4938,0.38253,0.11127,-0.09103,0.0,0.11127,0.5447,0.0742,-0.03707
20260830_122801.csv,2026-08-30,urban,19.4,2.60833,2.60833,1.50782,3.01031,1.50249,0.9717,0.1929,0.6079,1.8444,58.5,67.0,1.1646,1.10051,0.06409,-0.12881,-0.0,0.06409,1.7725,0.27001,0.20592
20260830_125410.csv,2026-08-30,highway,118.0,20.10962,20.10962,16.79454,21.12304,4.3285,2.7894,0.7027,1.2186,4.8369,66.0,65.0,3.4921,3.31508,0.17702,-0.52568,0.0,0.17702,4.7107,0.3822,0.20518
20260830_155318.csv,2026-08-30,highway,82.6,14.72106,14.72106,12.28566,15.15898,2.87332,2.0353,0.5868,0.6974,3.4127,60.0,71.0,2.6221,2.4354,0.1867,-0.4001,0.0,0.1867,3.3195,0.44618,0.25948
20260830_165926.csv,2026-08-30,mixed_highway,101.0,16.97319,16.97319,13.62644,19.49119,5.86475,2.7533,0.8226,2.5228,6.3026,67.0,59.5,3.5759,3.34675,0.22915,-0.59345,0.0,0.22915,6.0987,0.23395,0.0048
20260830_190907.csv,2026-08-30,urban,5.0,0.905,0.905,0.47298,1.01179,0.53881,0.3205,0.1441,0.1753,0.6462,57.5,58.0,0.4646,0.43202,0.03258,-0.11152,-0.0,0.03258,0.6399,0.10109,0.06852
20260830_192834.csv,2026-08-30,urban,10.6,2.08875,2.08875,1.48581,2.44526,0.95945,0.4842,0.1828,0.5477,1.2335,57.5,64.5,0.667,0.60294,0.06406,-0.11874,-0.0,0.06406,1.2147,0.25525,0.19119
20260830_200617.csv,2026-08-30,urban,1.7,0.3271,0.3271,0.09723,0.36224,0.26501,0.1272,0.1758,0.0672,0.3742,62.0,66.0,0.303,0.22987,0.07313,-0.10267,-0.0,0.07313,0.3702,0.10519,0.03206
20260831_134403.csv,2026-08-31,urban,2.5,0.54492,0.54492,0.18253,0.80838,0.62586,0.2205,0.222,0.0479,0.4942,63.0,47.5,0.4425,0.36239,0.08011,-0.14189,0.0,0.08011,0.4904,-0.13546,-0.21557
20260831_201658.csv,2026-08-31,urban,2.6,0.32617,0.32617,0.11559,0.57587,0.46028,0.1435,0.1192,0.0951,0.3618,62.0,51.0,0.2627,0.21058,0.05212,-0.06708,0.0,0.05212,0.3578,-0.10248,-0.1546
20260831_203855.csv,2026-08-31,urban,16.7,2.27482,2.27482,0.8145,2.78679,1.97228,1.2089,0.3452,0.6455,2.2636,46.5,51.0,1.5541,1.46031,0.09379,-0.25141,0.0,0.09379,2.1996,0.22732,0.13353
20260901_074917.csv,2026-09-01,urban,1.2,0.36088,0.36088,0.10433,0.30718,0.20285,0.2303,0.0202,0.0169,0.2689,48.5,51.5,0.2505,0.25656,-0.00606,-0.02626,-0.0,-0.00606,0.2674,0.06455,0.0706
20260901_080956.csv,2026-09-01,urban,1.3,0.29968,0.29968,0.0719,0.24482,0.17292,0.1751,0.0829,0.0274,0.2883,49.5,55.0,0.258,0.22778,0.03022,-0.05268,0.0,0.03022,0.2854,0.11248,0.08226
20260901_111543.csv,2026-09-01,urban,2.3,0.58399,0.58399,0.18133,0.61008,0.42875,0.2615,0.2112,0.0676,0.5462,54.0,56.5,0.4727,0.40266,0.07004,-0.14116,-0.0,0.07004,0.5403,0.11155,0.04151
20260901_112814.csv,2026-09-01,urban,2.0,0.37139,0.37139,0.10901,0.41959,0.31058,0.1787,0.1567,0.0898,0.4312,55.5,56.5,0.3354,0.26238,0.07302,-0.08368,0.0,0.07302,0.4252,0.11462,0.0416
20260902_074300.csv,2026-09-02,urban,1.2,0.20409,0.20409,0.08887,0.32441,0.23554,0.0846,0.0302,0.0171,0.1359,64.5,53.0,0.1148,0.11522,-0.00042,-0.03062,-0.0,-0.00042,0.1319,-0.10364,-0.10322
20260902_075316.csv,2026-09-02,urban,4.7,0.80955,0.80955,0.16178,0.89372,0.73193,0.5406,0.1902,0.2714,1.0218,56.5,63.5,0.7308,0.64777,0.08303,-0.10717,0.0,0.08303,1.0022,0.27027,0.18723
20260902_201704.csv,2026-09-02,urban,2.4,0.50277,0.50277,0.16579,0.45535,0.28956,0.2389,0.1565,0.0636,0.4611,53.5,61.0,0.3954,0.33698,0.05842,-0.09808,0.0,0.05842,0.459,0.16944,0.11102
20260902_203318.csv,2026-09-02,urban,0.9,0.18038,0.18038,0.04854,0.18755,0.13901,0.0627,0.0966,0.0109,0.1716,60.0,61.0,0.1593,0.13184,0.02746,-0.06914,-0.0,0.02746,0.1702,0.03119,0.00373
20260902_204646.csv,2026-09-02,urban,12.2,1.47513,1.47513,0.68507,1.8764,1.19133,0.7008,0.1409,0.3596,1.2656,60.0,53.5,0.8417,0.79006,0.05164,-0.08926,-0.0,0.05164,1.2013,0.00997,-0.04167
20260902_211511.csv,2026-09-02,urban,4.7,0.80178,0.80178,0.22817,0.84499,0.61683,0.4476,0.1918,0.1856,0.8375,52.5,60.5,0.6394,0.57362,0.06578,-0.12602,-0.0,0.06578,0.825,0.20817,0.14239
20260903_074822.csv,2026-09-03,urban,1.2,0.50818,0.50818,0.13329,0.29052,0.15723,0.3116,0.0823,0.0086,0.4036,58.0,69.5,0.3939,0.37489,0.01901,-0.06329,0.0,0.01901,0.4025,0.24527,0.22626
20260903_080232.csv,2026-09-03,urban,0.6,0.0,0.0,0.0,0.13374,0.13374,0.0,0.0,0.026,0.0264,69.0,61.5,0.0,0.0,0.0,0.0,0.0,0.0,0.026,-0.10774,-0.10774
20260903_082326.csv,2026-09-03,urban,1.5,0.27835,0.27835,0.05427,0.2312,0.17693,0.18,0.0645,0.0334,0.2826,60.5,64.5,0.2445,0.22408,0.02042,-0.04408,0.0,0.02042,0.2779,0.10097,0.08055
20260903_200514.csv,2026-09-03,urban,1.8,0.37556,0.37556,0.08942,0.29499,0.20557,0.2214,0.112,0.0318,0.3663,56.0,63.5,0.3334,0.28614,0.04726,-0.06474,0.0,0.04726,0.3652,0.15963,0.11237
20260903_213855.csv,2026-09-03,urban,11.0,1.49554,1.49554,0.85334,1.9935,1.14016,0.5164,0.2031,0.5332,1.2723,62.0,61.0,0.7195,0.6422,0.0773,-0.1258,0.0,0.0773,1.2527,0.11254,0.03524
20260904_075123.csv,2026-09-04,urban,1.2,0.449,0.449,0.13269,0.2987,0.16601,0.2103,0.1337,0.0134,0.3579,60.0,66.0,0.344,0.31631,0.02769,-0.10601,0.0,0.02769,0.3574,0.19139,0.16369
20260904_080352.csv,2026-09-04,urban,1.1,0.09081,0.09081,0.0492,0.23422,0.18502,0.0346,0.004,0.0538,0.0982,69.5,63.0,0.0386,0.04161,-0.00301,-0.00701,0.0,-0.00301,0.0924,-0.09262,-0.08961
20260904_203411.csv,2026-09-04,urban,18.3,2.63087,2.63087,1.28012,3.50347,2.22335,1.1062,0.4063,0.879,2.4506,55.0,50.0,1.5125,1.35075,0.16175,-0.24455,0.0,0.16175,2.3915,0.16815,0.0064
20260905_103157.csv,2026-09-05,urban,2.1,0.51054,0.51054,0.15913,0.40995,0.25082,0.2756,0.1267,0.0788,0.4893,47.5,61.0,0.4023,0.35141,0.05089,-0.07581,0.0,0.05089,0.4811,0.23028,0.17939
20260905_104841.csv,2026-09-05,urban,2.8,0.38646,0.38646,0.12878,0.56883,0.44005,0.1326,0.2199,0.109,0.4708,60.0,59.0,0.3525,0.25768,0.09482,-0.12508,0.0,0.09482,0.4615,0.02145,-0.07337
20260905_110415.csv,2026-09-05,urban,2.5,0.4566,0.4566,0.19223,0.63731,0.44508,0.1205,0.244,0.1411,0.5097,58.5,59.0,0.3645,0.26437,0.10013,-0.14387,0.0,0.10013,0.5056,0.06052,-0.03961
20260905_122311.csv,2026-09-05,urban,2.7,0.31577,0.31577,0.08495,0.5022,0.41725,0.1299,0.1913,0.0931,0.4201,58.0,54.0,0.3212,0.23082,0.09038,-0.10092,-0.0,0.09038,0.4143,-0.00295,-0.09333
20260905_123511.csv,2026-09-05,urban,0.4,0.07087,0.07087,0.00892,0.06961,0.06069,0.0485,0.0127,0.0129,0.0751,54.0,52.5,0.0612,0.06195,-0.00075,-0.01345,0.0,-0.00075,0.0741,0.01341,0.01416
20260905_124450.csv,2026-09-05,urban,2.2,0.47966,0.47966,0.17275,0.43837,0.26562,0.1933,0.1575,0.0475,0.4037,50.5,58.5,0.3508,0.30691,0.04389,-0.11361,0.0,0.04389,0.3983,0.13268,0.08878
20260905_162310.csv,2026-09-05,urban,1.9,0.47262,0.47262,0.14757,0.37391,0.22635,0.2496,0.1701,0.0314,0.4521,56.0,66.5,0.4197,0.32505,0.09465,-0.07545,0.0,0.09465,0.4511,0.22475,0.1301
20260905_163145.csv,2026-09-05,urban,1.9,0.32115,0.32115,0.08148,0.36809,0.28661,0.159,0.1488,0.058,0.3701,65.5,67.5,0.3078,0.23968,0.06812,-0.08068,-0.0,0.06812,0.3658,0.07919,0.01107
20260905_164824.csv,2026-09-05,urban,7.2,1.18783,1.18783,0.56769,1.51904,0.95136,0.4787,0.2137,0.3543,1.0618,67.0,62.5,0.6924,0.62014,0.07226,-0.14144,0.0,0.07226,1.0467,0.09534,0.02309
20260905_172322.csv,2026-09-05,urban,10.6,1.9562,1.9562,1.4436,2.40816,0.96456,0.4347,0.1442,0.5676,1.1576,62.5,65.0,0.5789,0.51261,0.06629,-0.07791,0.0,0.06629,1.1465,0.18194,0.11564
20260905_175245.csv,2026-09-05,urban,1.4,0.33894,0.33894,0.07474,0.27229,0.19755,0.1366,0.2009,0.0423,0.3836,64.0,71.5,0.3375,0.26421,0.07329,-0.12761,-0.0,0.07329,0.3798,0.18225,0.10895
20260905_183226.csv,2026-09-05,urban,3.4,0.3554,0.3554,0.12677,0.66584,0.53907,0.1675,0.1119,0.1253,0.4142,70.0,58.5,0.2794,0.22863,0.05077,-0.06113,-0.0,0.05077,0.4047,-0.13437,-0.18514
20260906_121520.csv,2026-09-06,urban,2.5,0.48933,0.48933,0.17026,0.58043,0.41018,0.186,0.2133,0.1008,0.5028,57.5,59.0,0.3993,0.31907,0.08023,-0.13307,-0.0,0.08023,0.5001,0.08992,0.0097
20260906_122920.csv,2026-09-06,urban,0.44,0.2652,0.2652,0.05428,0.20983,0.15556,0.1466,0.0507,0.0144,0.212,58.0,58.5,0.1973,0.21093,-0.01363,-0.06433,-0.0,-0.01363,0.2117,0.05614,0.06977
20260906_130754.csv,2026-09-06,urban,1.5,0.24766,0.24766,0.07279,0.30816,0.23537,0.128,0.0757,0.0572,0.2714,58.0,57.5,0.2037,0.17487,0.02883,-0.04687,-0.0,0.02883,0.2609,0.02553,-0.00329
20260906_131945.csv,2026-09-06,urban,1.9,0.41108,0.41108,0.11304,0.33166,0.21863,0.2611,0.0759,0.0281,0.3679,55.5,62.0,0.337,0.29804,0.03896,-0.03694,0.0,0.03896,0.3651,0.14647,0.10752
20260906_134827.csv,2026-09-06,urban,1.2,0.21655,0.21655,0.07696,0.2882,0.21124,0.0938,0.0917,0.0082,0.1948,61.0,57.0,0.1855,0.13958,0.04592,-0.04578,-0.0,0.04592,0.1937,-0.01754,-0.06345
20260906_195140.csv,2026-09-06,urban,2.5,0.62565,0.62565,0.17396,0.47854,0.30458,0.3656,0.1173,0.0953,0.5882,54.0,68.5,0.4829,0.45169,0.03121,-0.08609,-0.0,0.03121,0.5782,0.27362,0.2424
20260906_201552.csv,2026-09-06,urban,7.9,0.9472,0.9472,0.22383,1.28505,1.06123,0.6486,0.1675,0.2091,1.082,67.5,60.0,0.8161,0.72337,0.09273,-0.07477,0.0,0.09273,1.0252,-0.03603,-0.12876
20260907_074534.csv,2026-09-07,urban,2.4,0.79553,0.79553,0.22917,0.45345,0.22429,0.4097,0.2406,0.0167,0.6693,58.5,78.5,0.6503,0.56636,0.08394,-0.15666,-0.0,0.08394,0.667,0.44271,0.35877
20260907_080214.csv,2026-09-07,urban,0.6,0.0,0.0,0.0,0.14902,0.14902,0.0,0.0,0.0229,0.0276,77.5,69.5,0.0,0.0,0.0,0.0,0.0,0.0,0.0229,-0.12612,-0.12612
20260907_081855.csv,2026-09-07,urban,1.5,0.03535,0.03535,0.02494,0.26827,0.24332,0.0109,0.0,0.0588,0.0849,69.5,59.0,0.0109,0.01041,0.00049,0.00049,-0.0,0.00049,0.0697,-0.17362,-0.17412
20260907_082522.csv,2026-09-07,urban,0.6,0.0,0.0,0.0,0.1031,0.1031,0.0,0.0,0.0191,0.0253,59.0,52.0,0.0,0.0,0.0,0.0,0.0,0.0,0.0191,-0.084,-0.084
20260907_165532.csv,2026-09-07,urban,2.5,0.46499,0.46499,0.1638,0.47856,0.31477,0.2293,0.1217,0.1188,0.4806,52.0,58.5,0.351,0.30119,0.04981,-0.07189,0.0,0.04981,0.4698,0.15503,0.10522
20260907_171659.csv,2026-09-07,urban,1.3,0.24001,0.24001,0.07981,0.27729,0.19749,0.0987,0.1015,0.0527,0.2683,58.0,59.5,0.2002,0.16021,0.03999,-0.06151,0.0,0.03999,0.2529,0.05541,0.01542
20260907_172745.csv,2026-09-07,urban,0.7,0.0,0.0,0.0,0.13878,0.13878,0.0,0.0,0.0497,0.0587,59.0,52.5,0.0,0.0,0.0,0.0,0.0,0.0,0.0497,-0.08908,-0.08908
20260907_174600.csv,2026-09-07,urban,2.0,0.32139,0.32139,0.09405,0.36721,0.27316,0.1036,0.1964,0.0683,0.38,52.0,55.5,0.3,0.22735,0.07265,-0.12375,-0.0,0.07265,0.3683,0.09514,0.02249
20260908_074435.csv,2026-09-08,urban,2.4,0.90204,0.90204,0.29085,0.47095,0.1801,0.4735,0.2129,0.0122,0.7002,54.0,79.0,0.6864,0.61119,0.07521,-0.13769,0.0,0.07521,0.6986,0.5185,0.44329
20260908_075934.csv,2026-09-08,urban,2.4,0.23694,0.23694,0.10481,0.5112,0.40638,0.0765,0.115,0.0713,0.2796,78.0,68.5,0.1915,0.13213,0.05937,-0.05563,0.0,0.05937,0.2628,-0.14358,-0.20295
20260908_085530.csv,2026-09-08,urban,4.1,0.50302,0.50302,0.11508,0.81572,0.70064,0.3204,0.095,0.1964,0.6296,68.0,56.5,0.4154,0.38794,0.02746,-0.06754,-0.0,0.02746,0.6118,-0.08884,-0.1163
20260908_123156.csv,2026-09-08,urban,2.4,0.31664,0.31664,0.11605,0.49771,0.38166,0.171,0.0648,0.0737,0.3164,55.5,47.0,0.2358,0.20059,0.03521,-0.02959,0.0,0.03521,0.3095,-0.07216,-0.10738
20260908_124726.csv,2026-09-08,urban,2.5,0.60567,0.60567,0.14102,0.51542,0.3744,0.3981,0.0934,0.1178,0.6245,45.0,59.0,0.4915,0.46465,0.02685,-0.06655,0.0,0.02685,0.6093,0.2349,0.20805
20260909_073950.csv,2026-09-09,urban,2.4,0.66747,0.66747,0.22673,0.43033,0.2036,0.2776,0.2618,0.023,0.5691,57.0,73.0,0.5394,0.44073,0.09867,-0.16313,0.0,0.09867,0.5624,0.3588,0.26014
20260909_075611.csv,2026-09-09,urban,2.5,0.30213,0.30213,0.09231,0.45922,0.36691,0.1901,0.0417,0.0671,0.3198,73.5,68.5,0.2318,0.20982,0.02198,-0.01972,-0.0,0.02198,0.2989,-0.06801,-0.08999
20260909_133503.csv,2026-09-09,urban,1.6,0.36456,0.36456,0.14129,0.44662,0.30533,0.1448,0.1296,0.0413,0.3196,66.0,62.0,0.2744,0.22327,0.05113,-0.07847,0.0,0.05113,0.3157,0.01037,-0.04076
20260909_140527.csv,2026-09-09,urban,0.4,0.0786,0.0786,0.03528,0.19604,0.16076,0.0264,0.0121,0.021,0.0643,61.0,51.5,0.0385,0.04332,-0.00482,-0.01692,0.0,-0.00482,0.0595,-0.10126,-0.09644
20260909_143711.csv,2026-09-09,urban,2.2,0.47802,0.47802,0.14318,0.47571,0.33253,0.2257,0.1425,0.0406,0.4167,50.5,52.5,0.3682,0.33484,0.03336,-0.10914,0.0,0.03336,0.4088,0.07627,0.0429
20260909_153731.csv,2026-09-09,urban,2.4,0.53315,0.53315,0.18121,0.60564,0.42443,0.2633,0.1163,0.1182,0.506,51.0,53.5,0.3796,0.35194,0.02766,-0.08864,0.0,0.02766,0.4978,0.07337,0.04571
20260909_154548.csv,2026-09-09,urban,2.5,0.76875,0.76875,0.27244,0.66996,0.39751,0.2669,0.3714,0.0579,0.7105,52.5,67.5,0.6383,0.49631,0.14199,-0.22941,-0.0,0.14199,0.6962,0.29869,0.15669
20260910_074344.csv,2026-09-10,urban,2.4,0.49272,0.49272,0.14544,0.44611,0.30067,0.2392,0.1645,0.0605,0.4719,66.0,71.0,0.4037,0.34727,0.05643,-0.10807,0.0,0.05643,0.4642,0.16353,0.1071
20260910_075908.csv,2026-09-10,urban,0.7,0.0668,0.0668,0.04363,0.20036,0.15673,0.0208,0.0,0.0192,0.0424,69.5,61.0,0.0208,0.02318,-0.00238,-0.00238,0.0,-0.00238,0.04,-0.11673,-0.11436
20260910_081613.csv,2026-09-10,urban,1.8,0.26978,0.26978,0.09518,0.35823,0.26305,0.091,0.1301,0.0455,0.2707,62.0,60.5,0.2211,0.1746,0.0465,-0.0836,0.0,0.0465,0.2666,0.00355,-0.04295
20260910_135648.csv,2026-09-10,urban,2.4,0.37015,0.37015,0.15479,0.55648,0.40169,0.0869,0.2242,0.0902,0.4265,56.5,54.5,0.3111,0.21535,0.09575,-0.12845,0.0,0.09575,0.4013,-0.00039,-0.09613
20260910_143202.csv,2026-09-10,urban,4.4,0.76339,0.76339,0.23423,1.00629,0.77206,0.3469,0.2589,0.2041,0.8408,53.0,49.5,0.6058,0.52916,0.07664,-0.18226,-0.0,0.07664,0.8099,0.03784,-0.0388
2026-09-11_07-42-27.csv,2026-09-11,urban,2.4,0.68632,0.68632,0.13248,0.37107,0.23859,0.4867,0.123,0.0771,0.6904,49.0,71.0,0.6097,0.55383,0.05587,-0.06713,0.0,0.05587,0.6868,0.44821,0.39234
2026-09-11_08-01-27.csv,2026-09-11,urban,2.5,0.25037,0.25037,0.09243,0.48522,0.39279,0.1542,0.0126,0.1405,0.3179,71.0,63.5,0.1668,0.15794,0.00886,-0.00374,0.0,0.00886,0.3073,-0.08549,-0.09435
2026-09-11_15-04-47.csv,2026-09-11,urban,1.7,0.32567,0.32567,0.07149,0.33756,0.26607,0.1749,0.1361,0.0208,0.3436,57.0,59.5,0.311,0.25418,0.05682,-0.07928,-0.0,0.05682,0.3318,0.06573,0.00891
2026-09-11_15-23-18.csv,2026-09-11,urban,2.2,0.33561,0.33561,0.08698,0.46361,0.37662,0.1785,0.1086,0.0812,0.3961,57.5,54.5,0.2871,0.24863,0.03847,-0.07013,-0.0,0.03847,0.3683,-0.00832,-0.04679
2026-09-11_19-24-41.csv,2026-09-11,urban,2.6,0.42,0.42,0.13922,0.53403,0.39481,0.2563,0.0866,0.0963,0.4608,53.0,54.0,0.3429,0.28079,0.06211,-0.02449,0.0,0.06211,0.4392,0.04439,-0.01772
2026-09-11_19-37-40.csv,2026-09-11,urban,3.2,0.66837,0.66837,0.16418,0.67928,0.5151,0.3434,0.2625,0.11,0.7312,53.0,59.5,0.6059,0.50419,0.10171,-0.16079,0.0,0.10171,0.7159,0.2008,0.09909
2026-09-11_21-57-07.csv,2026-09-11,urban,20.9,2.33602,2.33602,0.60005,2.7363,2.13625,1.4756,0.4118,0.4176,2.4661,58.5,60.5,1.8874,1.73597,0.15143,-0.26037,-0.0,0.15143,2.305,0.16875,0.01732
2026-09-12_13-25-13.csv,2026-09-12,urban,1.1,0.32709,0.32709,0.13345,0.30309,0.16964,0.0768,0.1605,0.0054,0.2451,59.5,61.5,0.2373,0.19364,0.04366,-0.11684,-0.0,0.04366,0.2427,0.07306,0.0294
2026-09-12_13-33-36.csv,2026-09-12,urban,3.9,0.44398,0.44398,0.12494,0.76508,0.64013,0.1925,0.2367,0.1429,0.5963,64.0,54.0,0.4292,0.31904,0.11016,-0.12654,0.0,0.11016,0.5721,-0.06803,-0.17819
2026-09-12_13-57-02.csv,2026-09-12,urban,1.7,0.33789,0.33789,0.09622,0.31666,0.22044,0.1747,0.1533,0.0906,0.4286,54.0,64.0,0.328,0.24167,0.08633,-0.06697,0.0,0.08633,0.4186,0.19816,0.11183
2026-09-12_14-15-41.csv,2026-09-12,urban,2.4,0.44778,0.44778,0.1077,0.41106,0.30336,0.2998,0.111,0.035,0.4559,63.5,68.5,0.4108,0.34008,0.07072,-0.04028,-0.0,0.07072,0.4458,0.14244,0.07172
2026-09-12_14-48-27.csv,2026-09-12,urban,2.0,0.28582,0.28582,0.10818,0.38909,0.2809,0.0911,0.2079,0.0479,0.3582,68.0,68.5,0.299,0.17764,0.12136,-0.08654,0.0,0.12136,0.3469,0.066,-0.05537
2026-09-12_15-01-43.csv,2026-09-12,urban,2.0,0.0,0.0,0.0,0.34912,0.34912,0.0,0.0,0.1147,0.1275,68.0,50.5,0.0,0.0,0.0,0.0,0.0,0.0,0.1147,-0.23442,-0.23442
2026-09-12_16-59-34.csv,2026-09-12,urban,17.5,2.42049,2.42049,1.15698,3.24782,2.09084,0.9826,0.4318,0.8929,2.4115,50.5,55.0,1.4144,1.26352,0.15088,-0.28092,0.0,0.15088,2.3073,0.21646,0.06558
2026-09-13_11-48-59.csv,2026-09-13,urban,2.2,0.55264,0.55264,0.26285,0.44842,0.18557,0.1717,0.2026,0.0615,0.4561,54.0,68.0,0.3743,0.28979,0.08451,-0.11809,0.0,0.08451,0.4358,0.25023,0.16572
2026-09-13_12-01-09.csv,2026-09-13,urban,0.7,0.227,0.227,0.09036,0.20762,0.11725,0.0957,0.0795,0.0207,0.1999,67.5,70.0,0.1752,0.13664,0.03856,-0.04094,0.0,0.03856,0.1959,0.07865,0.04008
2026-09-13_12-08-25.csv,2026-09-13,urban,0.6,0.0,0.0,0.0,0.10937,0.10937,0.0,0.0,0.0298,0.0368,69.5,65.0,0.0,0.0,0.0,0.0,0.0,0.0,0.0298,-0.07957,-0.07957
2026-09-13_12-22-44.csv,2026-09-13,urban,2.0,0.23825,0.23825,0.03898,0.34627,0.30729,0.1458,0.0835,0.0598,0.3042,64.5,61.0,0.2293,0.19927,0.03003,-0.05347,0.0,0.03003,0.2891,-0.01819,-0.04822
2026-09-13_13-01-46.csv,2026-09-13,mixed,33.0,4.90281,4.90281,2.89777,5.53664,2.63887,1.6982,0.4638,0.7716,3.1452,60.0,74.0,2.162,2.00504,0.15696,-0.30684,0.0,0.15696,2.9336,0.29473,0.13776
2026-09-13_13-46-17.csv,2026-09-13,mixed_highway,48.2,6.57095,6.57095,4.64939,7.90044,3.25105,1.7784,0.2452,0.9434,3.2434,73.0,55.5,2.0236,1.92156,0.10204,-0.14316,0.0,0.10204,2.967,-0.28405,-0.38609
2026-09-13_17-11-06.csv,2026-09-13,urban,6.8,1.08339,1.08339,0.34984,1.48851,1.13867,0.483,0.4833,0.3413,1.358,54.5,59.0,0.9663,0.73355,0.23275,-0.25055,0.0,0.23275,1.3076,0.16893,-0.06382
2026-09-13_19-00-19.csv,2026-09-13,urban,0.8,0.23674,0.23674,0.06075,0.19762,0.13687,0.1224,0.1012,0.0171,0.2408,56.5,61.5,0.2236,0.17599,0.04761,-0.05359,-0.0,0.04761,0.2407,0.10383,0.05622
2026-09-13_19-10-18.csv,2026-09-13,urban,6.2,1.15506,1.15506,0.41882,1.42512,1.0063,0.4674,0.4344,0.2214,1.1582,60.0,58.0,0.9018,0.73624,0.16556,-0.26884,-0.0,0.16556,1.1232,0.1169,-0.04866
2026-09-13_19-45-44.csv,2026-09-13,mixed_highway,46.8,7.19395,7.19395,5.27914,8.08338,2.80424,1.6482,0.3621,1.1586,3.3464,57.5,70.0,2.0103,1.9148,0.0955,-0.2666,0.0,0.0955,3.1689,0.36466,0.26916
2026-09-13_20-30-29.csv,2026-09-13,mixed,33.0,4.44474,4.44474,3.02701,5.72,2.69299,1.1593,0.5082,0.8565,2.7321,69.0,57.0,1.6675,1.41773,0.24977,-0.25843,0.0,0.24977,2.524,-0.16899,-0.41876
2026-09-14_07-36-58.csv,2026-09-14,urban,2.4,0.7358,0.7358,0.23228,0.45476,0.22248,0.3373,0.2752,0.0414,0.6593,55.5,75.0,0.6125,0.50352,0.10898,-0.16622,0.0,0.10898,0.6539,0.43142,0.32244
2026-09-14_07-50-59.csv,2026-09-14,urban,2.5,0.33996,0.33996,0.10912,0.53268,0.42356,0.1944,0.0243,0.1345,0.3644,74.0,68.5,0.2187,0.23084,-0.01214,-0.03644,-0.0,-0.01214,0.3532,-0.07036,-0.05822
2026-09-14_16-56-10.csv,2026-09-14,urban,2.4,0.3093,0.3093,0.11948,0.51953,0.40005,0.0971,0.1287,0.0632,0.3025,67.5,60.5,0.2258,0.18982,0.03598,-0.09272,-0.0,0.03598,0.289,-0.11105,-0.14703
2026-09-14_17-08-07.csv,2026-09-14,urban,3.8,0.7844,0.7844,0.28058,0.87424,0.59366,0.3374,0.2982,0.1727,0.8336,59.5,63.0,0.6356,0.50382,0.13178,-0.16642,-0.0,0.13178,0.8083,0.21464,0.08285
2026-09-14_18-09-48.csv,2026-09-14,urban,3.5,0.38827,0.38827,0.09048,0.7183,0.62782,0.197,0.1581,0.1902,0.5709,77.0,69.0,0.3551,0.29779,0.05731,-0.10079,0.0,0.05731,0.5453,-0.08252,-0.13983
2026-09-14_18-49-32.csv,2026-09-14,urban,3.6,0.44107,0.44107,0.17966,0.79355,0.6139,0.2087,0.0939,0.2117,0.5393,68.0,59.5,0.3026,0.26141,0.04119,-0.05271,0.0,0.04119,0.5143,-0.0996,-0.14078
2026-09-15_07-49-33.csv,2026-09-15,urban,2.3,0.80194,0.80194,0.22918,0.43909,0.20991,0.4474,0.1943,0.0122,0.6559,58.5,80.0,0.6417,0.57276,0.06894,-0.12536,-0.0,0.06894,0.6539,0.44399,0.37505
2026-09-15_08-06-11.csv,2026-09-15,urban,4.2,0.64729,0.64729,0.22629,0.87749,0.65121,0.2776,0.15,0.085,0.5439,79.0,69.0,0.4276,0.421,0.0066,-0.1434,0.0,0.0066,0.5126,-0.13861,-0.1452
2026-09-15_14-44-40.csv,2026-09-15,urban,2.1,0.2923,0.2923,0.16229,0.49932,0.33703,0.0773,0.1038,0.0806,0.2777,67.5,60.5,0.1811,0.13001,0.05109,-0.05271,-0.0,0.05109,0.2617,-0.07533,-0.12642
2026-09-16_07-35-39.csv,2026-09-16,urban,2.4,0.99809,0.99809,0.28091,0.46467,0.18376,0.6161,0.1305,0.0309,0.7792,49.0,79.5,0.7466,0.71719,0.02941,-0.10109,0.0,0.02941,0.7775,0.59374,0.56432
2026-09-16_07-49-37.csv,2026-09-16,urban,2.6,0.36277,0.36277,0.12436,0.51439,0.39003,0.1556,0.1284,0.0656,0.3704,79.0,72.0,0.284,0.23842,0.04558,-0.08282,-0.0,0.04558,0.3496,-0.04043,-0.08601
2026-09-16_13-54-36.csv,2026-09-16,urban,0.6,0.0,0.0,0.0,0.15698,0.15698,0.0,0.0,0.0156,0.0173,71.5,63.5,0.0,0.0,0.0,0.0,0.0,0.0,0.0156,-0.14138,-0.14138
2026-09-16_14-01-15.csv,2026-09-16,urban,2.1,0.29737,0.29737,0.09081,0.44986,0.35905,0.1394,0.0666,0.098,0.3182,62.5,57.0,0.206,0.20657,-0.00057,-0.06717,-0.0,-0.00057,0.304,-0.05505,-0.05448
2026-09-16_14-40-56.csv,2026-09-16,urban,2.8,0.39586,0.39586,0.15095,0.57607,0.42512,0.1956,0.0945,0.0916,0.3967,56.0,49.0,0.2901,0.24491,0.04519,-0.04931,-0.0,0.04519,0.3817,-0.04342,-0.08861
2026-09-16_18-07-46.csv,2026-09-16,urban,1.0,0.17943,0.17943,0.02129,0.1858,0.16451,0.11,0.0708,0.0046,0.1884,60.0,60.0,0.1808,0.15813,0.02267,-0.04813,0.0,0.02267,0.1854,0.02089,-0.00177
2026-09-16_18-17-21.csv,2026-09-16,urban,1.5,0.23001,0.23001,0.03582,0.27623,0.24041,0.0864,0.1515,0.021,0.2664,57.5,57.0,0.2379,0.19419,0.04371,-0.10779,-0.0,0.04371,0.2589,0.01849,-0.02522
2026-09-16_19-00-34.csv,2026-09-16,urban,6.8,0.95848,0.95848,0.46254,1.21926,0.75672,0.3823,0.1847,0.2521,0.8709,56.0,53.5,0.567,0.49594,0.07106,-0.11364,0.0,0.07106,0.8191,0.06238,-0.00868
2026-09-16_19-29-42.csv,2026-09-16,urban,13.0,2.32281,2.32281,1.67921,3.02128,1.34207,0.4082,0.304,0.752,1.5842,53.0,55.0,0.7122,0.6436,0.0686,-0.2354,0.0,0.0686,1.4642,0.12213,0.05353
2026-09-17_07-42-09.csv,2026-09-17,urban,2.3,0.76843,0.76843,0.22228,0.39975,0.17748,0.4522,0.1661,0.0347,0.6624,53.0,76.5,0.6183,0.54616,0.07214,-0.09396,0.0,0.07214,0.653,0.47552,0.40338
2026-09-17_08-01-31.csv,2026-09-17,urban,0.7,0.0,0.0,0.0,0.14935,0.14935,0.0,0.0,0.0258,0.0311,75.0,68.0,0.0,0.0,0.0,0.0,0.0,0.0,0.0258,-0.12355,-0.12355
2026-09-17_08-17-51.csv,2026-09-17,urban,1.9,0.20866,0.20866,0.06909,0.39594,0.32684,0.1044,0.0344,0.0921,0.2427,67.5,59.5,0.1388,0.13957,-0.00077,-0.03517,0.0,-0.00077,0.2309,-0.09594,-0.09517
2026-09-17_18-42-24.csv,2026-09-17,urban,1.0,0.29349,0.29349,0.10193,0.23168,0.12975,0.1271,0.132,0.0202,0.2828,57.0,64.5,0.2591,0.19156,0.06754,-0.06446,0.0,0.06754,0.2793,0.14955,0.08201
2026-09-17_18-50-09.csv,2026-09-17,urban,0.9,0.0,0.0,0.0,0.15794,0.15794,0.0,0.0,0.0465,0.0518,63.0,54.5,0.0,0.0,0.0,0.0,0.0,0.0,0.0465,-0.11144,-0.11144
2026-09-17_19-54-00.csv,2026-09-17,urban,14.1,1.82668,1.82668,0.4415,2.27722,1.83572,1.0475,0.5694,0.2979,2.0087,54.0,46.0,1.6169,1.38518,0.23172,-0.33768,-0.0,0.23172,1.9148,0.07908,-0.15264
2026-09-18_07-43-41.csv,2026-09-18,urban,2.4,0.67627,0.67627,0.19227,0.38599,0.19372,0.3925,0.1447,0.0315,0.5894,47.0,68.5,0.5372,0.484,0.0532,-0.0915,-0.0,0.0532,0.5687,0.37498,0.32179
2026-09-18_08-01-32.csv,2026-09-18,urban,2.5,0.24999,0.24999,0.07427,0.38199,0.30772,0.1614,0.0014,0.0884,0.2716,69.0,63.5,0.1628,0.17572,-0.01292,-0.01432,0.0,-0.01292,0.2512,-0.05652,-0.0436
2026-09-19_09-36-29.csv,2026-09-19,urban,2.1,0.52774,0.52774,0.13979,0.47996,0.34017,0.2772,0.1434,0.0672,0.5055,48.0,55.0,0.4206,0.38795,0.03265,-0.11075,0.0,0.03265,0.4878,0.14763,0.11498
2026-09-19_12-04-29.csv,2026-09-19,urban,1.0,0.33308,0.33308,0.09283,0.1898,0.09697,0.1878,0.0864,0.031,0.3057,50.0,62.0,0.2742,0.24024,0.03396,-0.05244,-0.0,0.03396,0.3052,0.20823,0.17428
2026-09-19_12-17-53.csv,2026-09-19,urban,2.5,0.43168,0.43168,0.1189,0.45492,0.33602,0.222,0.1591,0.0567,0.45,61.0,64.5,0.3811,0.31278,0.06832,-0.09078,0.0,0.06832,0.4378,0.10178,0.03346
2026-09-19_12-56-56.csv,2026-09-19,mixed,6.0,1.13961,1.13961,0.95132,1.39118,0.43986,0.1452,0.1248,0.4026,0.698,63.0,73.0,0.27,0.18828,0.08172,-0.04308,0.0,0.08172,0.6726,0.23274,0.15103
2026-09-19_13-06-20.csv,2026-09-19,urban,3.6,0.39793,0.39793,0.15564,0.71388,0.55824,0.1359,0.1745,0.1479,0.4884,72.5,65.0,0.3104,0.24229,0.06811,-0.10639,0.0,0.06811,0.4583,-0.09994,-0.16805
2026-09-19_15-44-41.csv,2026-09-19,urban,4.7,0.89353,0.89353,0.27622,1.16085,0.88463,0.4119,0.3209,0.2347,0.9871,63.0,61.5,0.7328,0.61731,0.11549,-0.20541,-0.0,0.11549,0.9675,0.08287,-0.03262
2026-09-19_17-22-21.csv,2026-09-19,urban,1.5,0.21924,0.21924,0.05714,0.34853,0.29139,0.0977,0.1305,0.03,0.2637,60.0,52.0,0.2282,0.1621,0.0661,-0.0644,0.0,0.0661,0.2582,-0.03319,-0.09929
2026-09-19_17-42-40.csv,2026-09-19,urban,11.7,2.53293,2.53293,1.94185,3.33535,1.3935,0.3917,0.4041,0.8538,1.7048,50.5,62.0,0.7958,0.59108,0.20472,-0.19938,0.0,0.20472,1.6496,0.2561,0.05138
2026-09-20_06-44-20.csv,2026-09-20,urban,3.9,1.22078,1.22078,0.42732,0.95222,0.52489,0.5613,0.3066,0.0991,0.9712,61.0,74.5,0.8679,0.79346,0.07444,-0.23216,0.0,0.07444,0.967,0.44211,0.36767
2026-09-20_10-38-25.csv,2026-09-20,urban,1.8,0.28345,0.28345,0.133,0.48346,0.35046,0.0918,0.1124,0.0702,0.2773,73.5,68.0,0.2042,0.15045,0.05375,-0.05865,0.0,0.05375,0.2744,-0.07606,-0.12981
2026-09-20_11-23-27.csv,2026-09-20,urban,1.5,0.23935,0.23935,0.06882,0.35151,0.28269,0.102,0.1152,0.0358,0.265,66.5,64.0,0.2172,0.17053,0.04667,-0.06853,-0.0,0.04667,0.253,-0.02969,-0.07636
2026-09-20_18-02-44.csv,2026-09-20,urban,2.2,0.47895,0.47895,0.14494,0.46652,0.32158,0.2973,0.0751,0.1111,0.4916,54.0,62.5,0.3724,0.33401,0.03839,-0.03671,0.0,0.03839,0.4835,0.16192,0.12353
2026-09-20_19-27-18.csv,2026-09-20,urban,2.2,0.23858,0.23858,0.08236,0.404,0.32164,0.0712,0.1409,0.0246,0.2506,61.5,51.5,0.2121,0.15622,0.05588,-0.08502,-0.0,0.05588,0.2367,-0.08494,-0.14082
2026-09-20_20-25-25.csv,2026-09-20,urban,1.9,0.40073,0.40073,0.14638,0.39861,0.25222,0.144,0.1958,0.0664,0.4162,50.0,59.0,0.3398,0.25435,0.08545,-0.11035,0.0,0.08545,0.4062,0.15398,0.06852
2026-09-20_20-52-42.csv,2026-09-20,urban,0.4,0.0,0.0,0.0,0.09236,0.09236,0.0,0.0,0.0443,0.0449,57.5,53.5,0.0,0.0,0.0,0.0,0.0,0.0,0.0443,-0.04806,-0.04806
2026-09-20_20-59-21.csv,2026-09-20,urban,2.4,0.36249,0.36249,0.1266,0.44301,0.31641,0.1743,0.1039,0.0589,0.3484,52.5,49.5,0.2782,0.23588,0.04232,-0.06158,0.0,0.04232,0.3371,0.02069,-0.02163
2026-09-21_07-36-37.csv,2026-09-21,urban,2.3,0.65606,0.65606,0.13846,0.37237,0.2339,0.4826,0.0542,0.052,0.5951,48.5,68.0,0.5368,0.51759,0.01921,-0.03499,0.0,0.01921,0.5888,0.3549,0.33569
2026-09-21_07-50-20.csv,2026-09-21,urban,2.5,0.34423,0.34423,0.07947,0.58716,0.50769,0.2574,0.0133,0.1135,0.3991,67.0,56.0,0.2707,0.26475,0.00595,-0.00735,0.0,0.00595,0.3842,-0.12349,-0.12944
2026-09-21_12-02-22.csv,2026-09-21,urban,1.8,0.59832,0.59832,0.18099,0.48072,0.29972,0.3021,0.1848,0.0404,0.5368,56.0,67.5,0.4869,0.41732,0.06958,-0.11522,0.0,0.06958,0.5273,0.22758,0.158
2026-09-21_20-35-24.csv,2026-09-21,urban,2.6,0.61467,0.61467,0.1242,0.41799,0.29379,0.4325,0.1165,0.0751,0.6388,53.0,69.0,0.549,0.49047,0.05853,-0.05797,-0.0,0.05853,0.6241,0.33031,0.27178
2026-09-21_20-55-26.csv,2026-09-21,urban,11.3,1.14517,1.14517,0.56684,1.7915,1.22466,0.4661,0.2205,0.3996,1.1594,68.5,54.0,0.6866,0.57832,0.10828,-0.11222,-0.0,0.10828,1.0862,-0.13846,-0.24673
2026-09-22_07-45-42.csv,2026-09-22,urban,1.2,0.80197,0.80197,0.22738,0.32218,0.09479,0.5068,0.0943,0.0051,0.6089,49.5,77.0,0.6011,0.57458,0.02652,-0.06778,-0.0,0.02652,0.6062,0.51141,0.48489
2026-09-22_07-59-37.csv,2026-09-22,urban,1.3,0.22647,0.22647,0.04775,0.24767,0.19992,0.1446,0.0632,0.032,0.2433,77.0,75.0,0.2078,0.17872,0.02908,-0.03412,0.0,0.02908,0.2398,0.03988,0.0108
2026-09-22_11-55-57.csv,2026-09-22,urban,3.3,0.75722,0.75722,0.36131,0.75363,0.39232,0.2522,0.2326,0.057,0.5497,73.5,77.5,0.4848,0.39591,0.08889,-0.14371,0.0,0.08889,0.5418,0.14948,0.06059
2026-09-22_16-13-42.csv,2026-09-22,urban,1.3,0.0,0.0,0.0,0.29239,0.29239,0.0,0.0,0.07,0.082,77.0,64.0,0.0,0.0,0.0,0.0,0.0,0.0,0.07,-0.22239,-0.22239
2026-09-22_16-21-26.csv,2026-09-22,urban,1.2,0.0,0.0,0.0,0.23329,0.23329,0.0,0.0,0.0559,0.0665,63.5,51.0,0.0,0.0,0.0,0.0,0.0,0.0,0.0559,-0.17739,-0.17739
2026-09-22_21-59-14.csv,2026-09-22,urban,1.7,0.84911,0.84911,0.26015,0.36768,0.10754,0.4839,0.1558,0.0102,0.6517,50.5,79.5,0.6397,0.58896,0.05074,-0.10506,0.0,0.05074,0.6499,0.54236,0.49163
2026-09-22_22-14-10.csv,2026-09-22,urban,16.5,1.59378,1.59378,0.51898,2.40043,1.88145,0.9796,0.2286,0.4109,1.737,79.0,57.5,1.2082,1.07479,0.13341,-0.09519,-0.0,0.13341,1.6191,-0.26235,-0.39576
2026-09-23_07-39-38.csv,2026-09-23,urban,1.3,0.72273,0.72273,0.22242,0.35398,0.13157,0.4223,0.1513,0.0049,0.5786,56.0,75.5,0.5736,0.50032,0.07328,-0.07802,0.0,0.07328,0.5785,0.44693,0.37365
2026-09-23_07-51-39.csv,2026-09-23,urban,0.7,0.15792,0.15792,0.05209,0.17186,0.11976,0.0887,0.0252,0.0175,0.1329,75.0,73.5,0.1139,0.10583,0.00807,-0.01713,0.0,0.00807,0.1314,0.01164,0.00357
2026-09-23_08-11-14.csv,2026-09-23,urban,1.5,0.24465,0.24465,0.05291,0.2749,0.22199,0.1574,0.0715,0.0361,0.2776,77.5,78.5,0.2289,0.19175,0.03715,-0.03435,-0.0,0.03715,0.265,0.04301,0.00585
2026-09-23_18-33-22.csv,2026-09-23,urban,3.4,0.82395,0.82395,0.24662,0.72837,0.48175,0.457,0.2227,0.143,0.8515,63.0,77.0,0.6797,0.57733,0.10237,-0.12033,0.0,0.10237,0.8227,0.34095,0.23858
2026-09-24_20-27-48.csv,2026-09-24,urban,7.0,0.97196,0.97196,0.19872,1.03794,0.83923,0.6457,0.2154,0.1506,1.0563,65.0,68.0,0.8611,0.77324,0.08786,-0.12754,-0.0,0.08786,1.0117,0.17247,0.08461
2026-09-24_22-29-34.csv,2026-09-24,urban,6.7,0.75703,0.75703,0.22615,1.1525,0.92635,0.3904,0.2575,0.2758,0.9696,67.0,61.5,0.6479,0.53088,0.11702,-0.14048,0.0,0.11702,0.9237,-0.00265,-0.11967
2026-09-25_13-48-33.csv,2026-09-25,urban,0.7,0.68992,0.68992,0.15601,0.31403,0.15803,0.3605,0.1692,0.0055,0.5405,61.0,80.0,0.5297,0.53391,-0.00421,-0.17341,-0.0,-0.00421,0.5352,0.37717,0.38138
2026-09-25_14-09-21.csv,2026-09-25,urban,5.2,0.46662,0.46662,0.27687,1.02887,0.752,0.1701,0.138,0.1816,0.5231,79.0,60.5,0.3081,0.18974,0.11836,-0.01964,0.0,0.11836,0.4897,-0.2623,-0.38065
2026-09-25_14-30-29.csv,2026-09-25,urban,5.7,0.7826,0.7826,0.32315,0.98374,0.66059,0.4057,0.2086,0.1502,0.7999,60.0,57.5,0.6143,0.45945,0.15485,-0.05375,-0.0,0.15485,0.7645,0.10391,-0.05094
2026-09-25_19-55-15.csv,2026-09-25,urban,1.7,0.51782,0.51782,0.14329,0.39135,0.24806,0.3019,0.1234,0.0217,0.4529,56.5,66.5,0.4253,0.37453,0.05077,-0.07263,0.0,0.05077,0.447,0.19894,0.14818
2026-09-25_20-14-16.csv,2026-09-25,urban,1.7,0.28369,0.28369,0.03291,0.27236,0.23945,0.1996,0.0861,0.0497,0.3453,65.5,69.0,0.2857,0.25078,0.03492,-0.05118,0.0,0.03492,0.3354,0.09595,0.06103
2026-09-26_12-07-59.csv,2026-09-26,urban,3.3,0.53641,0.53641,0.09663,0.69165,0.59502,0.3426,0.1487,0.1275,0.6466,67.5,65.5,0.4913,0.43978,0.05152,-0.09718,-0.0,0.05152,0.6188,0.02378,-0.02774
2026-09-26_12-21-17.csv,2026-09-26,urban,2.4,0.38457,0.38457,0.12063,0.54742,0.42679,0.1869,0.1785,0.0846,0.4657,64.5,63.5,0.3654,0.26394,0.10146,-0.07704,-0.0,0.10146,0.45,0.02321,-0.07825
2026-09-26_13-05-40.csv,2026-09-26,urban,2.3,0.30377,0.30377,0.13506,0.54391,0.40885,0.0712,0.1885,0.1474,0.414,62.0,59.5,0.2597,0.1687,0.091,-0.0975,-0.0,0.091,0.4071,-0.00175,-0.09275
2026-09-26_13-47-37.csv,2026-09-26,urban,2.0,0.31459,0.31459,0.10681,0.43256,0.32575,0.1844,0.0551,0.0747,0.3232,59.0,56.5,0.2395,0.20778,0.03172,-0.02338,0.0,0.03172,0.3142,-0.01155,-0.04327
2026-09-26_14-06-50.csv,2026-09-26,urban,1.9,0.36118,0.36118,0.13768,0.3639,0.22623,0.1089,0.1991,0.0823,0.4054,56.0,64.0,0.308,0.22351,0.08449,-0.11461,0.0,0.08449,0.3903,0.16407,0.07958
2026-09-26_16-47-35.csv,2026-09-26,urban,30.2,4.51701,4.51701,2.99031,5.78868,2.79837,1.0911,0.7125,1.09,3.1863,62.0,63.5,1.8036,1.52671,0.27689,-0.43561,0.0,0.27689,2.8936,0.09523,-0.18167
2026-09-26_17-57-23.csv,2026-09-26,urban,2.3,0.44403,0.44403,0.15597,0.43427,0.2783,0.1859,0.1608,0.0949,0.4545,59.5,67.5,0.3467,0.28805,0.05865,-0.10215,0.0,0.05865,0.4416,0.1633,0.10466
2026-09-26_18-08-40.csv,2026-09-26,urban,2.3,0.37096,0.37096,0.09568,0.42986,0.33418,0.2069,0.1256,0.0817,0.4316,66.5,69.5,0.3325,0.27528,0.05722,-0.06838,0.0,0.05722,0.4142,0.08002,0.0228
2026-09-26_20-00-42.csv,2026-09-26,mixed,28.0,3.78712,3.78712,2.28027,4.70635,2.42608,1.2884,0.2876,0.5637,2.4005,68.0,58.5,1.576,1.50686,0.06914,-0.21846,-0.0,0.06914,2.1397,-0.28638,-0.35552
2026-09-27_13-43-58.csv,2026-09-27,urban,1.2,0.44403,0.44403,0.18187,0.40044,0.21857,0.1692,0.1518,0.0299,0.3544,56.0,61.5,0.321,0.26216,0.05884,-0.09296,0.0,0.05884,0.3509,0.13233,0.07349
2026-09-27_13-54-46.csv,2026-09-27,urban,2.3,0.3261,0.3261,0.10015,0.45972,0.35957,0.1629,0.1523,0.0842,0.421,60.5,60.5,0.3152,0.22594,0.08926,-0.06304,0.0,0.08926,0.3994,0.03983,-0.04943
2026-09-27_14-12-39.csv,2026-09-27,urban,1.1,0.22777,0.22777,0.06278,0.32898,0.2662,0.1173,0.1092,0.034,0.2662,59.0,55.0,0.2265,0.16499,0.06151,-0.04769,0.0,0.06151,0.2605,-0.0057,-0.06721
2026-09-27_14-54-46.csv,2026-09-27,urban,1.9,0.40233,0.40233,0.12742,0.40122,0.2738,0.1521,0.1975,0.066,0.4219,54.5,60.5,0.3496,0.27491,0.07469,-0.12281,0.0,0.07469,0.4156,0.1418,0.06711
2026-09-27_15-12-43.csv,2026-09-27,urban,10.6,1.81423,1.81423,1.20255,2.21149,1.00895,0.3919,0.3732,0.5187,1.3547,59.0,68.0,0.7651,0.61168,0.15342,-0.21978,0.0,0.15342,1.2838,0.27485,0.12143
2026-09-27_16-50-42.csv,2026-09-27,urban,2.9,0.54427,0.54427,0.21388,0.64597,0.43209,0.1925,0.2716,0.0757,0.5521,61.5,66.5,0.4641,0.33039,0.13371,-0.13789,-0.0,0.13371,0.5398,0.10771,-0.026
2026-09-27_17-01-21.csv,2026-09-27,urban,1.9,0.38142,0.38142,0.15739,0.47255,0.31516,0.0775,0.2452,0.0854,0.4139,66.0,69.5,0.3227,0.22403,0.09867,-0.14653,0.0,0.09867,0.4081,0.09294,-0.00574
2026-09-27_17-15-25.csv,2026-09-27,urban,1.7,0.0,0.0,0.0,0.32262,0.32262,0.0,0.0,0.1161,0.1381,68.5,55.5,0.0,0.0,0.0,0.0,0.0,0.0,0.1161,-0.20652,-0.20652
2026-09-27_17-34-35.csv,2026-09-27,urban,2.2,0.56425,0.56425,0.23875,0.61836,0.37961,0.1764,0.2314,0.076,0.5056,54.0,52.5,0.4078,0.3255,0.0823,-0.1491,0.0,0.0823,0.4838,0.10419,0.02189
2026-09-27_17-49-23.csv,2026-09-27,urban,1.2,0.36895,0.36895,0.17476,0.40463,0.22986,0.0963,0.1901,0.032,0.3299,52.0,54.5,0.2864,0.19419,0.09221,-0.09789,0.0,0.09221,0.3184,0.08854,-0.00367
2026-09-27_19-57-33.csv,2026-09-27,urban,5.4,0.95314,0.95314,0.37597,1.18221,0.80624,0.4069,0.3389,0.2344,1.0161,53.5,61.5,0.7458,0.57718,0.16862,-0.17028,0.0,0.16862,0.9802,0.17396,0.00533
2026-09-27_22-04-51.csv,2026-09-27,urban,3.5,0.49719,0.49719,0.15158,0.65982,0.50824,0.1778,0.2796,0.101,0.5812,58.0,60.5,0.4574,0.34561,0.11179,-0.16781,0.0,0.11179,0.5584,0.05016,-0.06163
2026-09-28_21-24-27.csv,2026-09-28,urban,18.9,2.56545,2.56545,1.19511,3.53824,2.34313,0.9794,0.7149,0.7513,2.5739,60.0,57.5,1.6943,1.37034,0.32396,-0.39094,0.0,0.32396,2.4456,0.10247,-0.22149
2026-09-29_10-00-34.csv,2026-09-29,urban,1.3,0.47562,0.47562,0.19903,0.40206,0.20303,0.14,0.1997,0.0375,0.3825,56.5,63.5,0.3397,0.27659,0.06311,-0.13659,0.0,0.06311,0.3772,0.17417,0.11106
2026-09-29_10-13-01.csv,2026-09-29,urban,1.8,0.27564,0.27564,0.05934,0.38064,0.3213,0.1217,0.1486,0.0863,0.3702,64.0,62.5,0.2703,0.2163,0.054,-0.0946,0.0,0.054,0.3566,0.0353,-0.0187
2026-09-29_10-21-46.csv,2026-09-29,urban,0.4,0.0,0.0,0.0,0.08371,0.08371,0.0,0.0,0.034,0.0372,64.0,59.5,0.0,0.0,0.0,0.0,0.0,0.0,0.034,-0.04971,-0.04971
2026-09-29_20-39-13.csv,2026-09-29,urban,2.4,0.49419,0.49419,0.17167,0.54032,0.36865,0.1901,0.2559,0.0729,0.5278,53.0,59.0,0.446,0.32253,0.12347,-0.13243,-0.0,0.12347,0.5189,0.15025,0.02677
2026-09-29_22-10-11.csv,2026-09-29,urban,2.5,0.41763,0.41763,0.12007,0.48518,0.3651,0.1715,0.2155,0.0692,0.4692,57.0,61.0,0.387,0.29756,0.08944,-0.12606,0.0,0.08944,0.4562,0.0911,0.00165
2026-09-29_22-22-40.csv,2026-09-29,urban,1.7,0.23824,0.23824,0.02817,0.25034,0.22216,0.1467,0.1281,0.0461,0.3295,60.0,64.0,0.2748,0.21007,0.06473,-0.06337,0.0,0.06473,0.3209,0.09874,0.03401
2026-09-30_08-08-32.csv,2026-09-30,urban,1.2,0.5317,0.5317,0.18148,0.36259,0.18111,0.2212,0.1564,0.0105,0.3897,60.5,64.5,0.3776,0.35023,0.02737,-0.12903,0.0,0.02737,0.3881,0.20699,0.17962
2026-09-30_08-21-17.csv,2026-09-30,urban,1.3,0.09017,0.09017,0.05321,0.29581,0.2426,0.0298,0.0057,0.0379,0.0888,69.5,57.5,0.0355,0.03696,-0.00146,-0.00716,0.0,-0.00146,0.0734,-0.1692,-0.16774
2026-09-30_10-39-05.csv,2026-09-30,urban,1.3,0.3238,0.3238,0.11632,0.32112,0.2048,0.1344,0.1039,0.0161,0.258,58.0,58.5,0.2383,0.20748,0.03082,-0.07308,0.0,0.03082,0.2544,0.0496,0.01878
2026-09-30_10-51-47.csv,2026-09-30,urban,1.3,0.25416,0.25416,0.05324,0.26457,0.21133,0.1173,0.1318,0.0408,0.2955,58.5,60.5,0.2491,0.20092,0.04818,-0.08362,0.0,0.04818,0.2899,0.07857,0.0304
2026-09-30_20-12-47.csv,2026-09-30,urban,1.8,0.38649,0.38649,0.08887,0.42504,0.33617,0.1855,0.1548,0.0404,0.3906,59.5,59.5,0.3403,0.29762,0.04268,-0.11212,0.0,0.04268,0.3807,0.04453,0.00185
2026-09-30_20-39-00.csv,2026-09-30,urban,11.8,1.60669,1.60669,0.75929,1.98932,1.23003,0.7601,0.1372,0.4894,1.4781,58.0,60.0,0.8973,0.8474,0.0499,-0.0873,0.0,0.0499,1.3867,0.15667,0.10677
2026-10-01_07-38-47.csv,2026-10-01,urban,1.2,0.5635,0.5635,0.1807,0.32749,0.1468,0.2556,0.1562,0.0001,0.4123,56.0,68.0,0.4118,0.3828,0.029,-0.1272,0.0,0.029,0.4119,0.2651,0.2361
2026-10-01_07-57-02.csv,2026-10-01,urban,0.7,0.06389,0.06389,0.04069,0.23054,0.18985,0.0202,0.0003,0.0182,0.0432,68.5,57.5,0.0205,0.0232,-0.0027,-0.003,0.0,-0.0027,0.0387,-0.15115,-0.14845
2026-10-01_08-14-08.csv,2026-10-01,urban,1.5,0.65406,0.65406,0.13656,0.26788,0.13132,0.4428,0.17,0.018,0.6328,57.0,82.5,0.6128,0.5175,0.0953,-0.0747,0.0,0.0953,0.6308,0.49948,0.40418
2026-10-01_16-45-44.csv,2026-10-01,urban,1.3,0.0,0.0,0.0,0.31568,0.31568,0.0,0.0,0.0896,0.0953,69.0,53.5,0.0,0.0,0.0,0.0,0.0,0.0,0.0896,-0.22608,-0.22608
2026-10-01_16-57-31.csv,2026-10-01,urban,1.4,0.3723,0.3723,0.10671,0.35417,0.24746,0.169,0.122,0.0655,0.3607,53.5,57.0,0.291,0.2656,0.0254,-0.0966,-0.0,0.0254,0.3565,0.10904,0.08363
2026-10-01_17-40-07.csv,2026-10-01,urban,1.3,0.2404,0.2404,0.06543,0.24755,0.18212,0.0954,0.1317,0.0894,0.3206,56.0,62.5,0.2271,0.17496,0.05214,-0.07956,0.0,0.05214,0.3165,0.13438,0.08224
2026-10-01_18-19-32.csv,2026-10-01,urban,5.9,0.93942,0.93942,0.312,1.39975,1.08775,0.3607,0.4872,0.2816,1.1534,61.5,55.0,0.8479,0.62742,0.22048,-0.26672,-0.0,0.22048,1.1295,0.04175,-0.17873
2026-10-01_19-58-38.csv,2026-10-01,urban,17.4,2.74377,2.74377,1.61269,3.71762,2.10492,0.8202,0.5209,1.1293,2.5287,53.5,64.0,1.3411,1.13107,0.21003,-0.31087,0.0,0.21003,2.4704,0.36548,0.15545
2026-10-02_07-50-49.csv,2026-10-02,urban,1.2,0.44996,0.44996,0.14643,0.37709,0.23067,0.2474,0.0473,0.0128,0.308,62.5,61.0,0.2947,0.30354,-0.00884,-0.05614,0.0,-0.00884,0.3075,0.07683,0.08567
2026-10-02_08-04-04.csv,2026-10-02,urban,1.3,0.37602,0.37602,0.06364,0.26752,0.20388,0.2739,0.0342,0.044,0.3538,64.0,67.5,0.3081,0.31238,-0.00428,-0.03848,-0.0,-0.00428,0.3521,0.14822,0.1525
2026-10-02_19-04-06.csv,2026-10-02,urban,3.8,0.56716,0.56716,0.15844,0.72433,0.56588,0.2668,0.2451,0.1715,0.6964,60.0,59.0,0.5119,0.40872,0.10318,-0.14192,0.0,0.10318,0.6834,0.11752,0.01434
2026-10-02_19-35-32.csv,2026-10-02,urban,0.3,0.0,0.0,0.0,0.04042,0.04042,0.0,0.0,0.0073,0.0076,58.5,55.0,0.0,0.0,0.0,0.0,0.0,0.0,0.0073,-0.03312,-0.03312
2026-10-02_21-02-25.csv,2026-10-02,urban,2.3,0.55056,0.55056,0.22764,0.56517,0.33753,0.1783,0.2528,0.1082,0.5429,54.5,64.0,0.4311,0.32291,0.10819,-0.14461,-0.0,0.10819,0.5393,0.20177,0.09359
2026-10-03_09-48-44.csv,2026-10-03,urban,2.0,0.72847,0.72847,0.20297,0.45406,0.25109,0.338,0.2539,0.0022,0.595,63.0,78.5,0.5919,0.5255,0.0664,-0.1875,0.0,0.0664,0.5941,0.34301,0.27661
2026-10-03_09-58-07.csv,2026-10-03,urban,0.3,0.0,0.0,0.0,0.07951,0.07951,0.0,0.0,0.0226,0.0237,78.0,73.5,0.0,0.0,0.0,0.0,0.0,0.0,0.0226,-0.05691,-0.05691
2026-10-03_10-03-24.csv,2026-10-03,urban,0.3,0.0,0.0,0.0,0.07324,0.07324,0.0,0.0,0.018,0.0189,73.0,69.5,0.0,0.0,0.0,0.0,0.0,0.0,0.018,-0.05524,-0.05524
2026-10-03_12-06-18.csv,2026-10-03,urban,1.9,0.0,0.0,0.0,0.35618,0.35618,0.0,0.0,0.1042,0.1122,69.0,51.0,0.0,0.0,0.0,0.0,0.0,0.0,0.1042,-0.25198,-0.25198
2026-10-03_14-33-03.csv,2026-10-03,urban,2.0,0.50231,0.50231,0.16312,0.39337,0.23024,0.2807,0.104,0.0704,0.461,50.5,62.5,0.3847,0.33918,0.04552,-0.05848,0.0,0.04552,0.4551,0.22486,0.17934
2026-10-03_15-01-24.csv,2026-10-03,urban,2.3,0.3865,0.3865,0.07485,0.36798,0.29313,0.2786,0.0787,0.0595,0.4219,61.5,65.0,0.3573,0.31165,0.04565,-0.03305,0.0,0.04565,0.4168,0.12367,0.07802
2026-10-03_16-02-23.csv,2026-10-03,urban,2.8,0.3208,0.3208,0.08122,0.50635,0.42513,0.2269,0.0366,0.1404,0.4159,57.0,52.0,0.2635,0.23957,0.02393,-0.01267,0.0,0.02393,0.4039,-0.02123,-0.04515
2026-10-03_16-19-05.csv,2026-10-03,urban,2.4,0.60474,0.60474,0.24202,0.54509,0.30307,0.2224,0.2677,0.0482,0.5409,51.0,63.5,0.4901,0.36272,0.12738,-0.14032,0.0,0.12738,0.5383,0.23523,0.10785
2026-10-03_16-39-03.csv,2026-10-03,urban,1.9,0.31981,0.31981,0.08962,0.36494,0.27532,0.1547,0.1331,0.0372,0.3266,62.0,62.5,0.2878,0.23019,0.05761,-0.07549,0.0,0.05761,0.325,0.04968,-0.00793
2026-10-03_17-05-43.csv,2026-10-03,urban,4.9,0.78863,0.78863,0.36591,0.90858,0.54267,0.2998,0.2283,0.1804,0.7145,60.0,64.0,0.5281,0.42272,0.10538,-0.12292,0.0,0.10538,0.7085,0.16583,0.06045
2026-10-03_17-27-25.csv,2026-10-03,urban,0.8,0.0,0.0,0.0,0.16906,0.16906,0.0,0.0,0.0033,0.004,63.0,48.5,0.0,0.0,0.0,0.0,0.0,0.0,0.0033,-0.16576,-0.16576
2026-10-03_18-32-35.csv,2026-10-03,mixed,9.8,1.91621,1.91621,1.58745,2.32474,0.73729,0.274,0.0893,0.6279,1.0127,47.0,60.5,0.3633,0.32875,0.03455,-0.05475,-0.0,0.03455,0.9912,0.25391,0.21937
2026-10-03_18-52-09.csv,2026-10-03,urban,3.6,0.49485,0.49485,0.14799,0.74856,0.60057,0.1749,0.3038,0.1814,0.6713,60.0,57.0,0.4787,0.34686,0.13184,-0.17196,0.0,0.13184,0.6601,0.05953,-0.07231
2026-10-04_11-38-19.csv,2026-10-04,urban,3.0,0.68529,0.68529,0.21304,0.71403,0.50099,0.2835,0.2889,0.1271,0.7058,55.0,62.5,0.5724,0.47225,0.10015,-0.18875,-0.0,0.10015,0.6995,0.19851,0.09837
2026-10-04_12-02-58.csv,2026-10-04,urban,1.4,0.23287,0.23287,0.08909,0.32011,0.23102,0.0667,0.1278,0.0564,0.2537,60.5,60.0,0.1945,0.14378,0.05072,-0.07708,0.0,0.05072,0.2509,0.01988,-0.03084
2026-10-04_12-13-56.csv,2026-10-04,urban,0.7,0.0,0.0,0.0,0.1373,0.1373,0.0,0.0,0.0183,0.021,59.0,48.5,0.0,0.0,0.0,0.0,0.0,0.0,0.0183,-0.119,-0.119
2026-10-04_12-52-59.csv,2026-10-04,urban,1.1,0.39575,0.39575,0.12223,0.18197,0.05974,0.2038,0.1287,0.0124,0.345,48.0,65.0,0.3325,0.27353,0.05897,-0.06973,0.0,0.05897,0.3449,0.28516,0.22619
2026-10-04_13-05-56.csv,2026-10-04,urban,2.0,0.36591,0.36591,0.10144,0.45905,0.35761,0.135,0.2704,0.0626,0.4707,63.5,66.5,0.4054,0.26447,0.14093,-0.12947,-0.0,0.14093,0.468,0.11039,-0.03054
2026-10-04_14-38-51.csv,2026-10-04,urban,1.1,0.0,0.0,0.0,0.16697,0.16697,0.0,0.0,0.0486,0.0537,64.5,55.5,0.0,0.0,0.0,0.0,0.0,0.0,0.0486,-0.11837,-0.11837
2026-10-04_14-52-00.csv,2026-10-04,urban,2.3,0.60718,0.60718,0.24479,0.5805,0.33571,0.1656,0.3619,0.0309,0.5628,53.5,64.0,0.5275,0.36239,0.16511,-0.19679,0.0,0.16511,0.5584,0.22269,0.05759
2026-10-05_07-41-08.csv,2026-10-05,urban,2.4,0.90061,0.90061,0.33384,0.59515,0.26131,0.3285,0.3352,0.0114,0.6768,61.5,80.0,0.6637,0.56677,0.09693,-0.23827,0.0,0.09693,0.6751,0.41379,0.31687
2026-10-05_07-55-02.csv,2026-10-05,urban,2.5,0.31953,0.31953,0.08729,0.53497,0.44768,0.1943,0.0473,0.1054,0.3519,79.0,70.0,0.2416,0.23224,0.00936,-0.03794,0.0,0.00936,0.347,-0.10068,-0.11004
2026-10-05_11-23-02.csv,2026-10-05,urban,2.4,0.2874,0.2874,0.08943,0.48974,0.40031,0.143,0.093,0.139,0.3781,69.0,65.0,0.236,0.19797,0.03803,-0.05497,0.0,0.03803,0.375,-0.02531,-0.06333
2026-10-05_11-38-00.csv,2026-10-05,urban,2.4,0.37934,0.37934,0.1502,0.55081,0.4006,0.1101,0.2432,0.0654,0.4282,64.5,62.0,0.3533,0.22913,0.12417,-0.11903,0.0,0.12417,0.4187,0.0181,-0.10607
2026-10-06_07-41-04.csv,2026-10-06,urban,2.4,0.90414,0.90414,0.29577,0.47241,0.17664,0.4814,0.2103,0.0305,0.7235,51.5,79.5,0.6917,0.60837,0.08333,-0.12697,-0.0,0.08333,0.7222,0.54556,0.46223
2026-10-06_07-58-35.csv,2026-10-06,urban,0.6,0.0,0.0,0.0,0.17589,0.17589,0.0,0.0,0.0188,0.0195,78.5,68.5,0.0,0.0,0.0,0.0,0.0,0.0,0.0188,-0.15709,-0.15709
2026-10-06_08-14-57.csv,2026-10-06,urban,1.9,0.26121,0.26121,0.06271,0.35035,0.28764,0.1379,0.0524,0.0695,0.2685,68.0,64.5,0.1903,0.1985,-0.0082,-0.0606,0.0,-0.0082,0.2598,-0.02784,-0.01964
2026-10-06_19-50-08.csv,2026-10-06,urban,2.2,0.27168,0.27168,0.06153,0.35777,0.29624,0.1417,0.1059,0.0614,0.3138,65.5,63.5,0.2476,0.21015,0.03745,-0.06845,0.0,0.03745,0.309,0.01276,-0.02469
2026-10-06_20-13-30.csv,2026-10-06,urban,4.4,0.47517,0.47517,0.13587,0.85794,0.72207,0.1972,0.2547,0.2003,0.6633,62.5,51.5,0.4519,0.3393,0.1126,-0.1421,0.0,0.1126,0.6522,-0.06987,-0.18246
2026-10-06_20-38-00.csv,2026-10-06,urban,16.9,2.08964,2.08964,0.73834,2.68194,1.9436,1.1311,0.3829,0.4664,2.0625,59.5,50.5,1.514,1.3513,0.1627,-0.2202,-0.0,0.1627,1.9804,0.0368,-0.1259
2026-10-07_07-41-59.csv,2026-10-07,urban,2.3,0.94982,0.94982,0.23769,0.41145,0.17376,0.5948,0.1946,0.0143,0.8074,44.0,79.5,0.7894,0.71213,0.07727,-0.11733,0.0,0.07727,0.8037,0.62994,0.55267
2026-10-07_07-57-02.csv,2026-10-07,urban,0.7,0.0,0.0,0.0,0.18391,0.18391,0.0,0.0,0.0309,0.0318,79.0,69.0,0.0,0.0,0.0,0.0,0.0,0.0,0.0309,-0.15301,-0.15301
2026-10-07_08-16-33.csv,2026-10-07,urban,4.1,0.70232,0.70232,0.14361,0.74925,0.60564,0.484,0.0923,0.1271,0.72,68.5,70.0,0.5763,0.55871,0.01759,-0.07471,0.0,0.01759,0.7034,0.09776,0.08017
2026-10-07_18-52-44.csv,2026-10-07,urban,3.4,0.36549,0.36549,0.09988,0.67205,0.57218,0.1548,0.1982,0.1238,0.4863,61.5,49.0,0.353,0.26562,0.08738,-0.11082,-0.0,0.08738,0.4768,-0.09538,-0.18276
2026-10-07_22-13-43.csv,2026-10-07,urban,3.0,0.54029,0.54029,0.12975,0.53195,0.40221,0.3263,0.1447,0.1183,0.5972,46.0,58.0,0.471,0.41054,0.06046,-0.08424,0.0,0.06046,0.5893,0.18709,0.12664
2026-10-08_07-35-40.csv,2026-10-08,urban,2.4,0.93873,0.93873,0.35317,0.52859,0.17542,0.3883,0.2965,0.0018,0.6866,53.5,79.5,0.6848,0.58557,0.09923,-0.19727,-0.0,0.09923,0.6866,0.51118,0.41194
2026-10-08_07-54-51.csv,2026-10-08,urban,2.5,0.48501,0.48501,0.10851,0.56094,0.45243,0.3658,0.0157,0.1185,0.5121,78.5,77.5,0.3815,0.37651,0.00499,-0.01071,0.0,0.00499,0.5,0.04757,0.04258
2026-10-08_08-34-36.csv,2026-10-08,mixed,22.6,2.8315,2.8315,1.49446,3.98765,2.4932,1.0501,0.4452,0.9021,2.498,76.5,61.0,1.4953,1.33704,0.15826,-0.28694,0.0,0.15826,2.3974,-0.0958,-0.25406
2026-10-08_10-14-58.csv,2026-10-08,urban,24.6,3.29203,3.29203,1.81429,4.27678,2.46248,1.1545,0.559,0.7213,2.646,60.0,55.0,1.7135,1.47774,0.23576,-0.32324,-0.0,0.23576,2.4348,-0.02768,-0.26345
2026-10-08_10-55-20.csv,2026-10-08,urban,2.4,0.53613,0.53613,0.16605,0.51713,0.35108,0.2043,0.2961,0.0894,0.6031,54.0,65.5,0.5004,0.37008,0.13032,-0.16578,0.0,0.13032,0.5898,0.23872,0.1084
2026-10-08_11-57-02.csv,2026-10-08,urban,2.4,0.33185,0.33185,0.13189,0.60066,0.46877,0.0416,0.2918,0.0732,0.4168,64.0,57.5,0.3334,0.19996,0.13344,-0.15836,0.0,0.13344,0.4066,-0.06217,-0.19561
2026-10-08_12-06-51.csv,2026-10-08,urban,2.4,0.58369,0.58369,0.20217,0.61968,0.4175,0.2053,0.2817,0.0928,0.5905,57.0,64.0,0.487,0.38152,0.10548,-0.17622,0.0,0.10548,0.5798,0.1623,0.05682
2026-10-08_12-43-34.csv,2026-10-08,urban,2.3,0.40949,0.40949,0.14118,0.5062,0.36502,0.1352,0.2086,0.1009,0.4714,61.0,64.5,0.3438,0.26831,0.07549,-0.13311,0.0,0.07549,0.4447,0.07968,0.00418
2026-10-08_12-54-39.csv,2026-10-08,urban,2.4,0.46945,0.46945,0.17337,0.64236,0.469,0.1577,0.2063,0.1584,0.5334,63.5,64.0,0.364,0.29609,0.06791,-0.13839,0.0,0.06791,0.5224,0.0534,-0.01451
2026-10-08_15-35-05.csv,2026-10-08,urban,2.1,0.339,0.339,0.094,0.42667,0.33267,0.2099,0.0673,0.0639,0.3539,67.0,67.5,0.2772,0.245,0.0322,-0.0351,0.0,0.0322,0.3411,0.00843,-0.02377
2026-10-08_15-45-19.csv,2026-10-08,urban,1.8,0.29209,0.29209,0.04645,0.33729,0.29084,0.1942,0.0878,0.0387,0.3293,66.5,67.0,0.282,0.24563,0.03637,-0.05143,0.0,0.03637,0.3207,0.02986,-0.0065
2026-10-08_19-58-51.csv,2026-10-08,urban,10.0,1.23188,1.23188,0.62315,1.61205,0.9889,0.5538,0.1112,0.2759,1.0628,65.5,58.5,0.665,0.60872,0.05628,-0.05492,0.0,0.05628,0.9409,-0.048,-0.10428
2026-10-08_20-28-00.csv,2026-10-08,urban,2.6,0.36375,0.36375,0.07337,0.43416,0.36079,0.1971,0.1482,0.0662,0.4237,57.5,58.0,0.3453,0.29038,0.05492,-0.09328,0.0,0.05492,0.4115,0.05071,-0.00421
2026-10-08_21-05-51.csv,2026-10-08,urban,2.3,0.35211,0.35211,0.08314,0.3869,0.30376,0.2116,0.0744,0.0831,0.384,57.0,59.0,0.286,0.26898,0.01702,-0.05738,-0.0,0.01702,0.3691,0.06534,0.04831
2026-10-08_21-24-03.csv,2026-10-08,urban,2.4,0.33802,0.33802,0.1134,0.46977,0.35637,0.1953,0.0481,0.0809,0.3444,58.0,53.0,0.2434,0.22463,0.01877,-0.02933,-0.0,0.01877,0.3243,-0.03207,-0.05084
