file,pack_min,pack_min_sensor,intake_min
20260511_185709.csv,31.0,3.0,27.0
20260512_111617.csv,,,
20260512_195020.csv,,,
20260512_215542.csv,,,
20260513_180335.csv,,,
20260513_182950.csv,21.0,1.0,
20260513_224232.csv,,,
20260514_080426.csv,12.0,3.0,9.0
20260514_093059.csv,13.0,3.0,12.0
20260514_094436.csv,13.0,3.0,13.0
20260515_074031.csv,11.0,3.0,10.0
20260515_075207.csv,14.0,3.0,10.0
20260515_191551.csv,27.0,3.0,24.0
20260515_194744.csv,29.0,3.0,23.0
20260515_222240.csv,29.0,3.0,22.0
20260516_121520.csv,17.0,1.0,18.0
20260516_125903.csv,21.0,1.0,20.0
20260516_131423.csv,23.0,3.0,21.0
20260516_134339.csv,27.0,3.0,23.0
20260516_175004.csv,28.0,3.0,28.0
20260516_182041.csv,29.0,3.0,26.0
20260516_191121.csv,30.0,3.0,25.0
20260517_112115.csv,18.0,1.0,20.0
20260517_120100.csv,21.0,1.0,21.0
20260517_141712.csv,25.0,1.0,26.0
20260517_145435.csv,26.0,3.0,25.0
20260518_073827.csv,19.0,3.0,18.0
20260523_113305.csv,20.0,1.0,21.0
20260523_120859.csv,22.0,3.0,22.0
20260523_124943.csv,24.0,3.0,23.0
20260523_131019.csv,26.0,3.0,24.0
20260523_144629.csv,33.0,4.0,26.0
20260523_183218.csv,33.0,3.0,28.0
20260523_210427.csv,32.0,3.0,26.0
20260523_213300.csv,32.0,3.0,25.0
20260523_222103.csv,32.0,4.0,26.0
20260531_183645.csv,16.0,1.0,16.0
20260531_200637.csv,30.0,4.0,25.0
20260603_122008.csv,14.0,1.0,14.0
20260603_124919.csv,16.0,3.0,15.0
20260609_132041.csv,26.0,1.0,28.0
20260609_153039.csv,30.0,4.0,28.0
20260609_164033.csv,30.0,4.0,27.0
20260609_223056.csv,34.0,4.0,26.0
20260610_094100.csv,21.0,3.0,21.0
20260610_105454.csv,34.0,4.0,26.0
20260611_061120.csv,20.0,4.0,19.0
20260611_100510.csv,31.0,4.0,25.0
20260611_134347.csv,35.0,4.0,25.0
20260611_203850.csv,34.0,3.0,28.0
20260611_215131.csv,33.0,4.0,25.0
20260612_142400.csv,23.0,1.0,24.0
20260612_152740.csv,26.0,3.0,24.0
20260612_170759.csv,32.0,4.0,25.0
20260613_101500.csv,18.0,4.0,18.0
20260613_181221.csv,23.0,3.0,22.0
20260613_195920.csv,26.0,3.0,23.0
20260614_133431.csv,17.0,1.0,17.0
20260616_160533.csv,16.0,1.0,16.0
20260616_162643.csv,18.0,1.0,17.0
20260617_150930.csv,15.0,1.0,15.0
20260617_152114.csv,18.0,3.0,15.0
20260618_124611.csv,16.0,3.0,17.0
20260618_150516.csv,21.0,1.0,21.0
20260619_122407.csv,17.0,1.0,18.0
20260619_180138.csv,31.0,4.0,26.0
20260619_190927.csv,32.0,4.0,26.0
20260619_210959.csv,34.0,4.0,27.0
20260620_090055.csv,22.0,3.0,21.0
20260620_105353.csv,24.0,3.0,24.0
20260620_135838.csv,28.0,1.0,29.0
20260620_165602.csv,29.0,2.0,28.0
20260620_180817.csv,32.0,4.0,31.0
20260620_182933.csv,32.0,4.0,29.0
20260620_192922.csv,33.0,4.0,28.0
20260620_220001.csv,33.0,3.0,27.0
20260621_124457.csv,20.0,1.0,20.0
20260621_145249.csv,23.0,1.0,25.0
20260621_164617.csv,26.0,2.0,27.0
20260621_212214.csv,37.0,4.0,30.0
20260621_213241.csv,37.0,4.0,28.0
20260622_203803.csv,31.0,1.0,28.0
20260622_212051.csv,32.0,3.0,28.0
20260622_214145.csv,34.0,3.0,28.0
20260622_220001.csv,34.0,3.0,28.0
20260624_112335.csv,23.0,1.0,26.0
20260624_130757.csv,26.0,1.0,28.0
20260625_122850.csv,23.0,2.0,27.0
20260625_153901.csv,28.0,1.0,31.0
20260625_210502.csv,31.0,3.0,28.0
20260625_212737.csv,32.0,3.0,26.0
20260627_085219.csv,23.0,3.0,23.0
20260627_093529.csv,26.0,3.0,24.0
20260627_111449.csv,28.0,3.0,29.0
20260627_114435.csv,30.0,3.0,25.0
20260627_144929.csv,32.0,4.0,30.0
20260627_154430.csv,32.0,4.0,26.0
20260627_175120.csv,36.0,4.0,30.0
20260629_172408.csv,22.0,1.0,23.0
20260629_175248.csv,24.0,1.0,23.0
20260629_180647.csv,24.0,3.0,24.0
20260702_193433.csv,23.0,1.0,24.0
20260702_204613.csv,25.0,3.0,25.0
20260705_105038.csv,20.0,1.0,19.0
20260705_122016.csv,21.0,1.0,21.0
20260707_213501.csv,19.0,1.0,20.0
20260707_222959.csv,27.0,3.0,22.0
20260709_215155.csv,19.0,1.0,19.0
20260711_160253.csv,19.0,1.0,21.0
20260711_174010.csv,33.0,4.0,28.0
20260711_221618.csv,30.0,4.0,24.0
20260712_105413.csv,19.0,2.0,18.0
20260712_155818.csv,26.0,1.0,25.0
20260712_174020.csv,29.0,3.0,26.0
20260712_210439.csv,30.0,3.0,25.0
20260713_132033.csv,19.0,1.0,20.0
20260713_182953.csv,30.0,3.0,25.0
20260713_203027.csv,34.0,3.0,26.0
20260713_214505.csv,33.0,3.0,26.0
20260714_110056.csv,21.0,2.0,21.0
20260714_113619.csv,24.0,3.0,22.0
20260714_115210.csv,25.0,3.0,23.0
20260714_123712.csv,28.0,3.0,26.0
20260714_145846.csv,31.0,3.0,28.0
20260714_153151.csv,33.0,3.0,26.0
20260714_161833.csv,34.0,3.0,27.0
20260714_165014.csv,36.0,3.0,27.0
20260714_170217.csv,38.0,3.0,27.0
20260715_160647.csv,24.0,1.0,26.0
20260715_194309.csv,33.0,4.0,27.0
20260716_062606.csv,25.0,3.0,21.0
20260716_065600.csv,29.0,4.0,23.0
20260716_094756.csv,30.0,4.0,28.0
20260716_115134.csv,33.0,4.0,25.0
20260716_180727.csv,34.0,4.0,29.0
20260716_194201.csv,35.0,4.0,30.0
20260716_215356.csv,34.0,4.0,28.0
20260716_224347.csv,34.0,4.0,28.0
20260717_103448.csv,23.0,4.0,22.0
20260717_134302.csv,27.0,3.0,25.0
20260717_163635.csv,29.0,3.0,27.0
20260718_113222.csv,23.0,2.0,23.0
20260718_125100.csv,25.0,3.0,24.0
20260718_145814.csv,30.0,3.0,27.0
20260718_161611.csv,35.0,4.0,30.0
20260718_163414.csv,37.0,4.0,30.0
20260718_203313.csv,34.0,4.0,27.0
20260718_213832.csv,35.0,4.0,27.0
20260718_220312.csv,35.0,4.0,27.0
20260719_154351.csv,22.0,1.0,23.0
20260719_171252.csv,29.0,4.0,28.0
20260719_184433.csv,30.0,3.0,27.0
20260719_204958.csv,32.0,3.0,27.0
20260719_212912.csv,34.0,4.0,28.0
20260719_214117.csv,34.0,4.0,28.0
20260720_113826.csv,19.0,4.0,19.0
20260720_134059.csv,25.0,3.0,24.0
20260720_165307.csv,37.0,4.0,29.0
20260720_174210.csv,36.0,4.0,29.0
20260720_190055.csv,36.0,4.0,28.0
20260720_204835.csv,33.0,4.0,26.0
20260721_114246.csv,17.0,1.0,17.0
20260721_122503.csv,24.0,3.0,21.0
20260721_172632.csv,24.0,4.0,25.0
20260721_193330.csv,29.0,4.0,28.0
20260721_194652.csv,30.0,3.0,27.0
20260721_200534.csv,31.0,4.0,26.0
20260722_121252.csv,16.0,2.0,16.0
20260722_134152.csv,18.0,3.0,18.0
20260722_163339.csv,21.0,3.0,21.0
20260722_184814.csv,21.0,3.0,21.0
20260722_204810.csv,23.0,3.0,21.0
20260722_210850.csv,23.0,3.0,21.0
20260723_113724.csv,13.0,1.0,14.0
20260723_132356.csv,34.0,3.0,26.0
20260723_173055.csv,28.0,4.0,23.0
20260723_200033.csv,30.0,4.0,27.0
20260723_210016.csv,29.0,4.0,23.0
20260723_211841.csv,32.0,4.0,23.0
20260723_215445.csv,31.0,4.0,23.0
20260724_114905.csv,17.0,2.0,17.0
20260724_144854.csv,20.0,1.0,20.0
20260724_165858.csv,30.0,3.0,22.0
20260724_174828.csv,31.0,4.0,25.0
20260724_204259.csv,29.0,4.0,23.0
20260725_113418.csv,16.0,2.0,16.0
20260725_125221.csv,31.0,4.0,24.0
20260725_133048.csv,31.0,4.0,25.0
20260725_140026.csv,32.0,4.0,26.0
20260725_163749.csv,34.0,4.0,29.0
20260726_103326.csv,18.0,4.0,18.0
20260726_141738.csv,31.0,4.0,28.0
20260726_172244.csv,32.0,4.0,29.0
20260726_200146.csv,34.0,4.0,30.0
20260801_180617.csv,19.0,2.0,20.0
20260802_081226.csv,22.0,3.0,21.0
20260802_093339.csv,23.0,3.0,21.0
20260802_132422.csv,25.0,4.0,26.0
20260802_153306.csv,38.0,4.0,29.0
20260802_163037.csv,38.0,4.0,31.0
20260802_184302.csv,37.0,4.0,28.0
20260802_193654.csv,38.0,3.0,27.0
20260802_213351.csv,38.0,3.0,27.0
20260803_181923.csv,25.0,1.0,25.0
20260803_193840.csv,33.0,3.0,26.0
20260803_215920.csv,35.0,3.0,27.0
20260804_153453.csv,26.0,1.0,26.0
20260804_155949.csv,30.0,3.0,27.0
20260804_191929.csv,32.0,3.0,29.0
20260804_194234.csv,32.0,3.0,28.0
20260804_200003.csv,33.0,3.0,27.0
20260804_201351.csv,34.0,3.0,27.0
20260804_215437.csv,34.0,4.0,29.0
20260806_155444.csv,27.0,1.0,25.0
20260808_122545.csv,25.0,1.0,24.0
20260808_124714.csv,27.0,4.0,24.0
20260808_130411.csv,29.0,3.0,24.0
20260808_160215.csv,29.0,3.0,25.0
20260808_201800.csv,31.0,3.0,24.0
20260809_120000.csv,22.0,2.0,22.0
20260809_123655.csv,24.0,3.0,23.0
20260809_124523.csv,24.0,3.0,23.0
20260809_130557.csv,24.0,3.0,23.0
20260809_131803.csv,25.0,3.0,24.0
20260809_181739.csv,26.0,3.0,25.0
20260809_191254.csv,28.0,3.0,26.0
20260809_192100.csv,30.0,3.0,24.0
20260810_151356.csv,20.0,2.0,21.0
20260810_152212.csv,23.0,4.0,21.0
20260812_085229.csv,26.0,3.0,25.0
20260812_093511.csv,27.0,3.0,25.0
20260813_115220.csv,18.0,1.0,18.0
20260813_144601.csv,23.0,3.0,23.0
20260813_145651.csv,25.0,3.0,23.0
20260813_150341.csv,27.0,3.0,23.0
20260814_101007.csv,16.0,2.0,16.0
20260814_102213.csv,16.0,4.0,16.0
20260814_121438.csv,19.0,1.0,19.0
20260814_122308.csv,21.0,3.0,19.0
20260814_182203.csv,24.0,1.0,23.0
20260814_213416.csv,30.0,3.0,24.0
20260816_124817.csv,,,
20260816_144003.csv,,,
20260816_165356.csv,38.0,3.0,28.0
20260816_171638.csv,38.0,3.0,26.0
20260816_173527.csv,38.0,3.0,28.0
20260816_174235.csv,38.0,3.0,29.0
20260817_084821.csv,23.0,3.0,22.0
20260817_175652.csv,27.0,1.0,28.0
20260817_181818.csv,29.0,1.0,27.0
20260817_183543.csv,30.0,3.0,24.0
20260818_092516.csv,25.0,3.0,23.0
20260818_111200.csv,28.0,3.0,24.0
20260818_124141.csv,32.0,3.0,29.0
20260818_140544.csv,33.0,3.0,27.0
20260818_150110.csv,36.0,3.0,28.0
20260819_123747.csv,17.0,1.0,18.0
20260819_124907.csv,19.0,1.0,19.0
20260819_135903.csv,28.0,3.0,23.0
20260820_105758.csv,19.0,1.0,19.0
20260820_201853.csv,31.0,2.0,25.0
20260820_214927.csv,33.0,3.0,24.0
20260820_225027.csv,33.0,4.0,26.0
20260821_081939.csv,26.0,3.0,22.0
20260821_193713.csv,28.0,1.0,24.0
20260821_205225.csv,28.0,3.0,23.0
20260821_225137.csv,30.0,3.0,24.0
20260822_102139.csv,25.0,3.0,22.0
20260822_110317.csv,29.0,3.0,23.0
20260822_141715.csv,33.0,3.0,28.0
20260822_173539.csv,36.0,3.0,30.0
20260822_191324.csv,36.0,3.0,27.0
20260822_205359.csv,36.0,3.0,27.0
20260822_215052.csv,34.0,4.0,24.0
20260823_152957.csv,23.0,1.0,23.0
20260823_161315.csv,29.0,3.0,23.0
20260823_210116.csv,28.0,4.0,23.0
20260824_081823.csv,18.0,3.0,17.0
20260824_104612.csv,23.0,3.0,
20260824_133602.csv,27.0,3.0,
20260824_174511.csv,27.0,3.0,
20260824_202635.csv,30.0,3.0,
20260824_212048.csv,30.0,4.0,
20260824_222425.csv,30.0,4.0,
20260825_102604.csv,16.0,4.0,
20260825_123247.csv,23.0,3.0,
20260825_183427.csv,27.0,2.0,
20260826_203739.csv,21.0,1.0,
20260826_224518.csv,28.0,4.0,
20260828_202030.csv,22.0,1.0,
20260829_100447.csv,18.0,1.0,
20260829_191404.csv,26.0,3.0,
20260829_193046.csv,27.0,3.0,
20260829_194121.csv,30.0,3.0,
20260830_121043.csv,21.0,1.0,
20260830_122801.csv,23.0,3.0,
20260830_125410.csv,28.0,4.0,
20260830_155318.csv,31.0,4.0,
20260830_165926.csv,32.0,4.0,
20260830_190907.csv,35.0,4.0,
20260830_192834.csv,35.0,4.0,
20260830_200617.csv,36.0,4.0,
20260831_134403.csv,23.0,1.0,
20260831_201658.csv,33.0,3.0,
20260831_203855.csv,34.0,3.0,
20260901_074917.csv,24.0,4.0,
20260901_080956.csv,24.0,4.0,
20260901_111543.csv,23.0,3.0,
20260901_112814.csv,24.0,4.0,
20260902_074300.csv,16.0,4.0,
20260902_075316.csv,17.0,3.0,
20260902_201704.csv,26.0,3.0,
20260902_203318.csv,28.0,3.0,
20260902_204646.csv,28.0,3.0,
20260902_211511.csv,29.0,3.0,
20260903_074822.csv,19.0,3.0,
20260903_080232.csv,21.0,3.0,
20260903_082326.csv,21.0,3.0,
20260903_200514.csv,30.0,3.0,
20260903_213855.csv,29.0,3.0,
20260904_075123.csv,18.0,3.0,
20260904_080352.csv,20.0,3.0,
20260904_203411.csv,26.0,1.0,
20260905_103157.csv,23.0,1.0,
20260905_104841.csv,24.0,4.0,
20260905_110415.csv,26.0,3.0,
20260905_122311.csv,27.0,3.0,
20260905_123511.csv,29.0,3.0,
20260905_124450.csv,29.0,3.0,
20260905_162310.csv,27.0,3.0,
20260905_163145.csv,29.0,3.0,
20260905_164824.csv,29.0,4.0,
20260905_172322.csv,31.0,3.0,
20260905_175245.csv,32.0,4.0,
20260905_183226.csv,32.0,4.0,
20260906_121520.csv,17.0,1.0,
20260906_122920.csv,20.0,3.0,
20260906_130754.csv,20.0,3.0,
20260906_131945.csv,21.0,3.0,
20260906_134827.csv,22.0,3.0,
20260906_195140.csv,19.0,3.0,
20260906_201552.csv,21.0,3.0,
20260907_074534.csv,14.0,3.0,
20260907_080214.csv,17.0,3.0,
20260907_081855.csv,17.0,3.0,
20260907_082522.csv,18.0,3.0,
20260907_165532.csv,19.0,2.0,
20260907_171659.csv,22.0,1.0,
20260907_172745.csv,23.0,3.0,
20260907_174600.csv,23.0,3.0,
20260908_074435.csv,13.0,3.0,
20260908_075934.csv,16.0,3.0,
20260908_085530.csv,16.0,3.0,
20260908_123156.csv,20.0,1.0,
20260908_124726.csv,22.0,1.0,
20260909_073950.csv,17.0,3.0,
20260909_075611.csv,20.0,3.0,
20260909_133503.csv,23.0,1.0,
20260909_140527.csv,25.0,1.0,
20260909_143711.csv,26.0,1.0,
20260909_153731.csv,28.0,2.0,
20260909_154548.csv,30.0,4.0,
20260910_074344.csv,21.0,3.0,
20260910_075908.csv,23.0,3.0,
20260910_081613.csv,22.0,3.0,
20260910_135648.csv,25.0,1.0,
20260910_143202.csv,27.0,2.0,
2026-09-11_07-42-27.csv,19.0,1.0,
2026-09-11_08-01-27.csv,21.0,3.0,
2026-09-11_15-04-47.csv,28.0,4.0,
2026-09-11_15-23-18.csv,29.0,4.0,
2026-09-11_19-24-41.csv,27.0,4.0,
2026-09-11_19-37-40.csv,29.0,3.0,
2026-09-11_21-57-07.csv,27.0,3.0,
2026-09-12_13-25-13.csv,16.0,2.0,
2026-09-12_13-33-36.csv,17.0,4.0,
2026-09-12_13-57-02.csv,20.0,3.0,
2026-09-12_14-15-41.csv,22.0,3.0,
2026-09-12_14-48-27.csv,23.0,3.0,
2026-09-12_15-01-43.csv,25.0,3.0,
2026-09-12_16-59-34.csv,23.0,3.0,
2026-09-13_11-48-59.csv,14.0,1.0,
2026-09-13_12-01-09.csv,16.0,3.0,
2026-09-13_12-08-25.csv,17.0,3.0,
2026-09-13_12-22-44.csv,17.0,3.0,
2026-09-13_13-01-46.csv,18.0,3.0,
2026-09-13_13-46-17.csv,28.0,4.0,
2026-09-13_17-11-06.csv,29.0,3.0,
2026-09-13_19-00-19.csv,30.0,3.0,
2026-09-13_19-10-18.csv,31.0,3.0,
2026-09-13_19-45-44.csv,32.0,3.0,
2026-09-13_20-30-29.csv,32.0,4.0,
2026-09-14_07-36-58.csv,19.0,3.0,
2026-09-14_07-50-59.csv,21.0,3.0,
2026-09-14_16-56-10.csv,21.0,1.0,
2026-09-14_17-08-07.csv,23.0,1.0,
2026-09-14_18-09-48.csv,26.0,3.0,
2026-09-14_18-49-32.csv,27.0,3.0,
2026-09-15_07-49-33.csv,15.0,3.0,
2026-09-15_08-06-11.csv,18.0,3.0,
2026-09-15_14-44-40.csv,19.0,1.0,
2026-09-16_07-35-39.csv,14.0,3.0,
2026-09-16_07-49-37.csv,17.0,3.0,
2026-09-16_13-54-36.csv,20.0,1.0,
2026-09-16_14-01-15.csv,20.0,1.0,
2026-09-16_14-40-56.csv,22.0,1.0,
2026-09-16_18-07-46.csv,30.0,3.0,
2026-09-16_18-17-21.csv,31.0,3.0,
2026-09-16_19-00-34.csv,30.0,3.0,
2026-09-16_19-29-42.csv,31.0,3.0,
