file,T1_peak_drive,cap_ah,regen_peak_A,regen_peak_Crate,regen_T1_at_peak,eng_charge_peak_A,eng_charge_peak_Crate,eng_charge_T1_at_peak,dual_peak_A,dual_peak_Crate,dual_T1_at_peak
20260511_185709.csv,33.0,5.89,,,,,,,,,
20260513_182950.csv,21.0,5.85,,,,,,,,,
20260515_075207.csv,16.0,5.56,34.0,6.1,16.0,54.9,9.9,16.0,54.9,9.9,16.0
20260515_191551.csv,31.0,5.84,47.2,8.1,30.0,96.4,16.5,31.0,93.8,16.1,29.0
20260515_194744.csv,37.0,5.92,171.2,28.9,33.0,132.5,22.4,31.0,132.5,22.4,31.0
20260515_222240.csv,37.0,5.85,106.2,18.2,35.0,123.7,21.2,35.0,123.7,21.2,35.0
20260516_121520.csv,20.0,5.9,51.5,8.7,18.0,106.2,18.0,20.0,106.2,18.0,20.0
20260516_125903.csv,24.0,5.86,65.4,11.2,22.0,112.0,19.1,22.0,112.0,19.1,22.0
20260516_131423.csv,29.0,5.88,44.0,7.5,29.0,99.8,17.0,27.0,99.8,17.0,27.0
20260516_134339.csv,33.0,5.89,86.8,14.7,31.0,110.5,18.8,29.0,110.5,18.8,29.0
20260516_175004.csv,30.0,5.95,42.1,7.1,30.0,52.6,8.8,29.0,49.6,8.3,29.0
20260516_182041.csv,31.0,5.9,40.4,6.8,31.0,74.8,12.7,31.0,74.8,12.7,31.0
20260516_191121.csv,34.0,5.92,47.2,8.0,32.0,107.7,18.2,31.0,107.7,18.2,31.0
20260517_112115.csv,21.0,5.95,39.3,6.6,21.0,,,,50.0,8.4,19.0
20260517_120100.csv,24.0,5.95,42.5,7.1,22.0,82.9,13.9,22.0,82.9,13.9,22.0
20260517_141712.csv,26.0,5.94,39.3,6.6,26.0,93.6,15.7,26.0,93.6,15.7,26.0
20260517_145435.csv,31.0,5.95,64.7,10.9,27.0,118.8,20.0,28.0,118.8,20.0,28.0
20260518_073827.csv,22.0,5.95,34.8,5.9,22.0,82.9,13.9,21.0,82.9,13.9,21.0
20260523_113305.csv,22.0,5.84,49.1,8.4,21.0,110.7,19.0,21.0,110.7,19.0,21.0
20260523_120859.csv,26.0,5.88,58.3,9.9,25.0,95.1,16.2,24.0,95.1,16.2,24.0
20260523_124943.csv,28.0,5.89,34.2,5.8,27.0,96.8,16.4,26.0,96.8,16.4,26.0
20260523_131019.csv,41.0,5.8,164.3,28.3,34.0,179.1,30.9,31.0,179.1,30.9,31.0
20260523_144629.csv,41.0,5.81,75.0,12.9,41.0,107.7,18.5,40.0,107.7,18.5,40.0
20260523_183218.csv,38.0,5.88,94.7,16.1,37.0,113.0,19.2,35.0,113.0,19.2,35.0
20260523_210427.csv,36.0,5.94,56.2,9.5,35.0,76.2,12.8,35.0,76.2,12.8,35.0
20260523_213300.csv,40.0,5.81,197.2,33.9,37.0,123.1,21.2,39.0,123.1,21.2,39.0
20260523_222103.csv,41.0,5.81,185.0,31.8,41.0,106.8,18.4,40.0,106.8,18.4,40.0
20260531_183645.csv,39.0,5.85,188.7,32.3,27.0,140.4,24.0,24.0,140.4,24.0,24.0
20260531_200637.csv,46.0,5.85,105.3,18.0,36.0,132.2,22.6,36.0,132.2,22.6,36.0
20260603_122008.csv,17.0,5.74,44.9,7.8,16.0,95.5,16.6,14.0,95.5,16.6,14.0
20260603_124919.csv,20.0,5.86,59.0,10.1,18.0,93.8,16.0,18.0,93.8,16.0,18.0
20260609_132041.csv,46.0,5.79,188.0,32.5,44.0,173.7,30.0,40.0,173.7,30.0,40.0
20260609_153039.csv,43.0,5.86,192.5,32.9,37.0,173.1,29.5,43.0,173.1,29.5,43.0
20260609_164033.csv,44.0,5.83,190.2,32.6,39.0,204.2,35.0,38.0,204.2,35.0,38.0
20260609_223056.csv,46.0,5.78,191.5,33.1,43.0,139.3,24.1,42.0,139.3,24.1,42.0
20260610_094100.csv,40.0,5.79,186.8,32.3,38.0,122.9,21.2,26.0,122.9,21.2,26.0
20260610_105454.csv,47.0,5.79,191.9,33.1,43.0,193.8,33.5,43.0,193.8,33.5,43.0
20260611_061120.csv,41.0,5.83,196.2,33.7,37.0,193.8,33.3,39.0,193.8,33.3,39.0
20260611_100510.csv,39.0,5.82,106.6,18.3,38.0,111.5,19.1,37.0,111.5,19.1,37.0
20260611_134347.csv,43.0,5.79,143.4,24.7,41.0,109.2,18.8,42.0,109.2,18.8,42.0
20260611_203850.csv,39.0,5.91,,,,63.2,10.7,38.0,63.2,10.7,38.0
20260611_215131.csv,40.0,5.84,99.1,17.0,39.0,125.6,21.5,39.0,125.6,21.5,39.0
20260612_142400.csv,25.0,5.84,57.9,9.9,24.0,89.3,15.3,23.0,89.3,15.3,23.0
20260612_152740.csv,40.0,5.8,191.7,33.1,38.0,118.6,20.4,37.0,107.7,18.6,37.0
20260612_170759.csv,44.0,5.8,163.9,28.3,41.0,193.2,33.3,41.0,193.2,33.3,41.0
20260613_101500.csv,35.0,5.84,172.9,29.6,22.0,165.6,28.3,32.0,165.6,28.3,32.0
20260613_181221.csv,29.0,5.87,62.2,10.6,28.0,100.0,17.0,28.0,100.0,17.0,28.0
20260613_195920.csv,38.0,5.82,192.7,33.1,37.0,190.6,32.8,30.0,190.6,32.8,30.0
20260614_133431.csv,28.0,5.88,101.1,17.2,21.0,115.6,19.6,22.0,115.6,19.6,22.0
20260616_160533.csv,18.0,5.86,57.7,9.8,17.0,89.3,15.2,16.0,89.3,15.2,16.0
20260616_162643.csv,21.0,5.84,49.4,8.5,20.0,95.7,16.4,19.0,95.7,16.4,19.0
20260617_150930.csv,18.0,5.9,85.7,14.5,15.0,111.5,18.9,17.0,111.5,18.9,17.0
20260617_152114.csv,24.0,5.88,79.7,13.5,22.0,101.5,17.2,20.0,101.5,17.2,20.0
20260618_124611.csv,20.0,5.88,45.2,7.7,20.0,97.7,16.6,17.0,97.7,16.6,17.0
20260618_150516.csv,22.0,5.83,55.6,9.5,21.0,68.4,11.7,21.0,68.4,11.7,21.0
20260619_122407.csv,46.0,5.86,194.7,33.2,42.0,189.7,32.4,41.0,189.7,32.4,41.0
20260619_180138.csv,41.0,5.87,190.6,32.5,38.0,198.2,33.8,40.0,198.2,33.8,40.0
20260619_190927.csv,42.0,5.85,191.7,32.8,39.0,213.0,36.4,38.0,213.0,36.4,38.0
20260619_210959.csv,47.0,5.79,190.6,32.9,44.0,195.9,33.8,45.0,195.9,33.8,45.0
20260620_090055.csv,28.0,5.84,33.1,5.7,25.0,87.6,15.0,26.0,87.6,15.0,26.0
20260620_105353.csv,29.0,5.84,67.5,11.6,28.0,54.5,9.3,29.0,54.5,9.3,29.0
20260620_135838.csv,30.0,5.89,,,,65.6,11.1,29.0,65.6,11.1,29.0
20260620_165602.csv,35.0,5.89,36.8,6.2,33.0,95.1,16.1,31.0,95.1,16.1,31.0
20260620_180817.csv,34.0,5.95,,,,,,,,,
20260620_182933.csv,37.0,5.87,51.1,8.7,36.0,55.6,9.5,35.0,55.6,9.5,35.0
20260620_192922.csv,37.0,5.84,51.9,8.9,37.0,82.5,14.1,37.0,82.5,14.1,37.0
20260620_220001.csv,37.0,5.93,,,,88.0,14.8,35.0,88.0,14.8,35.0
20260621_124457.csv,22.0,5.85,51.9,8.9,21.0,97.0,16.6,21.0,97.0,16.6,21.0
20260621_145249.csv,25.0,5.91,,,,80.6,13.6,23.0,80.6,13.6,23.0
20260621_164617.csv,48.0,5.81,188.5,32.4,43.0,125.4,21.6,42.0,122.2,21.0,47.0
20260621_212214.csv,45.0,5.91,47.2,8.0,44.0,108.1,18.3,44.0,108.1,18.3,44.0
20260621_213241.csv,46.0,5.82,119.4,20.5,45.0,115.8,19.9,45.0,115.8,19.9,45.0
20260622_203803.csv,34.0,5.86,55.8,9.5,34.0,104.1,17.8,32.0,104.1,17.8,32.0
20260622_212051.csv,36.0,5.93,52.4,8.8,35.0,101.9,17.2,34.0,101.9,17.2,34.0
20260622_214145.csv,37.0,5.87,42.1,7.2,36.0,94.7,16.1,36.0,94.7,16.1,36.0
20260622_220001.csv,38.0,5.92,83.8,14.2,36.0,103.6,17.5,36.0,87.2,14.7,37.0
20260624_112335.csv,24.0,5.96,33.3,5.6,24.0,93.6,15.7,23.0,93.6,15.7,23.0
20260624_130757.csv,30.0,5.89,35.5,6.0,27.0,103.6,17.6,28.0,103.6,17.6,28.0
20260625_122850.csv,26.0,5.97,30.3,5.1,24.0,91.9,15.4,24.0,91.9,15.4,24.0
20260625_153901.csv,31.0,5.9,69.7,11.8,29.0,100.9,17.1,29.0,100.9,17.1,29.0
20260625_210502.csv,33.0,5.96,45.5,7.6,33.0,97.4,16.3,32.0,97.4,16.3,32.0
20260625_212737.csv,42.0,5.83,195.7,33.6,34.0,177.6,30.5,34.0,172.2,29.5,40.0
20260627_085219.csv,27.0,5.79,115.8,20.0,27.0,105.3,18.2,25.0,105.3,18.2,25.0
20260627_093529.csv,30.0,5.88,65.8,11.2,28.0,107.9,18.4,30.0,107.9,18.4,30.0
20260627_111449.csv,31.0,5.87,36.3,6.2,30.0,101.1,17.2,29.0,101.1,17.2,29.0
20260627_114435.csv,48.0,5.84,178.8,30.6,46.0,207.7,35.6,39.0,159.8,27.4,44.0
20260627_144929.csv,40.0,5.87,100.2,17.1,39.0,192.9,32.9,39.0,192.9,32.9,39.0
20260627_154430.csv,45.0,5.83,191.7,32.9,38.0,144.0,24.7,38.0,144.0,24.7,38.0
20260627_175120.csv,49.0,5.84,190.0,32.5,45.0,198.9,34.1,45.0,198.9,34.1,45.0
20260629_172408.csv,24.0,5.85,52.6,9.0,23.0,104.5,17.9,22.0,104.5,17.9,22.0
20260629_175248.csv,24.0,5.94,,,,,,,,,
20260629_180647.csv,30.0,5.82,59.8,10.3,25.0,103.2,17.7,25.0,103.2,17.7,25.0
20260702_193433.csv,25.0,5.93,34.4,5.8,24.0,118.2,19.9,23.0,118.2,19.9,23.0
20260702_204613.csv,33.0,5.89,66.7,11.3,29.0,104.9,17.8,30.0,104.9,17.8,30.0
20260705_105038.csv,21.0,5.87,46.4,7.9,21.0,67.7,11.5,20.0,67.7,11.5,20.0
20260705_122016.csv,31.0,5.85,94.4,16.1,30.0,130.8,22.4,28.0,130.8,22.4,28.0
20260707_213501.csv,30.0,5.81,184.4,31.7,25.0,122.0,21.0,27.0,122.0,21.0,27.0
20260707_222959.csv,32.0,5.9,92.3,15.6,31.0,93.6,15.8,31.0,93.6,15.8,31.0
20260709_215155.csv,33.0,5.84,102.4,17.5,29.0,132.7,22.7,21.0,132.7,22.7,21.0
20260711_160253.csv,43.0,5.85,193.4,33.1,42.0,188.9,32.3,41.0,188.9,32.3,41.0
20260711_174010.csv,44.0,5.8,159.6,27.5,43.0,147.9,25.5,43.0,133.8,23.0,42.0
20260711_221618.csv,39.0,5.8,101.1,17.4,39.0,102.8,17.7,39.0,102.8,17.7,39.0
20260712_105413.csv,30.0,5.85,108.1,18.5,26.0,136.1,23.3,22.0,136.1,23.3,22.0
20260712_155818.csv,32.0,5.83,87.4,15.0,31.0,125.6,21.5,27.0,125.6,21.5,27.0
20260712_174020.csv,35.0,5.89,46.8,7.9,34.0,104.1,17.7,35.0,104.1,17.7,35.0
20260712_210439.csv,37.0,5.86,76.5,13.1,33.0,108.8,18.6,34.0,108.8,18.6,34.0
20260713_132033.csv,36.0,5.85,150.9,25.8,23.0,127.8,21.9,20.0,127.8,21.9,20.0
20260713_182953.csv,40.0,5.91,72.7,12.3,38.0,117.5,19.9,36.0,117.5,19.9,36.0
20260713_203027.csv,39.0,5.87,66.7,11.4,39.0,111.1,18.9,38.0,88.0,15.0,38.0
20260713_214505.csv,40.0,5.83,79.9,13.7,39.0,110.5,18.9,38.0,110.5,18.9,38.0
20260714_110056.csv,24.0,5.93,70.9,12.0,22.0,108.3,18.3,22.0,108.3,18.3,22.0
20260714_113619.csv,27.0,5.78,38.7,6.7,26.0,83.3,14.4,25.0,82.7,14.3,26.0
20260714_115210.csv,30.0,5.87,70.9,12.1,29.0,119.0,20.3,28.0,119.0,20.3,28.0
20260714_123712.csv,36.0,5.82,172.7,29.7,34.0,138.5,23.8,31.0,138.5,23.8,31.0
20260714_145846.csv,36.0,5.86,56.4,9.6,35.0,115.2,19.7,34.0,104.9,17.9,34.0
20260714_153151.csv,39.0,5.81,91.9,15.8,38.0,91.9,15.8,38.0,91.9,15.8,38.0
20260714_161833.csv,43.0,5.81,144.2,24.8,40.0,113.5,19.5,39.0,113.5,19.5,39.0
20260714_165014.csv,44.0,5.8,82.7,14.2,43.0,127.8,22.0,43.0,127.8,22.0,43.0
20260714_170217.csv,45.0,5.78,53.8,9.3,45.0,123.9,21.4,44.0,123.9,21.4,44.0
20260715_160647.csv,37.0,5.82,106.0,18.2,26.0,113.9,19.6,25.0,113.9,19.6,25.0
20260715_194309.csv,41.0,5.85,146.8,25.1,41.0,141.7,24.2,36.0,141.7,24.2,36.0
20260716_062606.csv,35.0,5.74,119.7,20.9,27.0,110.2,19.2,30.0,98.2,17.1,29.0
20260716_065600.csv,39.0,5.84,159.8,27.4,38.0,161.8,27.7,38.0,161.8,27.7,38.0
20260716_094756.csv,45.0,5.83,189.1,32.4,42.0,193.6,33.2,37.0,193.6,33.2,37.0
20260716_115134.csv,47.0,5.83,186.5,32.0,43.0,147.9,25.4,43.0,147.9,25.4,43.0
20260716_180727.csv,43.0,5.89,81.6,13.8,41.0,128.2,21.8,39.0,128.2,21.8,39.0
20260716_194201.csv,41.0,5.9,50.0,8.5,41.0,61.3,10.4,41.0,61.3,10.4,41.0
20260716_215356.csv,39.0,5.89,34.6,5.9,39.0,95.1,16.1,39.0,95.1,16.1,39.0
20260716_224347.csv,39.0,5.9,61.3,10.4,39.0,70.9,12.0,38.0,70.9,12.0,38.0
20260717_103448.csv,29.0,5.9,,,,93.2,15.8,26.0,93.2,15.8,26.0
20260717_134302.csv,30.0,5.93,56.6,9.6,29.0,102.6,17.3,30.0,102.6,17.3,30.0
20260717_163635.csv,30.0,5.96,39.1,6.6,30.0,61.3,10.3,30.0,61.3,10.3,30.0
20260718_113222.csv,26.0,5.87,46.8,8.0,26.0,69.4,11.8,25.0,69.4,11.8,25.0
20260718_125100.csv,33.0,5.93,59.8,10.1,31.0,98.9,16.7,28.0,98.9,16.7,28.0
20260718_145814.csv,42.0,5.79,190.0,32.8,37.0,156.8,27.1,38.0,156.8,27.1,38.0
20260718_161611.csv,44.0,5.85,65.8,11.2,43.0,116.0,19.8,42.0,116.0,19.8,42.0
20260718_163414.csv,50.0,5.83,185.9,31.9,44.0,158.5,27.2,45.0,158.5,27.2,45.0
20260718_203313.csv,45.0,5.83,172.7,29.6,43.0,105.8,18.1,45.0,105.8,18.1,45.0
20260718_213832.csv,44.0,5.85,108.5,18.5,43.0,123.7,21.1,43.0,123.7,21.1,43.0
20260718_220312.csv,43.0,5.96,30.1,5.1,43.0,91.9,15.4,43.0,91.9,15.4,43.0
20260719_154351.csv,32.0,5.72,104.7,18.3,26.0,127.1,22.2,30.0,127.1,22.2,30.0
20260719_171252.csv,32.0,5.93,,,,77.4,13.1,32.0,77.4,13.1,32.0
20260719_184433.csv,37.0,5.86,106.0,18.1,34.0,109.0,18.6,34.0,109.0,18.6,34.0
20260719_204958.csv,42.0,5.83,76.7,13.2,40.0,131.0,22.5,36.0,131.0,22.5,36.0
20260719_212912.csv,41.0,5.83,63.0,10.8,41.0,88.2,15.1,41.0,88.2,15.1,41.0
20260719_214117.csv,42.0,5.81,40.2,6.9,41.0,86.5,14.9,41.0,85.5,14.7,41.0
20260720_113826.csv,29.0,5.85,157.5,26.9,25.0,130.8,22.3,22.0,130.8,22.3,22.0
20260720_134059.csv,49.0,5.77,194.7,33.7,46.0,198.9,34.5,49.0,198.9,34.5,49.0
20260720_165307.csv,51.0,5.76,188.2,32.7,47.0,181.8,31.5,49.0,181.8,31.5,49.0
20260720_174210.csv,49.0,5.81,104.2,17.9,48.0,106.8,18.4,48.0,106.8,18.4,48.0
20260720_190055.csv,46.0,5.8,115.8,20.0,46.0,131.8,22.7,45.0,131.8,22.7,45.0
20260720_204835.csv,49.0,5.79,187.8,32.5,44.0,151.5,26.2,46.0,151.5,26.2,46.0
20260721_114246.csv,27.0,5.88,139.7,23.8,19.0,108.1,18.4,18.0,108.1,18.4,18.0
20260721_122503.csv,27.0,5.93,,,,,,,,,
20260721_172632.csv,33.0,5.83,88.5,15.2,31.0,99.8,17.1,25.0,99.8,17.1,25.0
20260721_193330.csv,31.0,5.93,39.3,6.6,31.0,94.7,16.0,31.0,94.7,16.0,31.0
20260721_194652.csv,33.0,5.87,60.0,10.2,33.0,93.8,16.0,32.0,93.8,16.0,32.0
20260721_200534.csv,36.0,5.91,94.4,16.0,34.0,111.8,18.9,33.0,111.8,18.9,33.0
20260722_121252.csv,18.0,5.82,,,,93.4,16.0,17.0,93.4,16.0,17.0
20260722_134152.csv,23.0,5.79,56.8,9.8,22.0,106.6,18.4,22.0,106.6,18.4,22.0
20260722_163339.csv,23.0,5.85,31.6,5.4,22.0,94.4,16.1,22.0,94.4,16.1,22.0
20260722_184814.csv,26.0,5.79,156.0,26.9,23.0,127.1,21.9,24.0,121.4,20.9,24.0
20260722_204810.csv,24.0,5.86,36.8,6.3,24.0,,,,,,
20260722_210850.csv,27.0,5.81,54.7,9.4,24.0,116.0,20.0,24.0,116.0,20.0,24.0
20260723_113724.csv,40.0,5.77,182.5,31.6,24.0,115.0,19.9,27.0,115.0,19.9,27.0
20260723_132356.csv,42.0,5.64,63.2,11.2,42.0,130.1,23.1,40.0,130.1,23.1,40.0
20260723_173055.csv,40.0,5.8,125.4,21.6,36.0,115.6,19.9,34.0,115.6,19.9,34.0
20260723_200033.csv,36.0,5.8,,,,,,,36.8,6.3,36.0
20260723_210016.csv,37.0,5.81,74.6,12.8,36.0,112.4,19.3,34.0,112.4,19.3,34.0
20260723_211841.csv,39.0,5.78,67.5,11.7,38.0,78.8,13.6,38.0,78.8,13.6,38.0
20260723_215445.csv,45.0,5.78,160.2,27.7,44.0,112.8,19.5,39.0,112.8,19.5,39.0
20260724_114905.csv,19.0,5.94,,,,111.5,18.8,18.0,111.5,18.8,18.0
20260724_144854.csv,22.0,5.87,44.2,7.5,20.0,131.2,22.3,20.0,131.2,22.3,20.0
20260724_165858.csv,40.0,5.78,104.2,18.0,38.0,120.7,20.9,35.0,120.7,20.9,35.0
20260724_174828.csv,44.0,5.84,116.9,20.0,39.0,125.9,21.5,41.0,125.9,21.5,41.0
20260724_204259.csv,42.0,5.78,121.8,21.0,42.0,116.2,20.1,39.0,116.2,20.1,39.0
20260725_113418.csv,39.0,5.79,145.9,25.2,32.0,143.4,24.7,38.0,143.4,24.7,38.0
20260725_125221.csv,40.0,5.82,119.0,20.4,39.0,104.7,18.0,38.0,104.7,18.0,38.0
20260725_133048.csv,39.0,5.83,83.3,14.3,39.0,101.9,17.5,39.0,101.9,17.5,39.0
20260725_140026.csv,46.0,5.77,169.9,29.4,45.0,189.5,32.8,43.0,189.5,32.8,43.0
20260725_163749.csv,44.0,5.78,41.9,7.2,44.0,94.7,16.4,44.0,94.7,16.4,44.0
20260726_103326.csv,46.0,5.77,184.8,32.0,42.0,162.0,28.1,24.0,162.0,28.1,24.0
20260726_141738.csv,43.0,5.83,200.0,34.3,40.0,211.1,36.2,40.0,211.1,36.2,40.0
20260726_172244.csv,45.0,5.83,191.9,32.9,39.0,200.4,34.4,38.0,200.4,34.4,38.0
20260726_200146.csv,47.0,5.84,195.1,33.4,46.0,192.7,33.0,47.0,192.7,33.0,47.0
20260801_180617.csv,33.0,5.84,188.7,32.3,24.0,192.7,33.0,28.0,192.7,33.0,28.0
20260802_081226.csv,26.0,5.91,51.2,8.7,25.0,85.5,14.5,24.0,85.5,14.5,24.0
20260802_093339.csv,28.0,5.86,36.1,6.2,27.0,102.1,17.4,25.0,102.1,17.4,25.0
20260802_132422.csv,46.0,5.82,180.6,31.0,40.0,180.1,30.9,46.0,180.1,30.9,46.0
20260802_153306.csv,46.0,5.78,70.7,12.2,46.0,123.9,21.4,46.0,123.9,21.4,46.0
20260802_163037.csv,45.0,5.89,74.8,12.7,45.0,127.6,21.7,44.0,127.6,21.7,44.0
20260802_184302.csv,45.0,5.87,182.5,31.1,42.0,180.3,30.7,42.0,180.3,30.7,42.0
20260802_193654.csv,46.0,5.84,130.8,22.4,45.0,114.1,19.5,45.0,114.1,19.5,45.0
20260802_213351.csv,44.0,5.9,65.8,11.1,43.0,119.2,20.2,43.0,119.2,20.2,43.0
20260803_181923.csv,37.0,5.85,97.0,16.6,37.0,118.4,20.2,37.0,118.4,20.2,37.0
20260803_193840.csv,41.0,5.8,139.1,24.0,37.0,108.5,18.7,37.0,108.5,18.7,37.0
20260803_215920.csv,41.0,5.8,105.3,18.1,40.0,124.6,21.5,40.0,124.6,21.5,40.0
20260804_153453.csv,31.0,5.82,141.2,24.3,29.0,130.8,22.5,26.0,130.8,22.5,26.0
20260804_155949.csv,34.0,5.85,84.8,14.5,32.0,95.7,16.4,32.0,95.7,16.4,32.0
20260804_191929.csv,34.0,5.97,70.1,11.7,33.0,97.0,16.2,33.0,97.0,16.2,33.0
20260804_194234.csv,35.0,5.9,51.5,8.7,34.0,81.8,13.9,34.0,81.8,13.9,34.0
20260804_200003.csv,37.0,5.79,60.2,10.4,35.0,92.7,16.0,35.0,92.7,16.0,35.0
20260804_201351.csv,43.0,5.81,195.5,33.7,41.0,189.1,32.6,41.0,189.1,32.6,41.0
20260804_215437.csv,48.0,5.84,184.8,31.6,47.0,189.3,32.4,46.0,189.3,32.4,46.0
20260806_155444.csv,40.0,5.81,190.0,32.7,31.0,194.9,33.5,34.0,194.9,33.5,34.0
20260808_122545.csv,28.0,5.92,50.4,8.5,27.0,94.2,15.9,27.0,84.0,14.2,28.0
20260808_124714.csv,31.0,5.89,47.2,8.0,31.0,102.4,17.4,30.0,102.4,17.4,30.0
20260808_130411.csv,32.0,5.85,,,,82.9,14.2,31.0,82.9,14.2,31.0
20260808_160215.csv,40.0,5.82,164.3,28.3,37.0,147.9,25.4,37.0,147.9,25.4,37.0
20260808_201800.csv,41.0,5.82,188.5,32.4,41.0,118.8,20.4,36.0,118.8,20.4,36.0
20260809_120000.csv,25.0,5.79,,,,111.3,19.2,23.0,111.3,19.2,23.0
20260809_123655.csv,25.0,5.92,,,,72.0,12.2,25.0,72.0,12.2,25.0
20260809_124523.csv,26.0,5.97,36.5,6.1,26.0,,,,,,
20260809_130557.csv,26.0,5.89,,,,,,,44.4,7.5,26.0
20260809_131803.csv,28.0,5.82,59.4,10.2,28.0,113.7,19.5,27.0,113.7,19.5,27.0
20260809_181739.csv,30.0,5.94,57.9,9.8,29.0,115.4,19.4,27.0,115.4,19.4,27.0
20260809_191254.csv,31.0,5.81,35.0,6.0,31.0,107.1,18.4,30.0,107.1,18.4,30.0
20260809_192100.csv,33.0,5.74,62.0,10.8,33.0,127.1,22.2,32.0,127.1,22.2,32.0
20260810_151356.csv,23.0,5.85,63.5,10.8,22.0,108.5,18.5,22.0,108.5,18.5,22.0
20260810_152212.csv,26.0,5.7,66.9,11.7,25.0,123.9,21.8,25.0,123.9,21.8,25.0
20260812_085229.csv,29.0,5.88,39.1,6.7,28.0,92.3,15.7,28.0,92.3,15.7,28.0
20260812_093511.csv,31.0,5.88,54.7,9.3,30.0,126.5,21.5,29.0,126.5,21.5,29.0
20260813_115220.csv,23.0,5.78,45.5,7.9,21.0,95.5,16.5,18.0,95.5,16.5,18.0
20260813_144601.csv,26.0,5.9,,,,117.7,19.9,24.0,117.7,19.9,24.0
20260814_101007.csv,18.0,5.94,42.3,7.1,,,,,35.9,6.0,17.0
20260814_102213.csv,18.0,5.99,39.1,6.5,18.0,,,,,,
20260814_121438.csv,21.0,5.8,50.6,8.7,20.0,122.7,21.2,21.0,122.7,21.2,21.0
20260814_122308.csv,25.0,5.76,51.1,8.9,24.0,130.3,22.6,,130.3,22.6,
20260814_182203.csv,37.0,5.81,194.2,33.4,34.0,165.4,28.4,29.0,140.4,24.1,28.0
20260814_213416.csv,40.0,5.77,197.7,34.2,37.0,128.8,22.3,37.0,128.8,22.3,37.0
20260816_165356.csv,45.0,5.9,42.1,7.1,44.0,97.7,16.5,,97.7,16.5,
20260816_171638.csv,46.0,5.86,89.7,15.3,45.0,109.4,18.7,45.0,109.4,18.7,45.0
20260816_173527.csv,46.0,5.74,,,,106.4,18.5,45.0,106.4,18.5,45.0
20260816_174235.csv,46.0,5.73,33.8,5.9,46.0,113.0,19.7,46.0,113.0,19.7,46.0
20260817_084821.csv,29.0,5.8,72.4,12.5,24.0,111.5,19.2,27.0,111.5,19.2,27.0
20260817_175652.csv,29.0,5.89,68.4,11.6,28.0,116.2,19.7,27.0,116.2,19.7,27.0
20260817_181818.csv,31.0,5.92,51.5,8.7,,91.2,15.4,30.0,91.2,15.4,30.0
20260817_183543.csv,41.0,5.82,135.2,23.3,34.0,121.8,20.9,33.0,117.9,20.3,38.0
20260818_092516.csv,31.0,5.82,79.1,13.6,30.0,118.8,20.4,28.0,118.8,20.4,28.0
20260818_111200.csv,36.0,5.8,96.2,16.6,32.0,114.3,19.7,33.0,114.3,19.7,33.0
20260818_124141.csv,37.0,5.84,69.9,12.0,36.0,115.6,19.8,35.0,115.6,19.8,35.0
20260818_140544.csv,40.0,5.88,178.6,30.4,39.0,127.8,21.7,36.0,127.8,21.7,36.0
20260818_150110.csv,41.0,5.92,48.1,8.1,40.0,104.7,17.7,40.0,104.7,17.7,40.0
20260819_123747.csv,18.0,5.88,57.7,9.8,18.0,84.4,14.4,17.0,84.4,14.4,17.0
20260819_124907.csv,33.0,5.8,101.5,17.5,26.0,112.8,19.4,22.0,112.8,19.4,22.0
20260819_135903.csv,39.0,5.84,95.2,16.3,33.0,107.1,18.3,,107.1,18.3,
20260820_105758.csv,35.0,5.78,119.4,20.6,26.0,112.2,19.4,33.0,112.2,19.4,33.0
20260820_201853.csv,38.0,5.85,106.0,18.1,33.0,137.2,23.4,,137.2,23.4,
20260820_214927.csv,40.0,5.84,94.0,16.1,39.0,114.7,19.7,39.0,114.7,19.7,39.0
20260820_225027.csv,39.0,5.86,60.7,10.4,,121.8,20.8,39.0,121.8,20.8,39.0
20260821_081939.csv,34.0,5.89,104.1,17.7,30.0,109.4,18.6,32.0,109.4,18.6,32.0
20260821_193713.csv,30.0,5.92,35.9,6.1,30.0,90.2,15.2,29.0,90.2,15.2,29.0
20260821_205225.csv,34.0,5.9,52.1,8.8,,108.3,18.3,33.0,108.3,18.3,33.0
20260821_225137.csv,37.0,5.8,96.8,16.7,36.0,105.1,18.1,34.0,105.1,18.1,34.0
20260822_102139.csv,31.0,5.79,106.0,18.3,30.0,105.1,18.1,28.0,105.1,18.1,28.0
20260822_110317.csv,38.0,5.84,95.7,16.4,35.0,118.2,20.2,36.0,118.2,20.2,36.0
20260822_141715.csv,39.0,5.85,123.9,21.2,37.0,90.8,15.5,38.0,90.8,15.5,38.0
20260822_173539.csv,40.0,5.88,50.9,8.6,38.0,114.3,19.4,38.0,114.3,19.4,38.0
20260822_191324.csv,41.0,5.8,62.8,10.8,41.0,99.4,17.1,39.0,99.4,17.1,39.0
20260822_205359.csv,41.0,5.82,42.1,7.2,40.0,106.8,18.4,39.0,106.8,18.4,39.0
20260822_215052.csv,41.0,5.8,88.2,15.2,40.0,117.1,20.2,40.0,117.1,20.2,40.0
20260823_152957.csv,32.0,5.81,97.9,16.8,29.0,139.1,23.9,,139.1,23.9,
20260823_161315.csv,37.0,5.82,101.1,17.4,33.0,123.5,21.2,32.0,123.5,21.2,32.0
20260823_210116.csv,38.0,5.76,76.5,13.3,35.0,117.3,20.4,,117.3,20.4,
20260824_081823.csv,28.0,5.75,98.5,17.1,23.0,92.9,16.2,,92.9,16.2,
20260824_104612.csv,31.0,5.89,54.9,9.3,30.0,106.0,18.0,27.0,106.0,18.0,27.0
20260824_133602.csv,32.0,5.82,51.2,8.8,30.0,109.2,18.8,30.0,109.2,18.8,30.0
20260824_174511.csv,34.0,5.82,88.7,15.2,33.0,117.3,20.2,28.0,117.3,20.2,28.0
20260824_202635.csv,35.0,5.84,67.3,11.5,,109.4,18.7,,109.4,18.7,
20260824_212048.csv,37.0,5.81,103.8,17.9,36.0,130.8,22.5,35.0,130.8,22.5,35.0
20260824_222425.csv,37.0,5.79,43.6,7.5,37.0,58.3,10.1,36.0,58.1,10.0,36.0
20260825_102604.csv,27.0,5.79,111.3,19.2,21.0,120.2,20.8,21.0,120.2,20.8,21.0
20260825_123247.csv,31.0,5.93,70.7,11.9,,105.1,17.7,26.0,105.1,17.7,26.0
20260825_183427.csv,38.0,5.83,128.2,22.0,34.0,189.7,32.5,36.0,189.7,32.5,36.0
20260826_203739.csv,33.0,5.83,100.0,17.1,25.0,115.4,19.8,25.0,115.4,19.8,25.0
20260826_224518.csv,38.0,5.86,115.8,19.8,35.0,115.4,19.7,32.0,115.4,19.7,32.0
20260828_202030.csv,34.0,5.8,132.2,22.8,31.0,104.7,18.1,31.0,104.7,18.1,31.0
20260829_100447.csv,33.0,5.78,138.0,23.9,23.0,123.0,21.3,,123.0,21.3,
20260829_191404.csv,28.0,5.89,69.0,11.7,27.0,108.0,18.3,27.0,108.0,18.3,27.0
20260829_193046.csv,31.0,5.79,76.0,13.1,30.0,135.0,23.3,31.0,135.0,23.3,31.0
20260829_194121.csv,33.0,5.81,65.0,11.2,33.0,108.0,18.6,32.0,108.0,18.6,32.0
20260830_121043.csv,24.0,5.85,64.0,10.9,23.0,112.0,19.1,21.0,112.0,19.1,21.0
20260830_122801.csv,31.0,5.78,170.0,29.4,29.0,99.0,17.1,29.0,99.0,17.1,29.0
20260830_125410.csv,38.0,5.84,176.0,30.1,37.0,207.0,35.4,37.0,207.0,35.4,37.0
20260830_155318.csv,40.0,5.84,168.0,28.8,39.0,189.0,32.4,,189.0,32.4,
20260830_165926.csv,44.0,5.83,189.0,32.4,39.0,136.0,23.3,38.0,118.0,20.2,39.0
20260830_190907.csv,43.0,5.87,144.0,24.5,43.0,107.0,18.2,42.0,107.0,18.2,42.0
20260830_192834.csv,45.0,5.81,197.0,33.9,43.0,158.0,27.2,,158.0,27.2,
20260830_200617.csv,45.0,5.82,41.0,7.0,44.0,96.0,16.5,44.0,96.0,16.5,44.0
20260831_134403.csv,26.0,5.94,60.0,10.1,24.0,93.0,15.7,24.0,93.0,15.7,24.0
20260831_201658.csv,35.0,5.95,59.0,9.9,,96.0,16.1,35.0,96.0,16.1,35.0
20260831_203855.csv,40.0,5.89,81.0,13.8,37.0,93.0,15.8,37.0,93.0,15.8,37.0
20260901_074917.csv,27.0,5.94,,,,,,,41.0,6.9,26.0
20260901_080956.csv,27.0,5.92,,,,52.0,8.8,27.0,52.0,8.8,27.0
20260901_111543.csv,27.0,5.94,43.0,7.2,25.0,99.0,16.7,25.0,99.0,16.7,25.0
20260901_112814.csv,28.0,5.96,47.0,7.9,27.0,92.0,15.4,26.0,92.0,15.4,26.0
20260902_074300.csv,18.0,5.94,,,,,,,48.0,8.1,18.0
20260902_075316.csv,22.0,5.86,54.0,9.2,19.0,99.0,16.9,21.0,99.0,16.9,21.0
20260902_201704.csv,29.0,5.88,45.0,7.7,28.0,90.0,15.3,28.0,90.0,15.3,28.0
20260902_203318.csv,30.0,5.93,,,,69.0,11.6,29.0,69.0,11.6,29.0
20260902_204646.csv,33.0,5.89,127.0,21.5,32.0,122.0,20.7,30.0,122.0,20.7,30.0
20260902_211511.csv,34.0,5.92,48.0,8.1,33.0,102.0,17.2,33.0,102.0,17.2,33.0
20260903_074822.csv,22.0,5.94,32.0,5.4,21.0,78.0,13.1,21.0,78.0,13.1,21.0
20260903_080232.csv,23.0,5.83,,,,,,,,,
20260903_082326.csv,23.0,5.93,,,,69.0,11.6,22.0,69.0,11.6,22.0
20260903_200514.csv,33.0,5.82,39.0,6.7,32.0,97.0,16.7,31.0,97.0,16.7,31.0
20260903_213855.csv,35.0,5.86,101.0,17.2,33.0,115.0,19.6,33.0,115.0,19.6,33.0
