file,date,time_start,I_sample_period_s,regime
20260511_185709.csv,2026-05-11,18:57:51.363,,
20260512_111617.csv,2026-05-12,11:16:41.304,,
20260512_195020.csv,2026-05-12,19:50:48.871,,
20260512_215542.csv,2026-05-12,21:56:09.174,,
20260513_180335.csv,2026-05-13,18:04:14.257,,
20260513_182950.csv,2026-05-13,18:30:27.956,0.771,fast
20260513_224232.csv,2026-05-13,22:53:02.788,,
20260514_080426.csv,2026-05-14,08:04:42.353,,
20260514_093059.csv,2026-05-14,09:31:48.989,,
20260514_094436.csv,2026-05-14,09:44:55.030,,
20260515_074031.csv,2026-05-15,07:40:53.375,,
20260515_075207.csv,2026-05-15,07:52:27.779,1.369,slow
20260515_191551.csv,2026-05-15,19:16:13.940,1.789,slow
20260515_194744.csv,2026-05-15,19:48:06.390,1.715,slow
20260515_222240.csv,2026-05-15,22:22:57.885,1.324,slow
20260516_121520.csv,2026-05-16,12:15:38.727,2.253,slow
20260516_125903.csv,2026-05-16,12:59:30.149,1.303,slow
20260516_131423.csv,2026-05-16,13:14:42.563,1.81,slow
20260516_134339.csv,2026-05-16,13:43:56.873,1.626,slow
20260516_175004.csv,2026-05-16,17:50:22.193,1.343,slow
20260516_182041.csv,2026-05-16,18:21:00.718,2.691,slow
20260516_191121.csv,2026-05-16,19:11:40.574,1.229,slow
20260517_112115.csv,2026-05-17,11:21:37.664,2.144,slow
20260517_120100.csv,2026-05-17,12:01:25.138,1.285,slow
20260517_141712.csv,2026-05-17,14:17:36.356,1.602,slow
20260517_145435.csv,2026-05-17,14:54:53.611,1.344,slow
20260518_073827.csv,2026-05-18,07:38:43.309,1.369,slow
20260523_113305.csv,2026-05-23,11:33:22.495,1.457,slow
20260523_120859.csv,2026-05-23,12:09:22.482,1.32,slow
20260523_124943.csv,2026-05-23,12:50:00.575,1.808,slow
20260523_131019.csv,2026-05-23,13:10:37.222,1.137,slow
20260523_144629.csv,2026-05-23,14:46:46.897,1.187,slow
20260523_183218.csv,2026-05-23,18:32:46.933,1.712,slow
20260523_210427.csv,2026-05-23,21:04:50.651,1.306,slow
20260523_213300.csv,2026-05-23,21:33:23.892,1.247,slow
20260523_222103.csv,2026-05-23,22:21:21.588,1.232,slow
20260531_183645.csv,2026-05-31,18:37:02.008,1.228,slow
20260531_200637.csv,2026-05-31,20:07:11.010,1.288,slow
20260603_122008.csv,2026-06-03,12:20:25.398,1.316,slow
20260603_124919.csv,2026-06-03,12:49:36.909,1.786,slow
20260609_132041.csv,2026-06-09,13:21:02.168,1.739,slow
20260609_153039.csv,2026-06-09,15:31:01.885,1.74,slow
20260609_164033.csv,2026-06-09,16:40:57.908,1.739,slow
20260609_223056.csv,2026-06-09,22:31:17.928,1.256,slow
20260610_094100.csv,2026-06-10,09:41:24.729,1.225,slow
20260610_105454.csv,2026-06-10,10:55:10.639,1.224,slow
20260611_061120.csv,2026-06-11,06:11:40.922,1.259,slow
20260611_100510.csv,2026-06-11,10:05:27.259,1.248,slow
20260611_134347.csv,2026-06-11,13:44:04.410,1.213,slow
20260611_203850.csv,2026-06-11,20:39:05.786,1.31,slow
20260611_215131.csv,2026-06-11,21:51:52.066,1.236,slow
20260612_142400.csv,2026-06-12,14:24:49.908,2.04,slow
20260612_152740.csv,2026-06-12,15:27:56.883,1.22,slow
20260612_170759.csv,2026-06-12,17:08:16.690,1.249,slow
20260613_101500.csv,2026-06-13,10:15:22.235,1.212,slow
20260613_181221.csv,2026-06-13,18:12:45.801,1.899,slow
20260613_195920.csv,2026-06-13,19:59:39.283,1.211,slow
20260614_133431.csv,2026-06-14,13:34:53.538,1.252,slow
20260616_160533.csv,2026-06-16,16:05:48.758,1.731,slow
20260616_162643.csv,2026-06-16,16:26:56.377,1.341,slow
20260617_150930.csv,2026-06-17,15:09:52.096,1.356,slow
20260617_152114.csv,2026-06-17,15:21:33.271,1.396,slow
20260618_124611.csv,2026-06-18,12:46:44.403,1.337,slow
20260618_150516.csv,2026-06-18,15:05:39.219,1.618,slow
20260619_122407.csv,2026-06-19,12:24:26.026,1.783,slow
20260619_180138.csv,2026-06-19,18:01:59.848,1.152,slow
20260619_190927.csv,2026-06-19,19:09:43.415,1.164,slow
20260619_210959.csv,2026-06-19,21:10:31.483,1.176,slow
20260620_090055.csv,2026-06-20,09:01:13.364,1.168,slow
20260620_105353.csv,2026-06-20,10:54:09.955,1.259,slow
20260620_135838.csv,2026-06-20,13:58:57.309,1.372,slow
20260620_165602.csv,2026-06-20,16:56:18.350,1.198,slow
20260620_180817.csv,2026-06-20,18:08:32.017,1.344,slow
20260620_182933.csv,2026-06-20,18:29:49.662,1.305,slow
20260620_192922.csv,2026-06-20,19:30:17.718,1.706,slow
20260620_220001.csv,2026-06-20,22:00:17.055,1.274,slow
20260621_124457.csv,2026-06-21,12:45:19.128,1.22,slow
20260621_145249.csv,2026-06-21,14:53:04.993,1.313,slow
20260621_164617.csv,2026-06-21,16:46:40.061,1.788,slow
20260621_212214.csv,2026-06-21,21:22:31.495,2.215,slow
20260621_213241.csv,2026-06-21,21:33:19.285,1.988,slow
20260622_203803.csv,2026-06-22,20:38:29.129,1.32,slow
20260622_212051.csv,2026-06-22,21:21:08.096,1.314,slow
20260622_214145.csv,2026-06-22,21:42:17.010,2.146,slow
20260622_220001.csv,2026-06-22,22:00:29.579,2.03,slow
20260624_112335.csv,2026-06-24,11:24:11.511,1.336,slow
20260624_130757.csv,2026-06-24,13:08:26.038,1.296,slow
20260625_122850.csv,2026-06-25,12:29:08.986,2.208,slow
20260625_153901.csv,2026-06-25,15:39:22.848,1.8,slow
20260625_210502.csv,2026-06-25,21:05:20.889,2.036,slow
20260625_212737.csv,2026-06-25,21:27:54.732,1.289,slow
20260627_085219.csv,2026-06-27,08:52:52.269,1.24,slow
20260627_093529.csv,2026-06-27,09:35:46.081,2.283,slow
20260627_111449.csv,2026-06-27,11:15:10.066,1.283,slow
20260627_114435.csv,2026-06-27,11:44:52.621,1.188,slow
20260627_144929.csv,2026-06-27,14:50:13.557,1.212,slow
20260627_154430.csv,2026-06-27,15:44:49.322,1.165,slow
20260627_175120.csv,2026-06-27,17:51:35.099,1.176,slow
20260629_172408.csv,2026-06-29,17:24:29.729,2.059,slow
20260629_175248.csv,2026-06-29,17:53:20.546,3.893,slow
20260629_180647.csv,2026-06-29,18:07:01.038,1.24,slow
20260702_193433.csv,2026-07-02,19:35:09.235,1.456,slow
20260702_204613.csv,2026-07-02,20:46:32.442,1.272,slow
20260705_105038.csv,2026-07-05,10:51:07.614,1.393,slow
20260705_122016.csv,2026-07-05,12:20:38.106,1.994,slow
20260707_213501.csv,2026-07-07,21:35:37.405,1.266,slow
20260707_222959.csv,2026-07-07,22:30:42.122,1.251,slow
20260709_215155.csv,2026-07-09,21:52:48.565,1.244,slow
20260711_160253.csv,2026-07-11,16:03:13.553,1.187,slow
20260711_174010.csv,2026-07-11,17:40:34.486,1.84,slow
20260711_221618.csv,2026-07-11,22:16:39.539,1.894,slow
20260712_105413.csv,2026-07-12,10:54:44.348,1.836,slow
20260712_155818.csv,2026-07-12,15:58:48.466,1.948,slow
20260712_174020.csv,2026-07-12,17:40:39.184,1.969,slow
20260712_210439.csv,2026-07-12,21:05:14.375,1.9,slow
20260713_132033.csv,2026-07-13,13:20:56.858,1.236,slow
20260713_182953.csv,2026-07-13,18:30:22.147,2.043,slow
20260713_203027.csv,2026-07-13,20:30:45.364,1.652,slow
20260713_214505.csv,2026-07-13,21:45:30.314,1.169,slow
20260714_110056.csv,2026-07-14,11:01:13.722,2.973,slow
20260714_113619.csv,2026-07-14,11:36:43.365,2.073,slow
20260714_115210.csv,2026-07-14,11:52:29.201,1.261,slow
20260714_123712.csv,2026-07-14,12:37:28.925,1.338,slow
20260714_145846.csv,2026-07-14,14:59:08.091,1.96,slow
20260714_153151.csv,2026-07-14,15:32:12.709,1.167,slow
20260714_161833.csv,2026-07-14,16:18:48.953,1.189,slow
20260714_165014.csv,2026-07-14,16:51:29.490,1.336,slow
20260714_170217.csv,2026-07-14,17:02:35.863,1.308,slow
20260715_160647.csv,2026-07-15,16:07:05.070,1.945,slow
20260715_194309.csv,2026-07-15,19:43:49.754,1.884,slow
20260716_062606.csv,2026-07-16,06:26:34.068,1.854,slow
20260716_065600.csv,2026-07-16,06:56:23.332,1.672,slow
20260716_094756.csv,2026-07-16,09:48:12.558,1.907,slow
20260716_115134.csv,2026-07-16,11:51:55.833,1.177,slow
20260716_180727.csv,2026-07-16,18:07:56.279,1.179,slow
20260716_194201.csv,2026-07-16,19:42:28.664,1.153,slow
20260716_215356.csv,2026-07-16,21:54:23.916,1.185,slow
20260716_224347.csv,2026-07-16,22:44:01.886,1.152,slow
20260717_103448.csv,2026-07-17,10:35:14.720,1.893,slow
20260717_134302.csv,2026-07-17,13:43:17.933,1.164,slow
20260717_163635.csv,2026-07-17,16:36:52.173,1.152,slow
20260718_113222.csv,2026-07-18,11:32:44.494,1.692,slow
20260718_125100.csv,2026-07-18,12:51:21.199,1.776,slow
20260718_145814.csv,2026-07-18,14:58:33.664,1.165,slow
20260718_161611.csv,2026-07-18,16:16:30.483,2.024,slow
20260718_163414.csv,2026-07-18,16:34:34.694,1.895,slow
20260718_203313.csv,2026-07-18,20:33:29.236,1.178,slow
20260718_213832.csv,2026-07-18,21:38:57.948,1.212,slow
20260718_220312.csv,2026-07-18,22:03:33.749,1.392,slow
20260719_154351.csv,2026-07-19,15:44:36.641,1.212,slow
20260719_171252.csv,2026-07-19,17:13:11.792,1.729,slow
20260719_184433.csv,2026-07-19,18:44:52.854,1.14,slow
20260719_204958.csv,2026-07-19,20:50:22.333,1.211,slow
20260719_212912.csv,2026-07-19,21:29:29.898,1.188,slow
20260719_214117.csv,2026-07-19,21:41:42.065,1.248,slow
20260720_113826.csv,2026-07-20,11:38:42.517,1.213,slow
20260720_134059.csv,2026-07-20,13:41:21.454,1.202,slow
20260720_165307.csv,2026-07-20,16:53:28.629,1.164,slow
20260720_174210.csv,2026-07-20,17:42:26.168,1.227,slow
20260720_190055.csv,2026-07-20,19:01:10.236,1.161,slow
20260720_204835.csv,2026-07-20,20:48:58.484,1.16,slow
20260721_114246.csv,2026-07-21,11:43:19.926,1.192,slow
20260721_122503.csv,2026-07-21,12:25:29.973,1.166,slow
20260721_172632.csv,2026-07-21,17:26:48.130,1.371,slow
20260721_193330.csv,2026-07-21,19:33:51.284,1.896,slow
20260721_194652.csv,2026-07-21,19:47:20.394,1.413,slow
20260721_200534.csv,2026-07-21,20:05:56.116,1.166,slow
20260722_121252.csv,2026-07-22,12:13:11.770,1.219,slow
20260722_134152.csv,2026-07-22,13:42:19.664,1.189,slow
20260722_163339.csv,2026-07-22,16:33:57.415,1.749,slow
20260722_184814.csv,2026-07-22,18:48:29.382,1.16,slow
20260722_204810.csv,2026-07-22,20:48:43.263,2.56,slow
20260722_210850.csv,2026-07-22,21:09:09.178,1.987,slow
20260723_113724.csv,2026-07-23,11:38:00.522,1.164,slow
20260723_132356.csv,2026-07-23,13:24:13.341,1.192,slow
20260723_173055.csv,2026-07-23,17:30:55.098,1.226,slow
20260723_200033.csv,2026-07-23,20:00:55.733,1.467,slow
20260723_210016.csv,2026-07-23,21:00:56.324,1.222,slow
20260723_211841.csv,2026-07-23,21:19:34.328,1.789,slow
20260723_215445.csv,2026-07-23,21:55:03.593,1.223,slow
20260724_114905.csv,2026-07-24,11:49:19.851,1.172,slow
20260724_144854.csv,2026-07-24,14:48:54.914,1.175,slow
20260724_165858.csv,2026-07-24,16:59:12.047,1.209,slow
20260724_174828.csv,2026-07-24,17:48:41.712,1.703,slow
20260724_204259.csv,2026-07-24,20:42:59.624,1.227,slow
20260725_113418.csv,2026-07-25,11:34:37.093,1.176,slow
20260725_125221.csv,2026-07-25,12:52:42.763,1.2,slow
20260725_133048.csv,2026-07-25,13:31:02.163,2.042,slow
20260725_140026.csv,2026-07-25,14:00:38.647,1.157,slow
20260725_163749.csv,2026-07-25,16:38:05.919,1.187,slow
20260726_103326.csv,2026-07-26,10:33:38.141,1.175,slow
20260726_141738.csv,2026-07-26,14:17:56.363,1.158,slow
20260726_172244.csv,2026-07-26,17:22:58.321,1.157,slow
20260726_200146.csv,2026-07-26,20:01:57.900,1.149,slow
20260801_180617.csv,2026-08-01,18:06:17.826,1.217,slow
20260802_081226.csv,2026-08-02,08:12:51.983,1.225,slow
20260802_093339.csv,2026-08-02,09:33:50.153,1.152,slow
20260802_132422.csv,2026-08-02,13:24:22.717,1.164,slow
20260802_153306.csv,2026-08-02,15:33:18.867,1.18,slow
20260802_163037.csv,2026-08-02,16:30:48.905,1.212,slow
20260802_184302.csv,2026-08-02,18:43:02.600,1.161,slow
20260802_193654.csv,2026-08-02,19:37:10.147,1.199,slow
20260802_213351.csv,2026-08-02,21:34:03.520,1.144,slow
20260803_181923.csv,2026-08-03,18:19:38.987,1.156,slow
20260803_193840.csv,2026-08-03,19:38:59.215,1.158,slow
20260803_215920.csv,2026-08-03,21:59:34.095,1.175,slow
20260804_153453.csv,2026-08-04,15:35:06.996,1.178,slow
20260804_155949.csv,2026-08-04,16:00:14.524,1.246,slow
20260804_191929.csv,2026-08-04,19:19:48.057,1.231,slow
20260804_194234.csv,2026-08-04,19:42:51.085,1.476,slow
20260804_200003.csv,2026-08-04,20:00:19.575,1.19,slow
20260804_201351.csv,2026-08-04,20:14:03.221,1.155,slow
20260804_215437.csv,2026-08-04,21:54:37.934,1.696,slow
20260806_155444.csv,2026-08-06,15:54:44.182,1.16,slow
20260808_122545.csv,2026-08-08,12:25:45.450,1.3,slow
20260808_124714.csv,2026-08-08,12:47:34.960,1.296,slow
20260808_130411.csv,2026-08-08,13:04:26.417,1.299,slow
20260808_160215.csv,2026-08-08,16:02:29.269,1.153,slow
20260808_201800.csv,2026-08-08,20:18:13.976,1.156,slow
20260809_120000.csv,2026-08-09,12:00:00.467,1.704,slow
20260809_123655.csv,2026-08-09,12:36:55.197,1.339,slow
20260809_124523.csv,2026-08-09,12:45:23.894,1.252,slow
20260809_130557.csv,2026-08-09,13:06:09.918,1.305,slow
20260809_131803.csv,2026-08-09,13:18:15.213,1.272,slow
20260809_181739.csv,2026-08-09,18:17:51.528,1.284,slow
20260809_191254.csv,2026-08-09,19:13:09.315,1.261,slow
20260809_192100.csv,2026-08-09,19:21:13.620,1.22,slow
20260810_151356.csv,2026-08-10,15:13:56.066,1.28,slow
20260810_152212.csv,2026-08-10,15:22:24.893,1.233,slow
20260812_085229.csv,2026-08-12,08:52:29.335,1.168,slow
20260812_093511.csv,2026-08-12,09:35:23.881,1.246,slow
20260813_115220.csv,2026-08-13,11:52:34.332,1.3,slow
20260813_144601.csv,2026-08-13,14:46:27.990,2.692,slow
20260813_145651.csv,2026-08-13,14:57:04.152,3.783,slow
20260813_150341.csv,2026-08-13,15:03:53.346,3.537,slow
20260814_101007.csv,2026-08-14,10:10:28.869,0.925,fast
20260814_102213.csv,2026-08-14,10:22:32.325,0.772,fast
20260814_121438.csv,2026-08-14,12:14:53.106,0.784,fast
20260814_122308.csv,2026-08-14,12:23:33.839,0.768,fast
20260814_182203.csv,2026-08-14,18:22:18.376,0.759,fast
20260814_213416.csv,2026-08-14,21:34:36.239,0.779,fast
20260816_124817.csv,2026-08-16,12:48:37.856,,
20260816_144003.csv,2026-08-16,14:40:31.305,,
20260816_165356.csv,2026-08-16,16:54:10.455,0.778,fast
20260816_171638.csv,2026-08-16,17:17:00.415,0.8,fast
20260816_173527.csv,2026-08-16,17:35:45.582,0.866,fast
20260816_174235.csv,2026-08-16,17:42:53.195,0.863,fast
20260817_084821.csv,2026-08-17,08:48:47.473,0.816,fast
20260817_175652.csv,2026-08-17,17:57:05.589,0.833,fast
20260817_181818.csv,2026-08-17,18:18:31.441,0.823,fast
20260817_183543.csv,2026-08-17,18:35:56.084,0.764,fast
20260818_092516.csv,2026-08-18,09:25:45.269,0.782,fast
20260818_111200.csv,2026-08-18,11:12:30.848,0.801,fast
20260818_124141.csv,2026-08-18,12:42:13.786,0.782,fast
20260818_140544.csv,2026-08-18,14:06:02.069,0.861,fast
20260818_150110.csv,2026-08-18,15:01:26.935,0.776,fast
20260819_123747.csv,2026-08-19,12:38:04.989,0.816,fast
20260819_124907.csv,2026-08-19,12:49:47.994,0.78,fast
20260819_135903.csv,2026-08-19,13:59:34.810,0.859,fast
20260820_105758.csv,2026-08-20,10:58:26.425,0.787,fast
20260820_201853.csv,2026-08-20,20:19:15.747,0.921,fast
20260820_214927.csv,2026-08-20,21:49:43.767,0.759,fast
20260820_225027.csv,2026-08-20,22:50:42.036,0.787,fast
20260821_081939.csv,2026-08-21,08:20:03.043,0.852,fast
20260821_193713.csv,2026-08-21,19:37:56.439,0.772,fast
20260821_205225.csv,2026-08-21,20:52:54.047,0.909,fast
20260821_225137.csv,2026-08-21,22:51:51.449,0.777,fast
20260822_102139.csv,2026-08-22,10:22:00.285,0.784,fast
20260822_110317.csv,2026-08-22,11:03:33.396,0.904,fast
20260822_141715.csv,2026-08-22,14:17:34.520,0.791,fast
20260822_173539.csv,2026-08-22,17:36:00.414,0.76,fast
20260822_191324.csv,2026-08-22,19:13:40.021,0.799,fast
20260822_205359.csv,2026-08-22,20:54:20.455,0.851,fast
20260822_215052.csv,2026-08-22,21:51:07.261,0.783,fast
20260823_152957.csv,2026-08-23,15:30:15.194,0.78,fast
20260823_161315.csv,2026-08-23,16:13:32.275,0.784,fast
20260823_210116.csv,2026-08-23,21:01:31.204,0.793,fast
20260824_081823.csv,2026-08-24,08:18:37.075,0.772,fast
20260824_104612.csv,2026-08-24,10:46:30.227,0.816,fast
20260824_133602.csv,2026-08-24,13:36:16.456,0.772,fast
20260824_174511.csv,2026-08-24,17:45:27.203,0.784,fast
20260824_202635.csv,2026-08-24,20:26:52.661,0.94,fast
20260824_212048.csv,2026-08-24,21:21:05.564,0.923,fast
20260824_222425.csv,2026-08-24,22:24:39.544,0.772,fast
20260825_102604.csv,2026-08-25,10:26:23.181,0.768,fast
20260825_123247.csv,2026-08-25,12:33:03.836,0.931,fast
20260825_183427.csv,2026-08-25,18:34:42.616,0.791,fast
20260826_203739.csv,2026-08-26,20:38:07.550,0.856,fast
20260826_224518.csv,2026-08-26,22:45:35.340,0.779,fast
20260828_202030.csv,2026-08-28,20:20:45.358,0.772,fast
20260829_100447.csv,2026-08-29,10:05:18.114,0.839,fast
20260829_191404.csv,2026-08-29,19:14:18.890,0.868,fast
20260829_193046.csv,2026-08-29,19:31:04.955,0.788,fast
20260829_194121.csv,2026-08-29,19:41:59.844,0.822,fast
20260830_121043.csv,2026-08-30,12:11:30.878,0.772,fast
20260830_122801.csv,2026-08-30,12:28:25.004,0.792,fast
20260830_125410.csv,2026-08-30,12:54:33.169,0.825,fast
20260830_155318.csv,2026-08-30,15:53:43.512,0.957,fast
20260830_165926.csv,2026-08-30,16:59:44.060,0.965,fast
20260830_190907.csv,2026-08-30,19:09:28.806,0.776,fast
20260830_192834.csv,2026-08-30,19:28:49.993,0.772,fast
20260830_200617.csv,2026-08-30,20:06:34.221,0.762,fast
20260831_134403.csv,2026-08-31,13:44:21.190,0.765,fast
20260831_201658.csv,2026-08-31,20:17:36.536,0.771,fast
20260831_203855.csv,2026-08-31,20:39:18.565,0.768,fast
20260901_074917.csv,2026-09-01,07:49:46.692,0.792,fast
20260901_080956.csv,2026-09-01,08:10:15.783,0.768,fast
20260901_111543.csv,2026-09-01,11:16:00.998,0.785,fast
20260901_112814.csv,2026-09-01,11:28:43.544,0.79,fast
20260902_074300.csv,2026-09-02,07:43:23.805,0.764,fast
20260902_075316.csv,2026-09-02,07:53:38.025,0.75,fast
20260902_201704.csv,2026-09-02,20:17:24.812,0.775,fast
20260902_203318.csv,2026-09-02,20:33:38.881,0.741,fast
20260902_204646.csv,2026-09-02,20:47:13.819,0.842,fast
20260902_211511.csv,2026-09-02,21:15:31.391,0.747,fast
20260903_074822.csv,2026-09-03,07:48:50.473,0.756,fast
20260903_080232.csv,2026-09-03,08:02:52.389,0.855,fast
20260903_082326.csv,2026-09-03,08:23:51.057,0.77,fast
20260903_200514.csv,2026-09-03,20:05:35.232,0.756,fast
20260903_213855.csv,2026-09-03,21:39:12.720,0.759,fast
20260904_075123.csv,2026-09-04,07:51:40.930,0.773,fast
20260904_080352.csv,2026-09-04,08:04:09.529,0.762,fast
20260904_203411.csv,2026-09-04,20:34:28.443,0.777,fast
20260905_103157.csv,2026-09-05,10:32:26.082,0.751,fast
20260905_104841.csv,2026-09-05,10:48:53.782,0.746,fast
20260905_110415.csv,2026-09-05,11:04:29.699,0.732,fast
20260905_122311.csv,2026-09-05,12:23:24.368,0.756,fast
20260905_123511.csv,2026-09-05,12:35:26.415,0.732,fast
20260905_124450.csv,2026-09-05,12:45:03.652,0.876,fast
20260905_162310.csv,2026-09-05,16:23:23.174,0.837,fast
20260905_163145.csv,2026-09-05,16:32:07.858,0.86,fast
20260905_164824.csv,2026-09-05,16:48:39.350,0.756,fast
20260905_172322.csv,2026-09-05,17:23:37.275,0.765,fast
20260905_175245.csv,2026-09-05,17:53:01.539,0.84,fast
20260905_183226.csv,2026-09-05,18:32:54.730,0.749,fast
20260906_121520.csv,2026-09-06,12:15:34.807,0.749,fast
20260906_122920.csv,2026-09-06,12:29:42.204,0.757,fast
20260906_130754.csv,2026-09-06,13:08:13.026,1.379,slow
20260906_131945.csv,2026-09-06,13:20:01.169,1.344,slow
20260906_134827.csv,2026-09-06,13:48:42.112,1.441,slow
20260906_195140.csv,2026-09-06,19:52:48.694,1.293,slow
20260906_201552.csv,2026-09-06,20:16:09.188,1.32,slow
20260907_074534.csv,2026-09-07,07:45:47.164,1.3,slow
20260907_080214.csv,2026-09-07,08:02:30.214,1.488,slow
20260907_081855.csv,2026-09-07,08:19:08.818,1.276,slow
20260907_082522.csv,2026-09-07,08:25:38.627,1.528,slow
20260907_165532.csv,2026-09-07,16:55:45.452,1.447,slow
20260907_171659.csv,2026-09-07,17:17:20.535,1.445,slow
20260907_172745.csv,2026-09-07,17:28:08.104,1.445,slow
20260907_174600.csv,2026-09-07,17:46:20.886,1.454,slow
20260908_074435.csv,2026-09-08,07:44:50.381,1.426,slow
20260908_075934.csv,2026-09-08,08:00:12.223,1.432,slow
20260908_085530.csv,2026-09-08,08:55:48.959,1.384,slow
20260908_123156.csv,2026-09-08,12:32:12.790,1.45,slow
20260908_124726.csv,2026-09-08,12:47:50.974,1.523,slow
20260909_073950.csv,2026-09-09,07:40:05.177,1.515,slow
20260909_075611.csv,2026-09-09,07:56:24.867,1.446,slow
20260909_133503.csv,2026-09-09,13:35:19.023,1.458,slow
20260909_140527.csv,2026-09-09,14:05:49.427,1.468,slow
20260909_143711.csv,2026-09-09,14:37:24.974,1.437,slow
20260909_153731.csv,2026-09-09,15:37:47.390,1.44,slow
20260909_154548.csv,2026-09-09,15:46:06.686,1.441,slow
20260910_074344.csv,2026-09-10,07:44:04.258,1.478,slow
20260910_075908.csv,2026-09-10,07:59:34.906,1.48,slow
20260910_081613.csv,2026-09-10,08:16:30.923,1.463,slow
20260910_135648.csv,2026-09-10,13:57:03.104,1.515,slow
20260910_143202.csv,2026-09-10,14:32:21.061,1.44,slow
2026-09-11_07-42-27.csv,2026-09-11,07:42:44.482,1.41,slow
2026-09-11_08-01-27.csv,2026-09-11,08:01:45.013,1.459,slow
2026-09-11_15-04-47.csv,2026-09-11,15:05:09.992,1.468,slow
2026-09-11_15-23-18.csv,2026-09-11,15:23:37.881,1.451,slow
2026-09-11_19-24-41.csv,2026-09-11,19:25:03.280,1.393,slow
2026-09-11_19-37-40.csv,2026-09-11,19:38:00.894,1.392,slow
2026-09-11_21-57-07.csv,2026-09-11,21:57:24.128,1.456,slow
2026-09-12_13-25-13.csv,2026-09-12,13:25:37.985,1.438,slow
2026-09-12_13-33-36.csv,2026-09-12,13:33:54.657,1.49,slow
2026-09-12_13-57-02.csv,2026-09-12,13:57:19.543,1.504,slow
2026-09-12_14-15-41.csv,2026-09-12,14:16:07.585,1.486,slow
2026-09-12_14-48-27.csv,2026-09-12,14:48:56.245,1.475,slow
2026-09-12_15-01-43.csv,2026-09-12,15:01:59.400,1.469,slow
2026-09-12_16-59-34.csv,2026-09-12,16:59:53.474,1.468,slow
2026-09-13_11-48-59.csv,2026-09-13,11:49:19.940,1.463,slow
2026-09-13_12-01-09.csv,2026-09-13,12:01:26.056,1.47,slow
2026-09-13_12-08-25.csv,2026-09-13,12:08:49.285,1.48,slow
2026-09-13_12-22-44.csv,2026-09-13,12:23:02.795,1.467,slow
2026-09-13_13-01-46.csv,2026-09-13,13:02:06.415,1.3,slow
2026-09-13_13-46-17.csv,2026-09-13,13:46:37.570,1.308,slow
2026-09-13_17-11-06.csv,2026-09-13,17:11:25.954,1.407,slow
2026-09-13_19-00-19.csv,2026-09-13,19:00:46.515,1.416,slow
2026-09-13_19-10-18.csv,2026-09-13,19:10:36.638,1.444,slow
2026-09-13_19-45-44.csv,2026-09-13,19:45:57.873,1.32,slow
2026-09-13_20-30-29.csv,2026-09-13,20:31:18.527,1.403,slow
2026-09-14_07-36-58.csv,2026-09-14,07:37:16.342,1.42,slow
2026-09-14_07-50-59.csv,2026-09-14,07:51:19.214,1.408,slow
2026-09-14_16-56-10.csv,2026-09-14,16:56:26.769,1.424,slow
2026-09-14_17-08-07.csv,2026-09-14,17:08:32.243,1.335,slow
2026-09-14_18-09-48.csv,2026-09-14,18:10:03.562,1.469,slow
2026-09-14_18-49-32.csv,2026-09-14,18:49:58.923,1.424,slow
2026-09-15_07-49-33.csv,2026-09-15,07:49:57.346,1.436,slow
2026-09-15_08-06-11.csv,2026-09-15,08:06:30.695,1.401,slow
2026-09-15_14-44-40.csv,2026-09-15,14:45:09.135,1.43,slow
2026-09-16_07-35-39.csv,2026-09-16,07:36:01.622,1.407,slow
2026-09-16_07-49-37.csv,2026-09-16,07:50:01.102,1.416,slow
2026-09-16_13-54-36.csv,2026-09-16,13:54:59.024,1.474,slow
2026-09-16_14-01-15.csv,2026-09-16,14:01:32.995,1.467,slow
2026-09-16_14-40-56.csv,2026-09-16,14:41:11.406,1.477,slow
2026-09-16_18-07-46.csv,2026-09-16,18:08:01.081,1.432,slow
2026-09-16_18-17-21.csv,2026-09-16,18:18:17.782,1.48,slow
2026-09-16_19-00-34.csv,2026-09-16,19:00:53.867,1.408,slow
2026-09-16_19-29-42.csv,2026-09-16,19:30:02.049,1.411,slow
2026-09-17_07-42-09.csv,2026-09-17,07:42:36.097,1.297,slow
2026-09-17_08-01-31.csv,2026-09-17,08:02:00.575,1.521,slow
2026-09-17_08-17-51.csv,2026-09-17,08:18:07.187,1.392,slow
2026-09-17_18-42-24.csv,2026-09-17,18:42:40.923,1.584,slow
2026-09-17_18-50-09.csv,2026-09-17,18:50:27.612,1.716,slow
2026-09-17_19-54-00.csv,2026-09-17,19:54:12.597,1.308,slow
2026-09-18_07-43-41.csv,2026-09-18,07:44:08.228,1.425,slow
2026-09-18_08-01-32.csv,2026-09-18,08:01:44.251,1.472,slow
2026-09-19_09-36-29.csv,2026-09-19,09:36:49.381,1.278,slow
2026-09-19_12-04-29.csv,2026-09-19,12:04:49.686,1.324,slow
2026-09-19_12-17-53.csv,2026-09-19,12:18:11.647,1.28,slow
2026-09-19_12-56-56.csv,2026-09-19,12:57:17.052,1.271,slow
2026-09-19_13-06-20.csv,2026-09-19,13:06:36.089,1.464,slow
2026-09-19_15-44-41.csv,2026-09-19,15:45:10.516,1.296,slow
2026-09-19_17-22-21.csv,2026-09-19,17:22:47.642,1.309,slow
2026-09-19_17-42-40.csv,2026-09-19,17:43:01.706,1.288,slow
2026-09-20_06-44-20.csv,2026-09-20,06:44:50.685,1.365,slow
2026-09-20_10-38-25.csv,2026-09-20,10:38:40.769,1.408,slow
2026-09-20_11-23-27.csv,2026-09-20,11:23:52.954,1.284,slow
2026-09-20_18-02-44.csv,2026-09-20,18:03:06.817,1.43,slow
2026-09-20_19-27-18.csv,2026-09-20,19:27:32.399,1.48,slow
2026-09-20_20-25-25.csv,2026-09-20,20:25:39.181,1.359,slow
2026-09-20_20-52-42.csv,2026-09-20,20:52:58.243,1.454,slow
2026-09-20_20-59-21.csv,2026-09-20,20:59:36.140,1.415,slow
2026-09-21_07-36-37.csv,2026-09-21,07:37:01.542,1.284,slow
2026-09-21_07-50-20.csv,2026-09-21,07:50:34.865,1.412,slow
2026-09-21_12-02-22.csv,2026-09-21,12:02:40.651,1.45,slow
2026-09-21_20-35-24.csv,2026-09-21,20:35:44.960,1.416,slow
2026-09-21_20-55-26.csv,2026-09-21,20:55:40.972,1.322,slow
2026-09-22_07-45-42.csv,2026-09-22,07:45:59.475,1.295,slow
2026-09-22_07-59-37.csv,2026-09-22,07:59:53.631,1.42,slow
2026-09-22_11-55-57.csv,2026-09-22,11:56:34.411,1.404,slow
2026-09-22_16-13-42.csv,2026-09-22,16:13:54.694,1.428,slow
2026-09-22_16-21-26.csv,2026-09-22,16:21:45.747,1.408,slow
2026-09-22_21-59-14.csv,2026-09-22,21:59:37.039,1.396,slow
2026-09-22_22-14-10.csv,2026-09-22,22:14:31.511,1.4,slow
2026-09-23_07-39-38.csv,2026-09-23,07:39:57.683,1.403,slow
2026-09-23_07-51-39.csv,2026-09-23,07:53:21.339,1.473,slow
2026-09-23_08-11-14.csv,2026-09-23,08:11:34.823,1.482,slow
2026-09-23_18-33-22.csv,2026-09-23,18:33:40.297,1.403,slow
2026-09-24_20-27-48.csv,2026-09-24,20:28:03.474,1.407,slow
2026-09-24_22-29-34.csv,2026-09-24,22:29:50.997,1.445,slow
2026-09-25_13-48-33.csv,2026-09-25,13:48:48.494,1.431,slow
2026-09-25_14-09-21.csv,2026-09-25,14:09:40.637,1.402,slow
2026-09-25_14-30-29.csv,2026-09-25,14:30:47.564,1.416,slow
2026-09-25_19-55-15.csv,2026-09-25,19:55:28.883,1.39,slow
2026-09-25_20-14-16.csv,2026-09-25,20:14:32.981,1.418,slow
2026-09-26_12-07-59.csv,2026-09-26,12:08:18.058,1.462,slow
2026-09-26_12-21-17.csv,2026-09-26,12:21:36.193,1.432,slow
2026-09-26_13-05-40.csv,2026-09-26,13:05:59.023,1.472,slow
2026-09-26_13-47-37.csv,2026-09-26,13:47:52.905,1.385,slow
2026-09-26_14-06-50.csv,2026-09-26,14:07:04.577,1.43,slow
2026-09-26_16-47-35.csv,2026-09-26,16:47:54.832,1.425,slow
2026-09-26_17-57-23.csv,2026-09-26,17:57:38.320,1.443,slow
2026-09-26_18-08-40.csv,2026-09-26,18:09:03.162,1.432,slow
2026-09-26_20-00-42.csv,2026-09-26,20:01:00.657,1.464,slow
2026-09-27_13-43-58.csv,2026-09-27,13:44:39.116,1.419,slow
2026-09-27_13-54-46.csv,2026-09-27,13:55:05.599,1.419,slow
2026-09-27_14-12-39.csv,2026-09-27,14:12:58.553,1.431,slow
2026-09-27_14-54-46.csv,2026-09-27,14:55:04.413,1.432,slow
2026-09-27_15-12-43.csv,2026-09-27,15:12:59.398,1.411,slow
2026-09-27_16-50-42.csv,2026-09-27,16:50:58.159,1.437,slow
2026-09-27_17-01-21.csv,2026-09-27,17:01:37.777,1.441,slow
2026-09-27_17-15-25.csv,2026-09-27,17:15:40.482,1.398,slow
2026-09-27_17-34-35.csv,2026-09-27,17:35:19.626,1.432,slow
2026-09-27_17-49-23.csv,2026-09-27,17:49:36.716,1.486,slow
2026-09-27_19-57-33.csv,2026-09-27,19:57:45.735,1.394,slow
2026-09-27_22-04-51.csv,2026-09-27,22:05:19.904,1.407,slow
2026-09-28_21-24-27.csv,2026-09-28,21:24:47.345,1.411,slow
2026-09-29_10-00-34.csv,2026-09-29,10:00:50.536,1.468,slow
2026-09-29_10-13-01.csv,2026-09-29,10:13:15.343,1.404,slow
2026-09-29_10-21-46.csv,2026-09-29,10:22:01.007,1.556,slow
2026-09-29_20-39-13.csv,2026-09-29,20:39:27.913,1.605,slow
2026-09-29_22-10-11.csv,2026-09-29,22:10:44.105,1.454,slow
2026-09-29_22-22-40.csv,2026-09-29,22:23:46.178,1.476,slow
2026-09-30_08-08-32.csv,2026-09-30,08:09:40.075,1.439,slow
2026-09-30_08-21-17.csv,2026-09-30,08:21:34.527,1.424,slow
2026-09-30_10-39-05.csv,2026-09-30,10:39:30.826,1.532,slow
2026-09-30_10-51-47.csv,2026-09-30,10:52:08.404,1.544,slow
2026-09-30_20-12-47.csv,2026-09-30,20:13:09.660,1.446,slow
2026-09-30_20-39-00.csv,2026-09-30,20:39:30.902,1.36,slow
2026-10-01_07-38-47.csv,2026-10-01,07:39:53.073,1.424,slow
2026-10-01_07-57-02.csv,2026-10-01,07:57:17.077,1.456,slow
2026-10-01_08-14-08.csv,2026-10-01,08:14:32.345,1.461,slow
2026-10-01_16-45-44.csv,2026-10-01,16:46:00.098,0.825,fast
2026-10-01_16-57-31.csv,2026-10-01,16:57:58.013,0.839,fast
2026-10-01_17-40-07.csv,2026-10-01,17:40:23.266,0.829,fast
2026-10-01_18-19-32.csv,2026-10-01,18:19:51.158,0.859,fast
2026-10-01_19-58-38.csv,2026-10-01,19:59:05.976,0.821,fast
2026-10-02_07-50-49.csv,2026-10-02,07:51:10.430,0.877,fast
2026-10-02_08-04-04.csv,2026-10-02,08:04:19.715,0.864,fast
2026-10-02_19-04-06.csv,2026-10-02,19:04:28.458,0.763,fast
2026-10-02_19-35-32.csv,2026-10-02,19:35:50.008,0.879,fast
2026-10-02_21-02-25.csv,2026-10-02,21:02:41.830,0.836,fast
2026-10-03_09-48-44.csv,2026-10-03,09:49:03.610,0.815,fast
2026-10-03_09-58-07.csv,2026-10-03,09:58:41.580,0.925,fast
2026-10-03_10-03-24.csv,2026-10-03,10:03:41.064,0.856,fast
2026-10-03_12-06-18.csv,2026-10-03,12:06:40.097,0.812,fast
2026-10-03_14-33-03.csv,2026-10-03,14:33:19.419,0.828,fast
2026-10-03_15-01-24.csv,2026-10-03,15:01:50.216,0.84,fast
2026-10-03_16-02-23.csv,2026-10-03,16:02:42.000,0.856,fast
2026-10-03_16-19-05.csv,2026-10-03,16:19:26.892,0.841,fast
2026-10-03_16-39-03.csv,2026-10-03,16:39:22.567,0.979,fast
2026-10-03_17-05-43.csv,2026-10-03,17:06:01.231,0.885,fast
2026-10-03_17-27-25.csv,2026-10-03,17:27:50.961,0.876,fast
2026-10-03_18-32-35.csv,2026-10-03,18:32:51.624,0.874,fast
2026-10-03_18-52-09.csv,2026-10-03,18:52:23.107,0.832,fast
2026-10-04_11-38-19.csv,2026-10-04,11:39:45.535,0.919,fast
2026-10-04_12-02-58.csv,2026-10-04,12:03:18.862,0.844,fast
2026-10-04_12-13-56.csv,2026-10-04,12:14:25.398,0.855,fast
2026-10-04_12-52-59.csv,2026-10-04,12:53:15.600,0.852,fast
2026-10-04_13-05-56.csv,2026-10-04,13:06:26.182,0.831,fast
2026-10-04_14-38-51.csv,2026-10-04,14:39:10.292,0.846,fast
2026-10-04_14-52-00.csv,2026-10-04,14:52:19.295,0.809,fast
