file,type,dist,E_gen_fuel,E_gen_roadload,E_trac_fuel,E_trac_roadload,gen_ratio,gen_diff
20260812_085229.csv,urban,2.371818808777776,0.4342675953461056,0.4125466831639702,0.7575886019627435,0.34455946094174794,0.9499826549000873,-0.0217209121821354
20260812_093511.csv,urban,2.421702985277779,0.3911210338885194,0.5575034094342606,0.6490697815493266,0.47586410387870504,1.4253986902508673,0.1663823755457412
20260813_115220.csv,urban,4.546644657638881,0.909650494131922,1.0541558055141653,1.2699860007026855,0.6092485832919432,1.1588580584679884,0.14450531138224332
20260813_145651.csv,urban,2.2745075711666662,0.5361604408872994,0.4664500707336173,0.8494670613422477,0.4275071540669506,0.869982257478158,-0.06971037015368214
20260813_150341.csv,urban,4.585213230333332,0.7098089334107531,0.7988968380821666,1.2243489617670924,0.6793801714155,1.1255096977201047,0.08908790467141348
20260814_101007.csv,urban,0.7248906888611112,0.3234479436738461,0.2616365353338851,0.3831492059333904,0.09017486866721842,0.8088984346665393,-0.061811408339961016
20260814_121438.csv,urban,2.6450794458333333,0.5046594598277641,0.5146271952961051,0.7820860783437715,0.4614394175183273,1.0197514091418063,0.009967735468341066
20260814_122308.csv,urban,2.654845167500001,0.3594225313068035,0.5718126880648107,0.665962917427353,0.49643782695369953,1.5909205413077196,0.21239015675800715
20260814_182203.csv,mixed_highway,34.17144215955561,5.380094714152488,7.471346049533112,6.647202814347802,6.948428688422001,1.3887015836133014,2.0912513353806244
20260814_213416.csv,mixed_highway,34.1683430460555,5.14657113702555,6.6011173893841555,6.878277691724024,6.325803361606377,1.2826243364041516,1.4545462523586057
20260816_165356.csv,urban,3.258331548888889,0.9176099288680939,0.8736558591293546,1.5165475409184266,0.6066000257960212,0.9520993960985598,-0.043954069738739276
20260816_171638.csv,urban,10.878512940194463,2.2173649977338816,2.3888918571550986,2.8370810702077174,2.030993523821765,1.077356168062775,0.17152685942121693
20260817_084821.csv,urban,10.965993363583316,1.4402365704564766,1.6920491446666996,2.715960893560436,1.5626502557778108,1.1748411194213824,0.2518125742102231
20260817_175652.csv,urban,1.354415734111111,0.41505060395768134,0.38930074776476514,0.6876387677784603,0.26918852554254297,0.9379597187731314,-0.0257498561929162
20260817_181818.csv,urban,1.7730023017777774,0.385828649309931,0.36320524735316295,0.7637772636694631,0.33703927513094073,0.9413641211008285,-0.02262340195676804
20260817_183543.csv,urban,38.35749720552781,5.521131579362918,7.3671515969094035,9.383792817042247,6.799837846909403,1.3343553746204138,1.8460200175464854
20260818_092516.csv,urban,9.066947384111112,0.9229855434625472,1.7242100010882986,1.7429358094845624,1.326689306643854,1.8680790975555115,0.8012244576257513
20260818_111200.csv,urban,20.798692322916708,3.5464593472035832,3.6545676923852923,5.546534779446474,3.0520713034964033,1.030483458175533,0.10810834518170909
20260818_124141.csv,urban,2.1154815051944444,0.4366319665554558,0.44279318285909414,0.7210244087033285,0.40512596063687195,1.0141107769828297,0.006161216303638362
20260818_140544.csv,urban,9.54310686961112,2.0116408474667353,1.8543916909596672,3.448744414478169,1.6905264131818893,0.9218304019302986,-0.15724915650706817
20260818_150110.csv,urban,2.978533499361109,0.7335981488663189,0.6496970436580498,1.2363690755832937,0.5092982936580499,0.8856307021249612,-0.0839011052082691
20260819_123747.csv,urban,0.6133512064444446,0.375837667887379,0.29191947958850994,0.48908248365683055,0.1300165629218433,0.7767169300230561,-0.08391818829886905
20260819_124907.csv,urban,18.774165841944452,2.48882618638985,3.8123296685140176,4.749982179453257,3.311998418514017,1.5317781889959805,1.3235034821241674
20260819_135903.csv,urban,14.725235114611124,3.0903340067935336,3.16177239087264,5.386594340830565,2.6802746130948623,1.023116719397341,0.07143838407910641
20260820_105758.csv,urban,44.5604420724723,5.932846534541721,7.742692583026772,9.400957024898606,6.825388555248994,1.3050552610703676,1.809846048485051
20260820_201853.csv,urban,25.23130360830556,3.6851120191584714,4.688752538492068,5.827083478590854,4.376096844047623,1.2723500708026745,1.0036405193335964
20260820_214927.csv,mixed,23.10097494836111,3.6168099148605095,4.425350294066105,5.336958310494081,3.8426812662883267,1.2235506975037638,0.8085403792055952
20260820_225027.csv,urban,3.6005107621388923,0.4696529528465335,0.561474363016933,0.8848790885637546,0.5296370019058219,1.1955090660324317,0.09182141017039946
20260821_081939.csv,urban,25.07755604044447,4.147500281202771,4.798617908348426,6.717118674998833,4.31579610279287,1.1569903756478663,0.6511176271456547
20260821_193713.csv,urban,2.465862777277777,0.8131813045510182,0.6507551543231579,1.3090187825907191,0.3959934876564912,0.8002583811029194,-0.16242615022786033
20260821_205225.csv,urban,9.225020026944447,1.6236187441709475,1.7597219498006458,2.874214633323433,1.4623512553562013,1.0838270721610788,0.13610320562969824
20260821_225137.csv,mixed,27.35628958694446,3.701146037893861,4.587663620158191,5.577969346470911,4.168083759047079,1.2395251560429652,0.8865175822643296
20260822_102139.csv,mixed,14.204865018222208,1.9163452953115823,2.8403562080020333,2.7848599523370687,2.462476902446477,1.4821734970994433,0.924010912690451
20260822_110317.csv,urban,24.077310481777737,3.5723038853299927,4.380463888546083,6.337476518817069,3.937452499657194,1.2262293548247327,0.80816000321609
20260822_141715.csv,urban,12.66711473794443,2.6773465830044234,2.1811005385904583,3.982345692858474,1.9301401219237915,0.8146500540631929,-0.49624604441396514
20260822_173539.csv,urban,5.653897744250002,1.4257065194495058,1.3024350335612112,2.175153488427097,0.9768418391167666,0.9135365629555428,-0.12327148588829462
20260822_191324.csv,urban,6.937225161166665,1.3451934912110173,1.2845693164930994,2.1820796050030027,1.0046866776042105,0.9549327475088059,-0.06062417471791792
20260822_205359.csv,urban,3.88836215375,0.9189843182841947,0.9312917420805503,1.3532739766323267,0.5835742420805503,1.0133924198177118,0.012307423796355632
20260822_215052.csv,mixed,26.05346359161116,3.473091308298467,4.109213954640218,5.386183676435162,3.7466860379735505,1.1831574784175196,0.6361226463417511
20260823_152957.csv,urban,17.51676902974999,2.4356948264879015,3.414854595601967,3.717824521021064,3.1035658456019672,1.4020042898912521,0.9791597691140654
20260823_161315.csv,urban,9.02102409561112,1.6537028312218818,2.170879017811963,2.699833625056665,1.8700791567008512,1.3127382845489548,0.517176186590081
20260823_210116.csv,urban,27.807485628277785,3.453768170265236,4.541109740405401,5.791423070580428,4.106721962627622,1.3148276075683045,1.0873415701401647
20260824_081823.csv,urban,19.587020831861125,2.198516953090381,3.6981067418394393,3.5882903253002363,3.2669952140616614,1.6820915284010596,1.4995897887490583
20260824_104612.csv,urban,9.644083253805563,1.685180012601681,1.7106635111165622,3.162003253773082,1.6105986500054512,1.0151221224583231,0.025483498514881298
20260824_133602.csv,urban,5.378244212749993,0.5005106946785335,1.1789159027723666,1.0636025542559986,0.8190022916612553,2.3554259984985078,0.6784052080938331
20260824_174511.csv,urban,11.991133923222195,1.5974092719817754,2.4055941639883853,2.891233659597199,2.0402859695439406,1.5059347696185341,0.8081848920066099
20260824_202635.csv,urban,13.52331071694447,2.0382417869331615,2.0245303794259493,3.2983470889443844,1.7775887127592827,0.9932729239508709,-0.013711407507212225
20260824_212048.csv,mixed,27.674573174083324,3.712756128225084,4.940621155518709,5.817953279210534,4.455989766629821,1.3307152381916927,1.2278650272936251
20260824_222425.csv,urban,2.4335479046666686,0.4154363786976059,0.4437437349026837,0.676084344408379,0.3711037349026837,1.068138847863592,0.028307356205077794
20260825_102604.csv,mixed,19.53509922127779,2.3226071609545276,3.6569530164814523,3.6696006871450773,3.3947834331481186,1.574503462298181,1.3343458555269248
20260825_123247.csv,urban,7.654635335388894,2.0934643650639564,1.8185130045580826,3.227327570877738,1.348125226780305,0.8686620297463368,-0.27495136050587377
20260825_183427.csv,urban,26.84758216386108,4.275363853200885,5.413796866796242,6.951430825454344,4.770807561240687,1.2662774567696815,1.1384330135953578
20260826_203739.csv,urban,32.10038381066667,4.708903366537487,5.757266700796199,7.803744548255344,5.196387256351755,1.2226342850245377,1.0483633342587124
20260826_224518.csv,urban,30.89112674105553,4.391888731909698,5.440199626205774,6.765781670820243,4.927888515094663,1.2386924984413814,1.0483108942960762
20260828_202030.csv,urban,43.78272973466662,5.43204321965673,6.908034854339021,8.751272944711623,6.188774437672354,1.271719420298641,1.4759916346822903
20260829_100447.csv,mixed,44.7,5.435389670882417,7.439320181142691,8.45118896958648,6.860725181142691,1.3686820323104714,2.0039305102602736
20260829_191404.csv,urban,1.53,0.4757967400602274,0.47578900538097013,0.7889709826879315,0.32208067204763685,0.9999837437321318,-7.734679257243027e-06
20260829_193046.csv,urban,3.3,0.7826166818002342,0.9144380672193699,1.0836174529573575,0.5966869561082588,1.1684367181081678,0.13182138541913568
20260829_194121.csv,urban,1.76,0.34812511845347566,0.4881791993557303,0.783787395585486,0.4564662826890637,1.402309610764188,0.14005408090225463
20260830_121043.csv,urban,3.94,0.6030925711781084,0.6622266221849563,1.0382127533102432,0.5625164832960675,1.098051366959027,0.059134051006847876
20260830_122801.csv,urban,19.3,2.608332458102797,3.3431604762041367,3.8175622435272354,2.908261587315248,1.2817232963607048,0.7348280181013398
20260830_125410.csv,highway,118.0,20.10961968079705,25.384602827835984,21.74609111201108,24.57040213339154,1.262311432576524,5.274983147038935
20260830_155318.csv,highway,82.6,14.721064086891014,18.623827495076668,15.71348891622278,17.865694439521114,1.2651142189959645,3.9027634081856544
20260830_165926.csv,mixed_highway,101.0,16.973193526739884,21.09698458921818,20.326676752795034,20.34664875588485,1.2429590551702365,4.123791062478297
20260830_190907.csv,urban,5.04,0.9050047152176974,0.9842029305635361,1.437462448353812,0.8456033472302028,1.08751138421062,0.07919821534583871
20260830_192834.csv,urban,10.6,2.0887508591823973,2.5658279004865934,2.6877712843327295,2.2373810949310378,1.2284030377327715,0.47707704130419604
20260830_200617.csv,urban,1.73,0.3271029243069722,0.40743556671767456,0.598467554100754,0.28027445560656344,1.2455882734185328,0.08033264241070237
20260831_134403.csv,urban,2.49,0.5449177291376441,0.296864137082693,1.182836611737574,0.40608802597158183,0.5447870774043144,-0.24805359205495114
20260831_201658.csv,urban,2.54,0.3261747318575694,0.3014696005291465,0.7987658661740105,0.384208906084702,0.9242579853205463,-0.02470513132842289
20260831_203855.csv,urban,16.7,2.274817274158844,2.821052597618763,4.234059042718223,2.4095370420632074,1.2401227253129152,0.5462353234599187
20260901_074917.csv,urban,1.23,0.36088264359841077,0.23249968635383436,0.5653959517728165,0.14203732524272328,0.64425289073353,-0.1283829572445764
20260901_080956.csv,urban,1.32,0.2996835309046885,0.2909554338369652,0.48460724399394645,0.15297654494807628,0.9708756198868359,-0.008728097067723317
20260901_111543.csv,urban,2.29,0.5839896851840913,0.5295708212406189,1.0186461462631957,0.3803854045739522,0.906815367935278,-0.054418863943472395
20260901_112814.csv,urban,1.99,0.3713949258904296,0.4649346502190788,0.7221348961525205,0.32133520577463437,1.2518605339165179,0.09353972432864921
20260902_075316.csv,urban,4.71,0.809553213113682,1.1127543397344284,1.5681319953969401,0.7581626730677617,1.374528964506956,0.3032011266207464
20260902_201704.csv,urban,2.34,0.5027703657901896,0.5349010452091596,0.7788812190605694,0.3410010452091595,1.0639072658319293,0.032130679418969965
20260902_204646.csv,urban,12.2,1.4751330022829496,1.8702000843083717,2.668318568646186,1.721775778752816,1.267817940086763,0.39506708202542207
20260902_211511.csv,urban,4.67,0.8017813672429449,0.9454411003481983,1.443313077324109,0.682283878125976,1.1791756942410008,0.14365973310525337
20260903_074822.csv,urban,1.17,0.5081789731858397,0.40976713668716075,0.6360748785423411,0.14370852557604963,0.8063441391883603,-0.09841183649867896
20260903_082326.csv,urban,1.53,0.2783526600991271,0.29838296033080763,0.46544210392895086,0.1722418492196965,1.0719601538011072,0.02003030023168051
20260903_200514.csv,urban,1.84,0.37556093412679625,0.42175323980539636,0.5774882846704897,0.24468990647206298,1.1229955021440137,0.04619230567860011
20260903_213855.csv,urban,11.0,1.4955390139034317,2.0613353322134444,2.510171074727409,1.8692607488801112,1.3783226736648322,0.5657963183100128
