file,fmt,date,drive_type,ambient_c,pack_minus_ambient_c,time_start,time_end,pipeline_version,distance_km,duration_s,integr_time_h,n_raw_rows,n_I_samples,I_sample_period_s,sign_check,speed_source,speed_max,speed_mean,speed_mean_moving,speed_p95,pct_urban,pct_highway,stationary_pct,engine_on_pct,accel_max_g,accel_min_g,accel_p05_g,accel_p95_g,soc_start,soc_end,soc_min,soc_max,soc_band,rf_socmean_wtd_pct,rf_dod_max_pct,rf_dod_wmean_pct,cell_spread_mean_mv,cell_spread_max_mv,cell_spread_p95_mv,cell_spread_loaded_mean_mv,cell_spread_loaded_max_mv,cell_spread_loaded_p95_mv,n_loaded_spread_samples,vsag_R_pack_mohm,vsag_R_iqr_mohm,vsag_I_mean_A,vsag_soc_mean,n_vsag_rest,n_vsag_load,vreg_R_pack_mohm,n_vreg_samples,vreg_I_p95_A,peak_I_discharge,peak_I_charge,dual_peak_A,dual_peak_Crate,regen_peak_A,regen_peak_Crate,eng_charge_peak_A,eng_charge_peak_Crate,charge_fraction,regen_share_of_charge,V_pack_median,T_pack_mean_avg,T_pack_mean_max,T1_peak,T2_peak,T3_peak,T4_peak,T1_minus_pack_max,T_intake,T_motor_max,T_coolant_max,target_torque_max,target_torque_min,gross_discharge_kwh,gross_charge_kwh,gross_throughput_kwh,net_draw_kwh,net_draw_per100km,soc_delta_kwh,energy_residual_kwh,charge_eng_on_kwh,charge_eng_off_kwh,charge_eng_only_kwh,charge_dual_kwh,charge_pure_regen_kwh,charge_lowtq_engoff_kwh,gtc,fce,cap_ah_est,peak_discharge_kw,peak_charge_kw,standstill_draw_kw,n_standstill_samples,I_offset_A_applied,offset_kwh_removed,net_draw_kwh_corr,energy_residual_kwh_corr,net_draw_per100km_corr,implied_offset_A_drive
e4ORCE_20260807_073756.csv,wide,2026-08-07,urban,27.5,5.4,07:38:17.198,07:58:16.451,6,9.0,1199.3,0.3299,16363,694,1.659,ok,vcm,87.0,27.8,36.4,81.0,80.9,0.0,23.7,28.9,0.156,-0.156,-0.061,0.07,51.5,52.0,48.5,71.5,23.0,59.86,23.0,3.6,9.0,50.0,18.0,8.5,41.0,22.0,84,98.45,37.93,67.2,61.4,250,39,102.58,473.0,59.1,145.3,-126.1,-126.1,21.5,-99.6,17.0,-126.1,21.5,51.1,32.8,358.4,32.9,34.0,35.0,35.0,33.0,33.0,1.0,28.1,52.0,35.0,144.5,-137.1,1.0845,1.1327,2.2172,-0.0482,-0.54,-0.0105,-0.0377,0.7609,0.3718,0.4371,0.3239,0.2234,0.1484,1.0558,0.5279,5.86,51.2,-47.1,0.51,146,-0.5474,-0.0647,0.0165,0.027,0.18,-0.319
e4ORCE_20260808_173209.csv,long,2026-08-08,urban,19.5,5.6,2026-08-08 17:32:34.886275400,2026-08-08 17:45:56.602142100,6,5.0,801.7,0.2179,11204,476,1.647,ok,vcm,69.0,23.4,32.2,62.2,86.3,0.0,27.8,28.8,0.138,-0.159,-0.099,0.077,58.0,59.0,48.0,73.0,25.0,65.39,25.0,4.37,9.2,56.0,16.0,10.0,56.0,22.7,84,99.58,52.51,69.0,64.9,169,26,116.47,334.0,65.9,146.4,-112.8,-112.8,19.4,-80.6,13.9,-112.8,19.4,53.3,23.2,361.4,25.1,27.0,28.0,28.0,26.0,26.0,1.0,23.0,44.0,26.0,121.1,-191.4,0.7902,0.9034,1.6936,-0.1132,-2.26,-0.021,-0.0922,0.694,0.2094,0.325,0.369,0.156,0.0533,0.8065,0.4032,5.81,51.9,-42.2,1.08,100,-0.5474,-0.0431,-0.0701,-0.0491,-1.4,-1.171
e4ORCE_20260808_183204.csv,long,2026-08-08,mixed,18.8,14.5,2026-08-08 18:32:04.240745900,2026-08-08 19:44:47.236393200,6,54.2,4363.0,1.1816,61816,2628,1.609,ok,vcm,114.0,46.0,55.2,94.0,49.9,13.2,16.7,49.1,0.207,-0.247,-0.09,0.075,57.0,69.0,49.0,73.5,24.5,64.55,24.5,3.18,10.3,87.0,22.0,12.4,87.0,30.2,500,100.78,52.41,72.9,64.2,675,213,106.48,1669.0,70.3,174.1,-179.7,-155.6,26.8,-179.7,30.9,-155.6,26.8,52.7,29.6,361.4,33.3,39.2,43.0,42.0,37.0,35.0,3.75,25.4,65.0,32.0,165.2,-191.9,5.005,5.5707,10.5757,-0.5657,-1.04,-0.252,-0.3137,3.9195,1.6512,2.4723,1.4472,1.297,0.3543,5.036,2.518,5.81,62.1,-68.9,1.02,317,-0.5474,-0.2337,-0.332,-0.08,-0.61,-0.735
e4ORCE_20260808_200116.csv,long,2026-08-08,urban,18.3,20.3,2026-08-08 20:01:38.676143700,2026-08-08 20:10:45.940281500,6,6.5,547.3,0.1515,8414,358,1.531,ok,vcm,83.0,43.7,46.8,80.0,67.5,0.0,6.7,38.1,0.149,-0.124,-0.087,0.092,68.0,59.5,54.0,70.0,16.0,64.28,16.0,3.91,11.3,46.0,23.2,14.2,46.0,24.0,69,124.61,57.52,67.7,63.2,56,36,,,,123.1,-117.3,-117.3,20.1,-85.7,14.7,-117.3,20.1,44.7,31.6,359.9,38.6,39.2,43.0,42.0,37.0,35.0,4.25,27.4,61.0,32.0,135.2,-160.5,0.7656,0.6181,1.3837,0.1475,2.27,0.1785,-0.031,0.4226,0.1954,0.2435,0.1791,0.1504,0.045,0.6589,0.3295,5.83,42.9,-43.8,2.35,19,-0.5474,-0.0298,0.1773,-0.0012,2.73,-0.569
e4ORCE_20260809_073906.csv,long,2026-08-09,mixed,17.3,7.4,2026-08-09 07:39:24.178588700,2026-08-09 08:34:56.870276500,6,0.0,3332.7,0.6089,33175,1377,1.584,ok,vcm,108.0,37.1,56.3,92.0,49.6,7.9,34.1,44.6,0.161,-0.25,-0.086,0.076,58.0,62.0,52.0,71.5,19.5,65.77,19.5,3.29,11.0,110.0,20.0,15.4,110.0,25.0,211,123.77,64.45,73.2,66.5,347,94,131.97,858.0,71.9,148.9,-141.2,-141.2,24.4,-132.1,22.8,-141.2,24.4,51.8,29.2,363.4,24.7,28.0,30.0,30.0,27.0,25.0,2.5,18.2,56.0,31.0,136.1,-191.6,2.5265,2.7109,5.2374,-0.1844,,-0.084,-0.1004,1.9197,0.7912,1.3375,0.5822,0.5985,0.1927,2.494,1.247,5.78,52.9,-54.5,0.47,180,-0.5474,-0.1211,-0.0633,0.0207,,-0.454
e4ORCE_20260809_162221.csv,long,2026-08-09,mixed,23.1,9.1,2026-08-09 16:22:48.674854400,2026-08-09 17:08:55.908428500,6,34.0,2767.2,0.7639,39876,1696,1.618,ok,vcm,126.0,44.8,52.4,91.0,58.7,6.7,14.6,47.8,0.202,-0.303,-0.128,0.111,60.5,59.5,48.0,72.5,24.5,64.56,24.5,3.37,10.2,63.0,20.0,11.1,63.0,22.0,390,117.19,48.95,73.7,64.0,337,189,117.5,1079.0,78.5,159.4,-200.6,-200.6,34.6,-162.0,27.9,-200.6,34.6,51.1,33.9,361.9,32.2,39.5,42.0,42.0,38.0,36.0,2.75,27.6,73.0,40.0,176.7,-191.7,3.8147,3.9847,7.7994,-0.17,-0.5,0.021,-0.191,2.6325,1.3522,1.3334,1.2991,1.1439,0.2083,3.714,1.857,5.8,56.3,-75.6,1.41,195,-0.5474,-0.1513,-0.0187,-0.0397,-0.06,-0.691
e4ORCE_20260810_074122.csv,long,2026-08-10,urban,18.9,5.1,2026-08-10 07:41:42.931031100,2026-08-10 08:00:14.187584500,6,9.0,1111.3,0.2962,15708,667,1.595,ok,vcm,85.0,30.2,36.4,79.0,79.6,0.0,17.0,36.3,0.138,-0.136,-0.079,0.072,54.5,51.0,45.0,71.0,26.0,60.74,26.0,4.9,9.5,44.0,17.0,11.6,44.0,20.0,81,158.06,43.23,69.9,59.7,147,31,146.18,425.0,54.3,178.4,-104.5,-104.5,17.8,-83.3,14.2,-104.5,17.8,49.4,18.5,358.7,24.0,25.2,26.0,27.0,24.0,24.0,1.0,18.4,41.0,28.0,146.9,-160.6,1.135,1.1092,2.2442,0.0258,0.29,0.0735,-0.0477,0.9042,0.2049,0.5211,0.3832,0.1258,0.0791,1.0687,0.5343,5.85,61.6,-38.8,0.41,63,-0.5474,-0.0582,0.084,0.0105,0.93,-0.449
e4ORCE_20260810_150903.csv,long,2026-08-10,mixed,27.8,0.9,2026-08-10 15:09:25.369940000,2026-08-10 15:52:36.922807600,6,12.0,2591.6,0.299,21311,668,1.598,ok,vcm,91.0,40.8,47.3,79.0,54.9,0.7,14.0,43.7,0.148,-0.141,-0.082,0.067,51.0,60.5,50.0,68.0,18.0,60.44,18.0,2.84,9.3,95.0,17.0,11.5,95.0,24.0,81,111.44,65.81,80.3,61.7,143,31,112.7,428.0,63.2,168.2,-120.1,-116.2,19.9,-112.6,19.3,-120.1,20.6,53.9,23.9,360.0,28.7,31.0,31.0,32.0,31.0,30.0,0.5,28.2,55.0,35.0,114.1,-184.1,1.024,1.1959,2.2199,-0.1719,-1.43,-0.1995,0.0276,0.9099,0.286,0.6665,0.2434,0.143,0.143,1.0571,0.5285,5.83,58.7,-44.9,1.72,69,-0.5474,-0.0589,-0.113,0.0865,-0.94,0.256
e4ORCE_20260810_173111.csv,long,2026-08-10,urban,27.5,5.8,2026-08-10 17:31:44.546080800,2026-08-10 17:39:16.303145500,6,1.1,451.8,0.1225,6448,274,1.603,ok,vcm,38.0,8.8,11.9,29.0,100.0,0.0,27.0,27.8,0.098,-0.126,-0.061,0.061,51.0,50.0,47.0,57.0,10.0,51.75,10.0,4.83,7.2,14.0,11.0,9.3,12.0,11.7,7,,,,,133,3,,,,54.3,-74.1,-74.1,12.5,,,-74.1,12.5,47.8,6.3,353.4,33.3,33.5,34.0,34.0,33.0,33.0,0.75,31.2,53.0,42.0,120.3,-90.5,0.2653,0.2428,0.5081,0.0225,2.05,0.021,0.0015,0.2274,0.0154,0.1532,0.0742,0.0133,0.0022,0.242,0.121,5.94,18.9,-27.1,0.57,49,-0.5474,-0.0237,0.0462,0.0252,4.2,0.035
