file,rel_dis,rel_chg,cor_dis,cor_chg,cor_thr,cor_gtc,cor_fce,crossings,npairs,add
20260513_182950.csv,0.0019,-0.0,0.0019,0.0,0.0019,0.0009,0.0005,0,26,0.0
20260515_075207.csv,0.1711,0.3066,0.1764,0.3119,0.4883,0.2325,0.1163,34,250,0.010635
20260515_191551.csv,0.5405,0.6454,0.5507,0.6555,1.2061,0.5744,0.2872,40,267,0.020255
20260515_194744.csv,1.3137,1.2019,1.3656,1.2538,2.6195,1.2474,0.6237,102,520,0.103823
20260515_222240.csv,1.4778,1.422,1.5113,1.4554,2.9667,1.4127,0.7064,140,885,0.066868
20260516_121520.csv,0.3076,0.5647,0.3204,0.5774,0.8978,0.4275,0.2138,28,158,0.025508
20260516_125903.csv,0.3706,0.2901,0.3893,0.3089,0.6982,0.3325,0.1662,36,225,0.037548
20260516_131423.csv,1.2646,1.279,1.2898,1.3042,2.594,1.2352,0.6176,110,867,0.050389
20260516_134339.csv,0.8769,0.8344,0.8991,0.8566,1.7556,0.836,0.418,78,512,0.044344
20260516_175004.csv,0.2285,0.304,0.2335,0.309,0.5425,0.2583,0.1292,25,193,0.010024
20260516_182041.csv,0.1814,0.2838,0.1865,0.2889,0.4755,0.2264,0.1132,20,135,0.010171
20260516_191121.csv,0.7937,0.976,0.7993,0.9816,1.7809,0.848,0.424,75,1082,0.011168
20260517_112115.csv,0.4047,0.4826,0.4138,0.4917,0.9055,0.4312,0.2156,32,241,0.018283
20260517_120100.csv,0.5249,0.6665,0.5358,0.6774,1.2131,0.5777,0.2888,66,617,0.0217
20260517_141712.csv,0.4413,0.4379,0.4472,0.4438,0.891,0.4243,0.2122,47,366,0.011828
20260517_145435.csv,0.8598,0.8119,0.8769,0.829,1.7059,0.8123,0.4062,82,617,0.034205
20260518_073827.csv,0.4878,0.5949,0.4972,0.6043,1.1015,0.5245,0.2623,56,484,0.018821
20260523_113305.csv,0.4926,0.3193,0.4975,0.3242,0.8217,0.3913,0.1956,32,271,0.009685
20260523_120859.csv,0.7306,0.6881,0.7425,0.7,1.4425,0.6869,0.3435,68,495,0.023745
20260523_124943.csv,0.2892,0.5356,0.2988,0.5451,0.8439,0.4018,0.2009,44,235,0.019071
20260523_131019.csv,5.6984,5.8146,5.8773,5.9935,11.8708,5.6528,2.8264,757,3747,0.357773
20260523_144629.csv,1.2852,1.2177,1.3119,1.2444,2.5564,1.2173,0.6087,115,797,0.053508
20260523_183218.csv,0.7778,0.8444,0.7912,0.8577,1.6488,0.7852,0.3926,66,426,0.026669
20260523_210427.csv,0.5451,0.4807,0.5509,0.4865,1.0373,0.494,0.247,58,418,0.011506
20260523_213300.csv,3.0771,3.5342,3.1636,3.6207,6.7843,3.2306,1.6153,369,1908,0.172952
20260523_222103.csv,3.1116,2.8442,3.202,2.9346,6.1366,2.9222,1.4611,413,2078,0.180737
20260531_183645.csv,4.3016,4.5968,4.362,4.6572,9.0192,4.2949,2.1474,381,2626,0.120793
20260531_200637.csv,0.9544,1.0475,0.9792,1.0722,2.0514,0.9769,0.4884,120,690,0.049527
20260603_122008.csv,0.2779,0.5049,0.2824,0.5094,0.7917,0.377,0.1885,54,389,0.008891
20260603_124919.csv,0.5671,0.3616,0.5761,0.3705,0.9466,0.4508,0.2254,49,422,0.017872
20260609_132041.csv,7.1406,7.6187,7.4678,7.9459,15.4136,7.3398,3.6699,732,2864,0.654382
20260609_153039.csv,2.9826,3.0335,3.0836,3.1345,6.2181,2.961,1.4805,489,2125,0.202017
20260609_164033.csv,6.9045,7.0029,7.1722,7.2706,14.4428,6.8775,3.4388,930,4383,0.535406
20260609_223056.csv,2.624,2.8764,2.6912,2.9436,5.6348,2.6832,1.3416,225,1535,0.134438
20260610_094100.csv,4.8172,4.9272,4.8975,5.0075,9.905,4.7167,2.3583,418,2901,0.160638
20260610_105454.csv,8.4057,8.8411,8.6857,9.1212,17.8069,8.4795,4.2397,868,4293,0.560081
20260611_061120.csv,10.2921,10.9883,10.528,11.2241,21.7521,10.3581,5.1791,1118,6383,0.471665
20260611_100510.csv,1.095,1.1357,1.109,1.1496,2.2586,1.0755,0.5378,97,934,0.027872
20260611_134347.csv,2.9987,3.2771,3.0415,3.3199,6.3614,3.0292,1.5146,227,2078,0.085526
20260611_203850.csv,0.2343,0.3085,0.2375,0.3116,0.5491,0.2615,0.1307,35,359,0.00633
20260611_215131.csv,2.3581,2.6744,2.3861,2.7024,5.0885,2.4231,1.2116,171,1627,0.056019
20260612_142400.csv,0.3273,0.4604,0.3301,0.4632,0.7933,0.3778,0.1889,26,248,0.005537
20260612_152740.csv,5.4845,5.7994,5.5953,5.9102,11.5054,5.4788,2.7394,523,3764,0.221448
20260612_170759.csv,8.3146,8.7135,8.6032,9.002,17.6052,8.3834,4.1917,1021,4880,0.577152
20260613_101500.csv,4.4293,4.7756,4.5592,4.9055,9.4647,4.507,2.2535,576,4039,0.259742
20260613_181221.csv,0.8081,0.9811,0.8252,0.9983,1.8236,0.8684,0.4342,66,463,0.03433
20260613_195920.csv,3.5862,3.7221,3.668,3.8039,7.4719,3.558,1.779,421,2618,0.163671
20260614_133431.csv,1.8186,1.8748,1.869,1.9252,3.7941,1.8067,0.9034,221,1545,0.100692
20260616_160533.csv,0.3897,0.3357,0.394,0.34,0.734,0.3495,0.1748,20,195,0.008619
20260616_162643.csv,0.3367,0.4036,0.3388,0.4057,0.7445,0.3545,0.1773,28,377,0.004144
20260617_150930.csv,0.3354,0.4027,0.3396,0.4069,0.7464,0.3554,0.1777,28,214,0.008416
20260617_152114.csv,0.8257,0.8872,0.842,0.9036,1.7456,0.8312,0.4156,82,523,0.032708
20260618_124611.csv,0.5427,0.6991,0.5533,0.7097,1.2629,0.6014,0.3007,64,547,0.021166
20260618_150516.csv,0.3071,0.3295,0.3124,0.3348,0.6471,0.3082,0.1541,20,247,0.010598
20260619_122407.csv,16.6143,17.2399,17.4357,18.0612,35.4968,16.9033,8.4516,1921,8302,1.642663
20260619_180138.csv,2.7491,3.1328,2.8407,3.2245,6.0652,2.8882,1.4441,616,2576,0.183318
20260619_190927.csv,6.8915,7.2551,7.097,7.4607,14.5577,6.9323,3.4661,1117,5336,0.411133
20260619_210959.csv,12.8349,12.9441,13.1482,13.2573,26.4055,12.574,6.287,1291,7639,0.62646
20260620_090055.csv,0.85,1.0601,0.8603,1.0704,1.9307,0.9194,0.4597,157,1088,0.020579
20260620_105353.csv,0.8136,0.9968,0.8295,1.0127,1.8422,0.8772,0.4386,167,1008,0.031807
20260620_135838.csv,0.4935,0.244,0.4939,0.2444,0.7384,0.3516,0.1758,6,327,0.000892
20260620_165602.csv,1.1716,1.4275,1.1871,1.4429,2.63,1.2524,0.6262,170,1557,0.030933
20260620_180817.csv,0.2674,0.0561,0.2677,0.0564,0.3242,0.1544,0.0772,9,190,0.000644
20260620_182933.csv,0.9407,1.0913,0.9498,1.1004,2.0502,0.9763,0.4881,104,1106,0.018279
20260620_192922.csv,0.3564,0.4561,0.3644,0.464,0.8284,0.3945,0.1972,58,340,0.015863
20260620_220001.csv,0.4986,0.5636,0.5045,0.5695,1.0739,0.5114,0.2557,42,472,0.011749
20260621_124457.csv,0.2168,0.4459,0.2192,0.4483,0.6675,0.3179,0.1589,44,421,0.00484
20260621_145249.csv,0.4532,0.4527,0.4549,0.4544,0.9093,0.433,0.2165,26,372,0.003345
20260621_164617.csv,15.0922,15.9788,15.8772,16.7638,32.641,15.5433,7.7717,1669,6477,1.569966
20260621_212214.csv,0.2657,0.4054,0.2706,0.4103,0.681,0.3243,0.1621,14,131,0.009942
20260621_213241.csv,2.1557,2.1049,2.2227,2.172,4.3947,2.0927,1.0463,152,802,0.134024
20260622_203803.csv,0.6357,0.6568,0.6478,0.6689,1.3167,0.627,0.3135,57,495,0.024228
20260622_212051.csv,0.5286,0.6771,0.536,0.6845,1.2205,0.5812,0.2906,54,525,0.014771
20260622_214145.csv,0.3431,0.3303,0.3493,0.3364,0.6857,0.3265,0.1633,20,170,0.012229
20260622_220001.csv,0.5138,0.4632,0.5216,0.4709,0.9925,0.4726,0.2363,28,219,0.015455
20260624_112335.csv,0.4025,0.3884,0.407,0.3928,0.7998,0.3809,0.1904,34,285,0.008923
20260624_130757.csv,0.69,0.8314,0.6967,0.8381,1.5348,0.7309,0.3654,58,780,0.01346
20260625_122850.csv,0.4142,0.3945,0.4266,0.4069,0.8336,0.3969,0.1985,36,198,0.024954
20260625_153901.csv,0.4943,0.6642,0.5061,0.6761,1.1822,0.5629,0.2815,34,317,0.023629
20260625_210502.csv,0.4538,0.423,0.4595,0.4287,0.8883,0.423,0.2115,20,219,0.011445
20260625_212737.csv,1.5503,1.8226,1.5995,1.8717,3.4712,1.6529,0.8265,124,820,0.098337
20260627_085219.csv,0.4373,0.8005,0.4427,0.8059,1.2486,0.5946,0.2973,38,273,0.010773
20260627_093529.csv,0.6328,0.4829,0.645,0.495,1.14,0.5428,0.2714,34,196,0.024243
20260627_111449.csv,0.4463,0.4967,0.4515,0.5019,0.9533,0.454,0.227,42,399,0.01028
20260627_114435.csv,9.7734,10.4691,10.1681,10.8638,21.0319,10.0152,5.0076,1634,7116,0.789356
20260627_144929.csv,0.9663,1.079,0.9939,1.1066,2.1005,1.0002,0.5001,216,895,0.055224
20260627_154430.csv,6.3024,6.6258,6.4616,6.785,13.2467,6.3079,3.154,984,5007,0.318491
20260627_175120.csv,7.1282,7.6825,7.3374,7.8917,15.229,7.2519,3.626,895,4479,0.418382
20260629_172408.csv,0.3967,0.341,0.4016,0.3458,0.7474,0.3559,0.178,12,164,0.009771
20260629_175248.csv,0.1595,0.0379,0.1656,0.0439,0.2095,0.0998,0.0499,11,44,0.012178
20260629_180647.csv,0.8806,1.105,0.8975,1.1219,2.0195,0.9617,0.4808,78,636,0.033875
20260702_193433.csv,0.3767,0.3923,0.3815,0.3971,0.7785,0.3707,0.1854,22,278,0.009498
20260702_204613.csv,1.6804,1.7656,1.7142,1.7994,3.5136,1.6731,0.8366,215,1266,0.067673
20260705_105038.csv,0.2203,0.3682,0.2237,0.3716,0.5954,0.2835,0.1418,22,302,0.006924
20260705_122016.csv,1.4877,1.5946,1.5509,1.6577,3.2086,1.5279,0.764,128,663,0.126249
20260707_213501.csv,1.4159,1.7448,1.4618,1.7908,3.2526,1.5489,0.7744,184,937,0.091914
20260707_222959.csv,1.1232,0.8555,1.1483,0.8806,2.029,0.9662,0.4831,148,784,0.050217
20260709_215155.csv,2.7596,2.9206,2.9068,3.0678,5.9745,2.845,1.4225,497,1987,0.294318
20260711_160253.csv,7.3682,8.2883,7.6421,8.5621,16.2042,7.7163,3.8581,969,4433,0.547628
20260711_174010.csv,3.3173,3.0666,3.4648,3.2141,6.6789,3.1804,1.5902,303,1333,0.294954
20260711_221618.csv,2.5916,2.8401,2.6729,2.9214,5.5943,2.6639,1.332,196,1232,0.162504
20260712_105413.csv,1.96,2.0192,2.0221,2.0812,4.1033,1.954,0.977,186,951,0.124137
20260712_155818.csv,1.1361,1.2368,1.1724,1.273,2.4454,1.1645,0.5822,92,554,0.072569
20260712_174020.csv,0.9058,1.0403,0.9255,1.06,1.9856,0.9455,0.4728,82,443,0.039468
20260712_210439.csv,1.5837,1.7548,1.6269,1.798,3.425,1.6309,0.8155,124,749,0.086467
20260713_132033.csv,4.3973,4.523,4.5346,4.6602,9.1948,4.3785,2.1892,532,3727,0.274426
20260713_182953.csv,2.6342,2.7528,2.7441,2.8628,5.6069,2.6699,1.335,273,1571,0.219839
20260713_203027.csv,0.6887,0.6882,0.7102,0.7097,1.4199,0.6762,0.3381,75,442,0.04295
20260713_214505.csv,2.2502,2.58,2.2869,2.6167,4.9037,2.3351,1.1675,248,2275,0.073551
20260714_110056.csv,0.2617,0.5121,0.2728,0.5231,0.7959,0.379,0.1895,22,150,0.022103
20260714_113619.csv,0.4243,0.3692,0.4323,0.3771,0.8094,0.3854,0.1927,29,209,0.015899
20260714_115210.csv,0.7568,0.7763,0.7799,0.7993,1.5792,0.752,0.376,62,438,0.046139
20260714_123712.csv,0.9251,1.1308,0.934,1.1397,2.0737,0.9875,0.4937,52,414,0.017813
20260714_145846.csv,0.4427,0.5999,0.4521,0.6093,1.0614,0.5054,0.2527,28,220,0.018745
20260714_153151.csv,1.7534,1.6288,1.7788,1.6542,3.433,1.6348,0.8174,158,1235,0.050812
20260714_161833.csv,1.7828,1.8445,1.8454,1.907,3.7524,1.7869,0.8934,248,1162,0.125127
20260714_165014.csv,0.5659,0.8943,0.5904,0.9189,1.5093,0.7187,0.3594,70,311,0.049149
20260714_170217.csv,0.5088,0.467,0.5177,0.4759,0.9936,0.4732,0.2366,52,281,0.017882
20260715_160647.csv,3.4192,3.8061,3.4935,3.8803,7.3738,3.5113,1.7557,225,1641,0.148459
20260715_194309.csv,3.7819,3.9285,3.8762,4.0228,7.899,3.7614,1.8807,264,1990,0.188644
20260716_062606.csv,1.8594,2.1791,1.9168,2.2366,4.1534,1.9778,0.9889,140,797,0.114907
20260716_065600.csv,7.0544,7.1029,7.2419,7.2903,14.5322,6.9201,3.4601,895,4763,0.37487
20260716_094756.csv,7.0561,7.3317,7.3875,7.6631,15.0506,7.167,3.5835,824,3497,0.662803
20260716_115134.csv,11.6227,12.0287,12.0201,12.4261,24.4463,11.6411,5.8205,1557,7788,0.794858
20260716_180727.csv,1.7569,1.8875,1.7897,1.9204,3.71,1.7667,0.8833,212,1583,0.065646
20260716_194201.csv,0.6996,0.6733,0.712,0.6856,1.3976,0.6655,0.3328,106,891,0.024616
20260716_215356.csv,0.8274,1.0552,0.8445,1.0723,1.9169,0.9128,0.4564,130,1137,0.034258
20260716_224347.csv,0.2881,0.2407,0.2913,0.2438,0.5351,0.2548,0.1274,26,352,0.006262
20260717_103448.csv,1.1348,1.1271,1.1634,1.1558,2.3192,1.1044,0.5522,126,784,0.057314
20260717_134302.csv,0.6998,0.8849,0.7147,0.8998,1.6145,0.7688,0.3844,135,1079,0.029778
20260717_163635.csv,0.3891,0.3195,0.3958,0.3262,0.7219,0.3438,0.1719,65,507,0.013284
20260718_113222.csv,0.632,0.7541,0.6517,0.7738,1.4255,0.6788,0.3394,121,695,0.039355
20260718_125100.csv,1.5544,1.7539,1.5883,1.7878,3.3761,1.6077,0.8038,185,1062,0.067826
20260718_145814.csv,4.3645,4.7168,4.5442,4.8964,9.4406,4.4955,2.2478,494,2474,0.35932
20260718_161611.csv,0.9216,1.043,0.9595,1.0809,2.0404,0.9716,0.4858,85,361,0.075756
20260718_163414.csv,4.3601,4.4628,4.6246,4.7273,9.3519,4.4533,2.2266,451,1668,0.52895
20260718_203313.csv,1.3493,1.5366,1.3886,1.5759,2.9645,1.4116,0.7058,164,840,0.078528
20260718_213832.csv,1.0438,1.261,1.0733,1.2905,2.3638,1.1256,0.5628,108,695,0.059037
20260718_220312.csv,0.4555,0.3141,0.4562,0.3148,0.771,0.3671,0.1836,14,218,0.00137
20260719_154351.csv,2.3972,2.6834,2.4628,2.749,5.2118,2.4818,1.2409,377,1989,0.131239
20260719_171252.csv,0.3373,0.2486,0.3405,0.2517,0.5922,0.282,0.141,16,200,0.006341
20260719_184433.csv,1.3828,1.5852,1.4051,1.6076,3.0127,1.4346,0.7173,132,958,0.04471
20260719_204958.csv,2.3848,2.7056,2.4442,2.7651,5.2093,2.4806,1.2403,302,1562,0.118849
20260719_212912.csv,0.2371,0.2389,0.2512,0.2531,0.5043,0.2401,0.1201,66,262,0.028207
20260719_214117.csv,0.4441,0.4553,0.4533,0.4645,0.9178,0.437,0.2185,44,395,0.018374
20260720_113826.csv,1.146,1.1471,1.1632,1.1643,2.3275,1.1083,0.5542,81,653,0.034409
20260720_134059.csv,13.5561,14.4839,14.1076,15.0354,29.143,13.8776,6.9388,1700,7696,1.102966
20260720_165307.csv,3.9044,4.0748,4.0381,4.2084,8.2465,3.9269,1.9635,442,2214,0.267325
20260720_174210.csv,2.2488,2.1727,2.3098,2.2337,4.5435,2.1636,1.0818,219,1215,0.122103
20260720_190055.csv,1.4162,1.4637,1.4506,1.4981,2.9486,1.4041,0.7021,150,1015,0.068667
20260720_204835.csv,5.223,5.5447,5.4313,5.753,11.1844,5.3259,2.6629,574,3258,0.416677
20260721_114246.csv,1.5312,1.6189,1.5683,1.656,3.2244,1.5354,0.7677,179,1101,0.074305
20260721_122503.csv,0.2657,0.351,0.2667,0.3519,0.6186,0.2946,0.1473,11,372,0.001875
20260721_172632.csv,1.6041,1.7865,1.6692,1.8516,3.5209,1.6766,0.8383,176,1082,0.130345
20260721_193330.csv,0.1828,0.2151,0.1842,0.2166,0.4008,0.1909,0.0954,16,129,0.002963
20260721_194652.csv,0.4127,0.4658,0.4214,0.4745,0.8958,0.4266,0.2133,26,246,0.01732
20260721_200534.csv,0.5764,0.7589,0.5859,0.7684,1.3543,0.6449,0.3225,46,989,0.01912
20260722_121252.csv,0.3264,0.2805,0.3278,0.2819,0.6097,0.2904,0.1452,14,268,0.002927
20260722_134152.csv,0.6644,0.6887,0.6736,0.6979,1.3715,0.6531,0.3265,73,480,0.018385
20260722_163339.csv,0.2718,0.2585,0.2737,0.2605,0.5342,0.2544,0.1272,8,110,0.00387
20260722_184814.csv,0.5847,0.6275,0.597,0.6398,1.2368,0.5889,0.2945,50,351,0.024543
20260722_204810.csv,0.1763,0.0765,0.179,0.0793,0.2584,0.123,0.0615,12,82,0.005586
20260722_210850.csv,0.2926,0.4771,0.3033,0.4878,0.7911,0.3767,0.1883,28,187,0.021366
20260723_113724.csv,6.3229,6.5962,6.487,6.7604,13.2474,6.3083,3.1541,691,3927,0.328285
20260723_132356.csv,0.8681,1.058,0.8914,1.0812,1.9726,0.9394,0.4697,106,746,0.046525
20260723_173055.csv,3.7846,4.096,3.8946,4.2061,8.1007,3.8575,1.9287,456,2542,0.220038
20260723_200033.csv,0.1519,0.0312,0.1536,0.0329,0.1865,0.0888,0.0444,9,63,0.003377
20260723_210016.csv,0.9478,1.097,0.9607,1.1098,2.0705,0.986,0.493,54,531,0.025697
20260723_211841.csv,0.6942,0.6994,0.7075,0.7127,1.4202,0.6763,0.3381,44,306,0.026532
20260723_215445.csv,4.8516,4.8969,5.0116,5.0569,10.0685,4.7945,2.3973,498,2470,0.319996
20260724_114905.csv,0.255,0.2553,0.2583,0.2587,0.517,0.2462,0.1231,20,176,0.00666
20260724_144854.csv,0.2352,0.3717,0.24,0.3765,0.6165,0.2936,0.1468,34,228,0.009634
20260724_165858.csv,3.216,3.1405,3.3386,3.2631,6.6017,3.1437,1.5718,426,1856,0.245201
20260724_174828.csv,3.7789,3.8718,3.9782,4.0711,8.0493,3.833,1.9165,444,2050,0.39863
20260724_204259.csv,3.3687,3.7828,3.4601,3.8742,7.3343,3.4925,1.7463,388,2198,0.182738
20260725_113418.csv,5.3864,5.8441,5.5632,6.0209,11.5841,5.5162,2.7581,762,3602,0.35361
20260725_125221.csv,1.5472,1.3291,1.5759,1.3577,2.9335,1.3969,0.6985,160,1221,0.057212
20260725_133048.csv,0.8235,1.0963,0.8681,1.141,2.0091,0.9567,0.4784,118,450,0.089218
20260725_140026.csv,11.1193,11.6337,11.3657,11.8801,23.2457,11.0694,5.5347,1191,6863,0.492689
20260725_163749.csv,0.6394,0.2937,0.6412,0.2956,0.9369,0.4461,0.2231,22,393,0.003763
20260726_103326.csv,15.3526,15.8735,15.6631,16.184,31.8471,15.1653,7.5826,1547,9200,0.62094
20260726_141738.csv,8.4427,8.9249,8.6783,9.1604,17.8387,8.4946,4.2473,1375,7070,0.471078
20260726_172244.csv,7.7628,8.1043,7.9069,8.2484,16.1553,7.693,3.8465,782,6785,0.288252
20260726_200146.csv,7.3847,7.7179,7.5909,7.9241,15.5149,7.3881,3.694,902,4427,0.412401
20260801_180617.csv,1.9083,2.1036,1.9597,2.155,4.1147,1.9594,0.9797,172,1301,0.102826
20260802_081226.csv,0.4879,0.5262,0.494,0.5323,1.0262,0.4887,0.2443,35,387,0.012237
20260802_093339.csv,0.5033,0.6395,0.5081,0.6443,1.1524,0.5488,0.2744,44,512,0.009535
20260802_132422.csv,10.4969,11.3436,10.8413,11.6879,22.5291,10.7282,5.3641,1276,6020,0.688659
20260802_153306.csv,1.7655,1.6316,1.7962,1.6623,3.4585,1.6469,0.8235,126,1118,0.061405
20260802_163037.csv,0.6079,0.5566,0.6142,0.5629,1.1772,0.5606,0.2803,86,599,0.012671
20260802_184302.csv,1.3214,1.553,1.3434,1.5751,2.9185,1.3898,0.6949,178,1278,0.044079
20260802_193654.csv,2.3978,2.5096,2.4433,2.5551,4.9984,2.3802,1.1901,223,1578,0.09107
20260802_213351.csv,0.6199,0.6039,0.6337,0.6176,1.2513,0.5959,0.2979,92,521,0.02743
20260803_181923.csv,3.1097,3.3919,3.1742,3.4565,6.6307,3.1575,1.5787,393,2308,0.129106
20260803_193840.csv,2.4428,2.5293,2.5033,2.5898,5.0931,2.4253,1.2126,252,1661,0.120926
20260803_215920.csv,2.3743,2.6046,2.409,2.6393,5.0483,2.4039,1.202,242,1894,0.069291
20260804_153453.csv,0.8453,1.0185,0.8613,1.0344,1.8957,0.9027,0.4514,82,731,0.031899
20260804_155949.csv,0.7334,0.9063,0.7472,0.9201,1.6674,0.794,0.397,79,577,0.027704
20260804_191929.csv,0.3836,0.2895,0.3879,0.2938,0.6817,0.3246,0.1623,32,267,0.008559
20260804_194234.csv,0.2622,0.4035,0.2706,0.412,0.6826,0.3251,0.1625,36,221,0.016924
20260804_200003.csv,0.5299,0.6574,0.5363,0.6639,1.2002,0.5715,0.2858,38,337,0.012923
20260804_201351.csv,4.8165,5.1534,4.8826,5.2194,10.102,4.8105,2.4052,463,3607,0.132094
20260804_215437.csv,8.1539,8.2221,8.5329,8.6011,17.134,8.1591,4.0795,715,2962,0.758043
20260806_155444.csv,2.8431,3.2168,2.9588,3.3325,6.2914,2.9959,1.4979,362,1605,0.231518
20260808_122545.csv,0.7615,0.7189,0.7777,0.7351,1.5128,0.7204,0.3602,100,633,0.032434
20260808_124714.csv,0.7843,0.7724,0.7949,0.783,1.5778,0.7513,0.3757,66,604,0.021156
20260808_130411.csv,0.0973,0.2744,0.0978,0.275,0.3728,0.1775,0.0888,6,175,0.001157
20260808_160215.csv,4.302,4.569,4.4011,4.6681,9.0692,4.3187,2.1593,553,3210,0.198245
20260808_201800.csv,4.583,4.9523,4.6585,5.0279,9.6864,4.6126,2.3063,464,3209,0.151034
20260809_120000.csv,0.2674,0.4321,0.2707,0.4355,0.7062,0.3363,0.1681,20,264,0.006673
20260809_123655.csv,0.2982,0.1543,0.2997,0.1559,0.4556,0.217,0.1085,17,170,0.003153
20260809_124523.csv,0.1405,0.0588,0.1413,0.0596,0.2008,0.0956,0.0478,20,148,0.001617
20260809_130557.csv,0.0216,0.1587,0.0223,0.1593,0.1816,0.0865,0.0432,9,83,0.001314
20260809_131803.csv,0.3053,0.4577,0.3077,0.4601,0.7678,0.3656,0.1828,22,275,0.004847
20260809_181739.csv,0.6549,0.5235,0.6583,0.5268,1.1851,0.5643,0.2822,38,379,0.006731
20260809_191254.csv,0.1401,0.4115,0.1432,0.4146,0.5578,0.2656,0.1328,29,154,0.006244
20260809_192100.csv,0.2342,0.3618,0.2381,0.3657,0.6038,0.2875,0.1438,26,256,0.007755
20260810_151356.csv,0.3692,0.5771,0.3723,0.5802,0.9524,0.4535,0.2268,16,230,0.006062
20260810_152212.csv,0.2937,0.3976,0.2975,0.4015,0.699,0.3328,0.1664,28,310,0.007678
20260812_085229.csv,0.3993,0.4059,0.4039,0.4104,0.8143,0.3877,0.1939,28,365,0.009075
20260812_093511.csv,0.3172,0.3421,0.3283,0.3533,0.6816,0.3246,0.1623,34,320,0.022308
20260813_115220.csv,0.4718,0.8033,0.4769,0.8085,1.2854,0.6121,0.306,44,590,0.010303
20260813_144601.csv,0.1148,0.0642,0.1176,0.0669,0.1845,0.0878,0.0439,7,49,0.005487
20260814_101007.csv,0.078,0.2172,0.0784,0.2175,0.2958,0.1409,0.0704,8,241,0.000686
20260814_102213.csv,0.162,0.027,0.1622,0.0272,0.1895,0.0902,0.0451,14,277,0.000464
20260814_121438.csv,0.3735,0.3786,0.3748,0.3799,0.7546,0.3594,0.1797,26,427,0.002489
20260814_122308.csv,0.354,0.3821,0.3558,0.3839,0.7396,0.3522,0.1761,42,429,0.003499
20260814_182203.csv,2.3272,2.5889,2.3538,2.6155,4.9694,2.3664,1.1832,234,2412,0.053294
20260814_213416.csv,2.5606,2.5713,2.5919,2.6026,5.1945,2.4736,1.2368,219,2381,0.062576
20260816_165356.csv,0.6582,0.8181,0.6643,0.8242,1.4885,0.7088,0.3544,84,947,0.012147
20260816_171638.csv,0.948,1.1938,0.9565,1.2023,2.1587,1.028,0.514,116,981,0.016947
20260816_173527.csv,0.1381,0.2006,0.1389,0.2015,0.3404,0.1621,0.081,6,180,0.00168
20260816_174235.csv,0.2022,0.2688,0.2027,0.2693,0.4719,0.2247,0.1124,16,262,0.000852
20260817_084821.csv,1.381,1.3185,1.3929,1.3303,2.7231,1.2967,0.6484,147,1548,0.02369
20260817_175652.csv,0.3183,0.3841,0.321,0.3867,0.7077,0.337,0.1685,28,438,0.005316
20260817_181818.csv,0.4117,0.3834,0.4169,0.3885,0.8054,0.3835,0.1918,54,459,0.010295
20260817_183543.csv,4.5154,4.6033,4.55,4.6379,9.1879,4.3752,2.1876,412,4417,0.069163
20260818_092516.csv,0.9136,1.1778,0.926,1.1902,2.1163,1.0078,0.5039,149,1204,0.024869
20260818_111200.csv,2.2941,2.5684,2.3315,2.6059,4.9374,2.3511,1.1756,328,2858,0.074891
20260818_124141.csv,0.3613,0.3535,0.3677,0.3599,0.7276,0.3465,0.1732,50,399,0.01271
20260818_140544.csv,1.6511,1.5845,1.675,1.6084,3.2833,1.5635,0.7817,187,1857,0.047758
20260818_150110.csv,0.548,0.6209,0.553,0.6259,1.1789,0.5614,0.2807,56,616,0.010035
20260819_123747.csv,0.1624,0.2913,0.163,0.2919,0.4549,0.2166,0.1083,14,280,0.001169
20260819_124907.csv,2.6126,2.8107,2.6468,2.8449,5.4917,2.6151,1.3076,255,2702,0.068488
20260819_135903.csv,2.532,2.6778,2.5536,2.6995,5.2531,2.5015,1.2507,193,2764,0.043341
20260820_105758.csv,4.0658,4.4117,4.1017,4.4476,8.5493,4.0711,2.0356,434,5066,0.071905
20260820_201853.csv,2.6113,2.6121,2.6488,2.6496,5.2984,2.523,1.2615,310,2425,0.074982
20260820_214927.csv,2.0878,2.3933,2.0964,2.4019,4.4983,2.1421,1.071,195,2566,0.017265
20260820_225027.csv,0.4406,0.4044,0.4439,0.4077,0.8516,0.4055,0.2028,56,591,0.006596
20260821_081939.csv,3.0469,3.0384,3.0641,3.0556,6.1197,2.9141,1.4571,315,4097,0.034368
20260821_193713.csv,0.5608,0.6698,0.5672,0.6763,1.2435,0.5921,0.2961,80,1323,0.012976
20260821_205225.csv,1.4412,1.5034,1.4564,1.5186,2.975,1.4167,0.7083,172,1863,0.030393
20260821_225137.csv,2.2635,2.3918,2.2742,2.4024,4.6766,2.227,1.1135,186,2634,0.021352
20260822_102139.csv,1.1256,1.361,1.1381,1.3735,2.5116,1.196,0.598,158,1277,0.024949
20260822_110317.csv,3.0575,3.1436,3.0985,3.1846,6.2831,2.992,1.496,288,2803,0.081956
20260822_141715.csv,1.5013,1.5514,1.5151,1.5652,3.0803,1.4668,0.7334,155,1782,0.027601
20260822_173539.csv,0.8837,1.0761,0.8897,1.0821,1.9718,0.939,0.4695,120,1225,0.012001
20260822_191324.csv,0.9384,1.0937,0.9432,1.0986,2.0418,0.9723,0.4861,86,1092,0.009688
20260822_205359.csv,0.501,0.7623,0.5048,0.766,1.2708,0.6051,0.3026,56,715,0.007402
20260822_215052.csv,2.2455,2.3295,2.2572,2.3412,4.5985,2.1897,1.0949,175,2486,0.02348
20260823_152957.csv,1.6527,1.7522,1.6673,1.7669,3.4342,1.6353,0.8177,210,1918,0.029346
20260823_161315.csv,1.3373,1.494,1.3614,1.5181,2.8795,1.3712,0.6856,163,1282,0.048202
20260823_210116.csv,2.7157,2.8235,2.7278,2.8356,5.5634,2.6492,1.3246,178,2864,0.024163
20260824_081823.csv,1.7141,1.9155,1.7272,1.9286,3.6558,1.7408,0.8704,194,2090,0.026167
20260824_104612.csv,1.6571,1.522,1.6656,1.5305,3.1962,1.522,0.761,139,1971,0.017034
20260824_133602.csv,0.6622,0.8977,0.6693,0.9048,1.574,0.7495,0.3748,114,1125,0.014139
20260824_174511.csv,1.4878,1.6219,1.5032,1.6373,3.1406,1.4955,0.7478,186,2068,0.030878
20260824_202635.csv,1.4606,1.4799,1.4762,1.4956,2.9718,1.4151,0.7076,178,1715,0.031312
20260824_212048.csv,2.4042,2.572,2.4205,2.5883,5.0089,2.3852,1.1926,207,2451,0.032776
20260824_222425.csv,0.2787,0.2931,0.2797,0.2941,0.5738,0.2732,0.1366,29,533,0.00202
20260825_102604.csv,1.725,1.7756,1.7355,1.7861,3.5216,1.6769,0.8385,144,1929,0.020959
20260825_123247.csv,1.3478,1.5759,1.3602,1.5883,2.9484,1.404,0.702,143,1834,0.024667
20260825_183427.csv,3.2606,3.4667,3.3154,3.5216,6.837,3.2557,1.6279,446,3876,0.109683
20260826_203739.csv,3.5241,3.5609,3.571,3.6078,7.1788,3.4185,1.7092,507,4356,0.093851
20260826_224518.csv,2.8626,2.9945,2.8914,3.0233,5.9146,2.8165,1.4082,364,3437,0.057528
20260828_202030.csv,3.6842,3.9493,3.7194,3.9845,7.704,3.6686,1.8343,437,4126,0.070535
20260829_100447.csv,3.6262,3.7811,3.6583,3.8131,7.4715,3.5578,1.7789,285,3537,0.064152
20260829_191404.csv,0.3757,0.4293,0.3774,0.431,0.8083,0.3849,0.1925,32,806,0.00328
20260829_193046.csv,0.3777,0.6524,0.3809,0.6555,1.0364,0.4935,0.2468,24,367,0.006339
20260829_194121.csv,0.488,0.4581,0.4922,0.4624,0.9546,0.4546,0.2273,51,510,0.008455
20260830_121043.csv,0.5179,0.5454,0.5208,0.5483,1.0691,0.5091,0.2545,50,660,0.00576
20260830_122801.csv,1.597,1.8292,1.6123,1.8444,3.4567,1.6461,0.823,130,1811,0.030476
20260830_125410.csv,4.6694,4.7541,4.7522,4.8369,9.5892,4.5663,2.2831,904,6193,0.165684
20260830_155318.csv,3.0301,3.3296,3.1132,3.4127,6.526,3.1076,1.5538,560,3429,0.16631
20260830_165926.csv,6.0759,6.1434,6.2351,6.3026,12.5377,5.9703,2.9852,967,5019,0.318389
20260830_190907.csv,0.611,0.6424,0.6148,0.6462,1.261,0.6005,0.3002,64,967,0.007621
20260830_192834.csv,1.0483,1.2259,1.0559,1.2335,2.2894,1.0902,0.5451,90,1371,0.015145
20260830_200617.csv,0.298,0.3715,0.3006,0.3742,0.6748,0.3213,0.1607,33,476,0.005302
20260831_134403.csv,0.6985,0.4916,0.7011,0.4942,1.1954,0.5692,0.2846,30,890,0.005182
20260831_201658.csv,0.5136,0.3599,0.5155,0.3618,0.8773,0.4178,0.2089,41,629,0.003745
20260831_203855.csv,2.1112,2.2355,2.1394,2.2636,4.4029,2.0966,1.0483,305,2602,0.056246
20260901_074917.csv,0.2303,0.2678,0.2314,0.2689,0.5003,0.2383,0.1191,29,460,0.002197
20260901_080956.csv,0.2148,0.287,0.2161,0.2883,0.5045,0.2402,0.1201,32,587,0.002668
20260901_111543.csv,0.4929,0.5421,0.4971,0.5462,1.0433,0.4968,0.2484,72,887,0.008353
20260901_112814.csv,0.3933,0.4286,0.396,0.4312,0.8272,0.3939,0.1969,45,955,0.005281
20260902_074300.csv,0.269,0.1345,0.2704,0.1359,0.4063,0.1935,0.0967,32,428,0.002872
20260902_075316.csv,0.8575,1.0131,0.8661,1.0218,1.8879,0.899,0.4495,117,1866,0.017281
20260902_201704.csv,0.3243,0.4588,0.3266,0.4611,0.7877,0.3751,0.1875,35,533,0.004646
20260902_203318.csv,0.16,0.1699,0.1617,0.1716,0.3333,0.1587,0.0793,31,306,0.0034
20260902_204646.csv,1.2835,1.2453,1.3038,1.2656,2.5695,1.2236,0.6118,220,1582,0.040613
20260902_211511.csv,0.693,0.8326,0.6978,0.8375,1.5353,0.7311,0.3656,87,1158,0.009718
20260903_074822.csv,0.1885,0.4029,0.1892,0.4036,0.5928,0.2823,0.1412,10,479,0.00148
20260903_080232.csv,0.1565,0.0261,0.1568,0.0264,0.1832,0.0872,0.0436,10,228,0.00068
20260903_082326.csv,0.2113,0.2813,0.2127,0.2826,0.4952,0.2358,0.1179,45,511,0.002616
20260903_200514.csv,0.2381,0.3653,0.2392,0.3663,0.6055,0.2883,0.1442,14,462,0.002131
20260903_213855.csv,1.2313,1.265,1.2386,1.2723,2.5109,1.1957,0.5978,103,1475,0.01454
