file,drive_type,date,distance_km,fuel_L_per_100km,fuel_chem_kWh_100,generator_kWh_100,traction_gross_kWh_100,traction_net_kWh_100,gen_to_traction_kWh_100,batt_to_traction_kWh_100,regen_to_batt_kWh_100,gen_to_batt_kWh_100,f_gen,eta_eng,eta_fuel_bus,cold_fuel_frac,soc_delta_kwh,charge_sustaining,fuel_basis,density_g_per_L,LHV_MJ_per_kg,cold_gate,method
20260830_125410.csv,highway,2026-08-30,118.0,5.806,49.837,17.042,17.901,16.352,14.233,3.668,1.033,2.959,0.7951,0.3692,0.342,0.0,0.021,True,E10,751.0,41.15,oil<55C,PathB_fuel_BSFC_v1
20260830_155318.csv,highway,2026-08-30,82.6,6.14,52.712,17.822,18.352,16.904,14.874,3.479,0.844,3.174,0.8105,0.365,0.3381,0.0,-0.231,False,E10,751.0,41.15,oil<55C,PathB_fuel_BSFC_v1
20260820_214927.csv,mixed,2026-08-20,23.1,5.354,45.963,15.657,17.259,13.135,8.884,8.375,3.137,7.174,0.5148,0.3678,0.3406,0.0,-0.294,False,E10,751.0,41.15,oil<55C,PathB_fuel_BSFC_v1
20260821_225137.csv,mixed,2026-08-21,27.3,4.644,39.87,13.557,15.261,12.02,7.576,7.685,2.411,6.243,0.4964,0.3671,0.34,0.0442,-0.063,False,E10,751.0,41.15,oil<55C,PathB_fuel_BSFC_v1
20260822_102139.csv,mixed,2026-08-22,14.3,4.799,41.198,13.401,14.568,10.759,7.124,7.443,2.43,6.892,0.489,0.3512,0.3253,0.3849,-0.231,False,E10,751.0,41.15,oil<55C,PathB_fuel_BSFC_v1
20260822_215052.csv,mixed,2026-08-22,26.0,4.466,38.337,13.358,14.874,11.964,6.845,8.029,1.855,7.032,0.4602,0.3762,0.3484,0.0,-0.021,True,E10,751.0,41.15,oil<55C,PathB_fuel_BSFC_v1
20260824_212048.csv,mixed,2026-08-24,27.7,4.578,39.299,13.403,15.982,11.654,7.927,8.055,3.394,5.775,0.496,0.3682,0.3411,0.0,-0.0945,False,E10,751.0,41.15,oil<55C,PathB_fuel_BSFC_v1
20260825_102604.csv,mixed,2026-08-25,19.5,4.321,37.094,11.911,14.692,10.566,6.451,8.241,3.117,5.762,0.4391,0.3467,0.3211,0.4537,0.042,True,E10,751.0,41.15,oil<55C,PathB_fuel_BSFC_v1
20260829_100447.csv,mixed,2026-08-29,44.7,4.225,36.272,12.16,13.942,10.865,6.308,7.633,1.935,6.3,0.4525,0.3619,0.3352,0.1753,0.0105,True,E10,751.0,41.15,oil<55C,PathB_fuel_BSFC_v1
2026-09-13_13-01-46.csv,mixed,2026-09-13,33.0,5.034,43.218,14.857,16.778,12.84,8.781,7.997,2.338,6.552,0.5234,0.3711,0.3438,0.1208,-0.294,False,E10,751.0,41.15,oil<55C,PathB_fuel_BSFC_v1
2026-09-13_20-30-29.csv,mixed,2026-09-13,33.0,4.453,38.222,13.469,17.333,12.953,9.173,8.161,2.595,5.053,0.5292,0.3804,0.3524,0.0,0.252,False,E10,751.0,41.15,oil<55C,PathB_fuel_BSFC_v1
2026-09-19_12-56-56.csv,mixed,2026-09-19,6.0,7.078,60.757,18.993,23.187,14.25,15.856,7.331,6.71,4.5,0.6838,0.3375,0.3126,0.2186,-0.21,False,E10,751.0,41.15,oil<55C,PathB_fuel_BSFC_v1
20260814_182203.csv,mixed_highway,2026-08-14,34.1,5.594,48.024,15.777,17.901,14.244,11.458,6.442,2.667,4.86,0.6401,0.3547,0.3285,0.1247,-0.1575,False,E10,751.0,41.15,oil<55C,PathB_fuel_BSFC_v1
20260814_213416.csv,mixed_highway,2026-08-14,34.2,5.271,45.25,15.048,17.283,14.243,10.148,7.135,2.091,5.287,0.5871,0.359,0.3326,0.0718,0.1155,False,E10,751.0,41.15,oil<55C,PathB_fuel_BSFC_v1
20260830_165926.csv,mixed_highway,2026-08-30,101.0,5.685,48.798,16.805,19.298,16.062,13.492,5.807,2.498,3.54,0.6991,0.3718,0.3444,0.0,0.1575,False,E10,751.0,41.15,oil<55C,PathB_fuel_BSFC_v1
2026-09-13_13-46-17.csv,mixed_highway,2026-09-13,48.2,4.547,39.033,13.633,16.391,13.316,9.646,6.745,1.957,4.198,0.5885,0.3771,0.3493,0.0,0.3675,False,E10,751.0,41.15,oil<55C,PathB_fuel_BSFC_v1
2026-09-13_19-45-44.csv,mixed_highway,2026-09-13,46.8,5.154,44.24,15.372,17.272,13.875,11.28,5.992,2.476,4.296,0.6531,0.3751,0.3475,0.0,-0.2625,False,E10,751.0,41.15,oil<55C,PathB_fuel_BSFC_v1
20260513_182950.csv,urban,2026-05-13,20.7,0.0,0.0,0.0,0.0,-0.02,0.0,0.0,0.0,0.0,,,,,0.042,True,E10,751.0,41.15,oil<55C,PathB_fuel_BSFC_v1
20260515_075207.csv,urban,2026-05-15,1.5,0.0,0.0,0.0,11.714,11.296,0.0,11.714,2.18,17.587,0.0,,,,-0.063,False,E10,751.0,41.15,oil<55C,PathB_fuel_BSFC_v1
20260603_122008.csv,urban,2026-06-03,2.3,0.0,0.0,0.0,11.841,11.841,0.0,11.841,3.061,18.483,0.0,,,,-0.2205,False,E10,751.0,41.15,oil<55C,PathB_fuel_BSFC_v1
20260812_085229.csv,urban,2026-08-12,2.3,7.86,67.474,18.881,21.218,15.925,5.667,15.551,0.778,16.465,0.2671,0.3021,0.2798,1.0,0.0105,True,E10,751.0,41.15,oil<55C,PathB_fuel_BSFC_v1
20260812_093511.csv,urban,2026-08-12,2.5,6.559,56.301,15.645,19.923,12.379,8.387,11.536,2.292,11.572,0.421,0.3,0.2779,1.0,-0.0105,True,E10,751.0,41.15,oil<55C,PathB_fuel_BSFC_v1
20260813_115220.csv,urban,2026-08-13,4.5,8.302,71.267,20.214,14.973,10.406,6.049,8.924,1.862,15.613,0.404,0.3062,0.2836,0.9723,-0.357,False,E10,751.0,41.15,oil<55C,PathB_fuel_BSFC_v1
20260813_144601.csv,urban,2026-08-13,0.9,8.034,68.965,24.197,30.423,27.464,19.126,11.296,0.6,6.744,0.6287,0.3788,0.3509,0.0,-0.0525,False,E10,751.0,41.15,oil<55C,PathB_fuel_BSFC_v1
20260813_145651.csv,urban,2026-08-13,2.2,8.232,70.664,24.371,23.59,22.611,23.59,0.0,,,1.0,0.3723,0.3449,0.0,,False,E10,751.0,41.15,oil<55C,PathB_fuel_BSFC_v1
20260813_150341.csv,urban,2026-08-13,4.6,5.082,43.626,15.431,14.985,12.838,14.985,0.0,,,1.0,0.3819,0.3537,0.0,,False,E10,751.0,41.15,oil<55C,PathB_fuel_BSFC_v1
20260814_101007.csv,urban,2026-08-14,0.7,20.254,173.869,46.207,25.949,21.712,16.968,8.981,2.743,28.214,0.6539,0.2869,0.2658,1.0,-0.1995,False,E10,751.0,41.15,oil<55C,PathB_fuel_BSFC_v1
20260814_102213.csv,urban,2026-08-14,0.8,0.0,0.0,0.0,16.978,13.128,0.0,16.978,3.275,0.0,0.0,,,,0.21,False,E10,751.0,41.15,oil<55C,PathB_fuel_BSFC_v1
20260814_121438.csv,urban,2026-08-14,2.6,7.936,68.122,19.41,23.236,17.364,10.164,13.072,1.242,13.354,0.4374,0.3076,0.2849,0.9463,0.0105,True,E10,751.0,41.15,oil<55C,PathB_fuel_BSFC_v1
20260814_122308.csv,urban,2026-08-14,2.7,4.402,37.791,13.312,18.229,10.52,6.291,11.938,2.0,12.019,0.3451,0.3803,0.3523,0.0,0.0,True,E10,751.0,41.15,oil<55C,PathB_fuel_BSFC_v1
20260816_165356.csv,urban,2026-08-16,3.3,9.44,81.037,27.806,28.222,19.714,9.975,18.246,4.306,20.536,0.3535,0.3705,0.3431,0.0,-0.21,False,E10,751.0,41.15,oil<55C,PathB_fuel_BSFC_v1
20260816_171638.csv,urban,2026-08-16,10.8,6.992,60.018,20.531,21.251,17.217,12.953,8.298,1.732,9.331,0.6095,0.3693,0.3421,0.0,-0.252,False,E10,751.0,41.15,oil<55C,PathB_fuel_BSFC_v1
20260816_173527.csv,urban,2026-08-16,0.8,10.336,88.726,31.209,27.051,20.57,11.774,15.277,0.087,25.087,0.4353,0.3798,0.3517,0.0,-0.042,True,E10,751.0,41.15,oil<55C,PathB_fuel_BSFC_v1
20260816_174235.csv,urban,2026-08-16,1.1,8.237,70.711,24.557,22.256,15.563,5.873,16.383,0.718,23.745,0.2639,0.3749,0.3473,0.0,-0.063,False,E10,751.0,41.15,oil<55C,PathB_fuel_BSFC_v1
20260817_084821.csv,urban,2026-08-17,10.9,4.989,42.829,13.213,17.985,12.026,6.284,11.701,4.319,7.62,0.3494,0.3331,0.3085,0.5919,0.147,False,E10,751.0,41.15,oil<55C,PathB_fuel_BSFC_v1
20260817_175652.csv,urban,2026-08-17,1.4,12.539,107.643,29.646,31.317,21.067,10.862,20.455,3.879,23.629,0.3468,0.2973,0.2754,1.0,-0.0735,False,E10,751.0,41.15,oil<55C,PathB_fuel_BSFC_v1
20260817_181818.csv,urban,2026-08-17,1.8,8.16,70.051,21.435,28.431,19.981,7.148,21.283,4.356,16.917,0.2514,0.3304,0.306,0.5233,0.063,False,E10,751.0,41.15,oil<55C,PathB_fuel_BSFC_v1
20260817_183543.csv,urban,2026-08-17,38.3,4.8,41.208,14.415,18.263,12.934,7.094,11.169,3.907,8.003,0.3884,0.3777,0.3498,0.0,0.147,False,E10,751.0,41.15,oil<55C,PathB_fuel_BSFC_v1
20260818_092516.csv,urban,2026-08-18,9.1,3.98,34.164,10.143,13.084,5.774,3.67,9.413,4.881,7.754,0.2805,0.3205,0.2969,0.7848,-0.315,False,E10,751.0,41.15,oil<55C,PathB_fuel_BSFC_v1
20260818_111200.csv,urban,2026-08-18,20.8,5.777,49.588,17.05,18.857,14.154,8.563,10.294,3.454,8.734,0.4541,0.3712,0.3438,0.1066,-0.2205,False,E10,751.0,41.15,oil<55C,PathB_fuel_BSFC_v1
20260818_124141.csv,urban,2026-08-18,2.1,6.904,59.265,20.792,27.471,18.998,11.442,16.029,4.967,12.01,0.4165,0.3788,0.3508,0.0,0.021,True,E10,751.0,41.15,oil<55C,PathB_fuel_BSFC_v1
20260818_140544.csv,urban,2026-08-18,9.5,7.125,61.167,21.175,26.824,19.45,10.812,16.012,4.213,12.522,0.4031,0.3738,0.3462,0.0,0.168,False,E10,751.0,41.15,oil<55C,PathB_fuel_BSFC_v1
20260818_150110.csv,urban,2026-08-18,3.0,8.222,70.58,24.453,26.808,19.773,9.632,17.175,3.083,17.697,0.3593,0.374,0.3465,0.0,-0.084,False,E10,751.0,41.15,oil<55C,PathB_fuel_BSFC_v1
20260819_123747.csv,urban,2026-08-19,0.6,26.307,225.832,62.64,44.896,35.656,21.111,23.785,4.25,44.25,0.4702,0.2995,0.2774,1.0,-0.147,False,E10,751.0,41.15,oil<55C,PathB_fuel_BSFC_v1
20260819_124907.csv,urban,2026-08-19,18.8,4.535,38.93,13.238,19.22,10.577,6.12,13.099,6.001,8.757,0.3184,0.3671,0.3401,0.1889,-0.063,False,E10,751.0,41.15,oil<55C,PathB_fuel_BSFC_v1
20260819_135903.csv,urban,2026-08-19,14.7,6.971,59.839,21.023,25.021,17.747,9.071,15.95,5.01,13.138,0.3626,0.3793,0.3513,0.0,-0.063,False,E10,751.0,41.15,oil<55C,PathB_fuel_BSFC_v1
20260820_105758.csv,urban,2026-08-20,44.6,4.611,39.584,13.302,15.041,11.246,6.616,8.425,2.626,7.191,0.4399,0.3628,0.3361,0.1682,-0.21,False,E10,751.0,41.15,oil<55C,PathB_fuel_BSFC_v1
20260820_201853.csv,urban,2026-08-20,25.2,5.073,43.547,14.623,18.353,13.383,8.589,9.764,3.102,7.043,0.468,0.3626,0.3358,0.1573,0.1785,False,E10,751.0,41.15,oil<55C,PathB_fuel_BSFC_v1
20260820_225027.csv,urban,2026-08-20,3.6,4.317,37.057,13.046,16.548,12.162,5.458,11.089,2.533,8.75,0.3299,0.3801,0.3521,0.0,0.0735,False,E10,751.0,41.15,oil<55C,PathB_fuel_BSFC_v1
20260821_081939.csv,urban,2026-08-21,25.1,5.774,49.562,16.524,19.449,14.6,8.539,10.911,3.406,8.623,0.439,0.3599,0.3334,0.1755,0.1155,False,E10,751.0,41.15,oil<55C,PathB_fuel_BSFC_v1
20260821_193713.csv,urban,2026-08-21,2.5,12.79,109.795,32.527,31.794,22.337,12.682,19.113,5.132,21.708,0.3989,0.3198,0.2963,0.6153,-0.1365,False,E10,751.0,41.15,oil<55C,PathB_fuel_BSFC_v1
20260821_205225.csv,urban,2026-08-21,9.2,5.991,51.429,17.648,22.93,14.416,8.707,14.223,5.937,10.218,0.3797,0.3705,0.3432,0.1346,-0.021,True,E10,751.0,41.15,oil<55C,PathB_fuel_BSFC_v1
20260822_110317.csv,urban,2026-08-22,24.0,4.928,42.302,14.885,18.383,13.039,6.381,12.002,3.311,9.678,0.3471,0.3799,0.3519,0.0,0.0735,False,E10,751.0,41.15,oil<55C,PathB_fuel_BSFC_v1
20260822_141715.csv,urban,2026-08-22,12.7,7.168,61.528,21.081,22.374,19.105,11.346,11.028,1.959,10.214,0.5071,0.3699,0.3426,0.0753,0.0315,True,E10,751.0,41.15,oil<55C,PathB_fuel_BSFC_v1
20260822_173539.csv,urban,2026-08-22,5.7,8.561,73.492,25.012,26.624,19.3,12.218,14.406,4.304,14.528,0.4589,0.3674,0.3403,0.0939,-0.231,False,E10,751.0,41.15,oil<55C,PathB_fuel_BSFC_v1
20260822_191324.csv,urban,2026-08-22,6.9,6.446,55.331,19.496,20.469,15.439,7.838,12.631,3.358,12.433,0.3829,0.3804,0.3523,0.0,-0.147,False,E10,751.0,41.15,oil<55C,PathB_fuel_BSFC_v1
20260822_205359.csv,urban,2026-08-22,3.9,7.843,67.323,23.564,20.651,14.648,8.972,11.679,3.046,16.462,0.4345,0.3779,0.35,0.0,-0.336,False,E10,751.0,41.15,oil<55C,PathB_fuel_BSFC_v1
20260823_152957.csv,urban,2026-08-23,17.5,5.059,43.424,13.918,17.403,12.139,8.581,8.822,3.579,6.284,0.4931,0.346,0.3205,0.3278,-0.021,True,E10,751.0,41.15,oil<55C,PathB_fuel_BSFC_v1
20260823_161315.csv,urban,2026-08-23,9.1,6.037,51.826,18.173,23.498,14.867,9.441,14.057,5.453,10.833,0.4018,0.3786,0.3506,0.0,-0.105,False,E10,751.0,41.15,oil<55C,PathB_fuel_BSFC_v1
20260823_210116.csv,urban,2026-08-23,27.8,4.24,36.396,12.424,15.101,10.861,5.944,9.157,3.153,6.851,0.3936,0.3685,0.3413,0.1822,-0.0315,True,E10,751.0,41.15,oil<55C,PathB_fuel_BSFC_v1
20260824_081823.csv,urban,2026-08-24,19.6,4.12,35.371,11.217,13.529,9.017,5.39,8.139,3.257,6.293,0.3984,0.3424,0.3171,0.5086,-0.1155,False,E10,751.0,41.15,oil<55C,PathB_fuel_BSFC_v1
20260824_104612.csv,urban,2026-08-24,9.6,6.183,53.075,17.554,23.756,16.534,8.06,15.695,4.256,11.517,0.3393,0.3571,0.3307,0.2822,0.294,False,E10,751.0,41.15,oil<55C,PathB_fuel_BSFC_v1
20260824_133602.csv,urban,2026-08-24,5.4,3.479,29.868,9.269,14.054,2.604,2.93,11.124,8.598,7.628,0.2085,0.335,0.3103,0.5328,-0.2415,False,E10,751.0,41.15,oil<55C,PathB_fuel_BSFC_v1
20260824_174511.csv,urban,2026-08-24,12.0,4.742,40.709,13.312,17.361,10.268,6.105,11.256,4.693,8.596,0.3516,0.353,0.327,0.3647,-0.1155,False,E10,751.0,41.15,oil<55C,PathB_fuel_BSFC_v1
20260824_202635.csv,urban,2026-08-24,13.5,5.155,44.253,15.098,16.81,13.269,6.976,9.834,2.008,8.85,0.415,0.3683,0.3412,0.1829,0.042,True,E10,751.0,41.15,oil<55C,PathB_fuel_BSFC_v1
20260824_222425.csv,urban,2026-08-24,2.4,5.679,48.754,17.31,18.148,14.283,8.111,10.037,2.429,9.779,0.447,0.3833,0.355,0.0,0.0105,True,E10,751.0,41.15,oil<55C,PathB_fuel_BSFC_v1
20260825_123247.csv,urban,2026-08-25,7.7,9.528,81.793,27.188,28.258,21.079,12.627,15.631,3.413,17.051,0.4469,0.3589,0.3324,0.1867,-0.2415,False,E10,751.0,41.15,oil<55C,PathB_fuel_BSFC_v1
20260825_183427.csv,urban,2026-08-25,26.8,5.466,46.925,15.953,19.886,13.554,8.459,11.427,4.173,8.591,0.4254,0.367,0.34,0.0947,-0.084,False,E10,751.0,41.15,oil<55C,PathB_fuel_BSFC_v1
20260826_203739.csv,urban,2026-08-26,32.1,5.149,44.198,14.669,17.562,12.922,7.462,10.099,2.99,7.85,0.4249,0.3583,0.3319,0.2228,0.1785,False,E10,751.0,41.15,oil<55C,PathB_fuel_BSFC_v1
20260826_224518.csv,urban,2026-08-26,30.9,4.882,41.905,14.213,17.218,12.555,8.594,8.624,3.489,6.117,0.4991,0.3662,0.3392,0.0324,0.0,True,E10,751.0,41.15,oil<55C,PathB_fuel_BSFC_v1
20260828_202030.csv,urban,2026-08-28,43.8,4.215,36.184,12.402,13.702,10.76,5.778,7.925,2.089,6.74,0.4217,0.37,0.3427,0.157,-0.1575,False,E10,751.0,41.15,oil<55C,PathB_fuel_BSFC_v1
20260829_191404.csv,urban,2026-08-29,1.5,13.67,117.35,31.72,32.53,21.473,12.121,20.409,7.487,21.207,0.3726,0.2918,0.2703,1.0,-0.0525,False,E10,751.0,41.15,oil<55C,PathB_fuel_BSFC_v1
20260829_193046.csv,urban,2026-08-29,3.3,8.271,70.998,23.716,20.374,14.087,9.398,10.976,2.352,17.476,0.4613,0.3606,0.334,0.2722,-0.294,False,E10,751.0,41.15,oil<55C,PathB_fuel_BSFC_v1
20260829_194121.csv,urban,2026-08-29,1.8,6.547,56.202,19.34,32.561,17.578,7.482,25.078,8.128,17.317,0.2298,0.3715,0.3441,0.0,0.063,False,E10,751.0,41.15,oil<55C,PathB_fuel_BSFC_v1
20260830_121043.csv,urban,2026-08-30,3.9,6.445,55.329,15.464,17.72,12.907,5.656,12.064,1.305,12.662,0.3192,0.3017,0.2795,1.0,0.0,True,E10,751.0,41.15,oil<55C,PathB_fuel_BSFC_v1
20260830_122801.csv,urban,2026-08-30,19.4,4.631,39.75,13.445,15.517,11.203,7.772,7.745,3.134,6.003,0.5009,0.3652,0.3382,0.1664,-0.1785,False,E10,751.0,41.15,oil<55C,PathB_fuel_BSFC_v1
20260830_190907.csv,urban,2026-08-30,5.0,6.065,52.062,18.1,20.236,15.328,9.46,10.776,3.506,9.292,0.4675,0.3753,0.3477,0.0,-0.0105,True,E10,751.0,41.15,oil<55C,PathB_fuel_BSFC_v1
20260830_192834.csv,urban,2026-08-30,10.6,6.884,59.097,19.705,23.069,16.607,14.017,9.051,5.167,6.292,0.6076,0.36,0.3334,0.0,-0.147,False,E10,751.0,41.15,oil<55C,PathB_fuel_BSFC_v1
20260830_200617.csv,urban,2026-08-30,1.7,6.402,54.955,19.241,21.308,11.761,5.719,15.589,3.953,17.824,0.2684,0.378,0.3501,0.0,-0.084,False,E10,751.0,41.15,oil<55C,PathB_fuel_BSFC_v1
20260831_134403.csv,urban,2026-08-31,2.5,9.13,78.377,21.797,32.336,26.166,7.301,25.034,1.916,17.7,0.2258,0.3002,0.2781,1.0,0.3255,False,E10,751.0,41.15,oil<55C,PathB_fuel_BSFC_v1
20260831_201658.csv,urban,2026-08-31,2.6,4.973,42.688,12.545,22.149,15.727,4.446,17.703,3.658,10.104,0.2007,0.3173,0.2939,0.7888,0.231,False,E10,751.0,41.15,oil<55C,PathB_fuel_BSFC_v1
20260831_203855.csv,urban,2026-08-31,16.7,4.534,38.923,13.622,16.687,11.157,4.877,11.81,3.865,9.306,0.2923,0.3778,0.35,0.0,-0.0945,False,E10,751.0,41.15,oil<55C,PathB_fuel_BSFC_v1
20260901_074917.csv,urban,2026-09-01,1.2,13.25,113.742,30.074,25.598,22.535,8.694,16.904,1.408,20.875,0.3396,0.2855,0.2644,1.0,-0.063,False,E10,751.0,41.15,oil<55C,PathB_fuel_BSFC_v1
20260901_080956.csv,urban,2026-09-01,1.3,10.162,87.232,23.053,18.833,12.439,5.531,13.301,2.108,19.846,0.2937,0.2853,0.2643,1.0,-0.1155,False,E10,751.0,41.15,oil<55C,PathB_fuel_BSFC_v1
20260901_111543.csv,urban,2026-09-01,2.3,10.683,91.708,25.391,26.525,18.905,7.884,18.641,2.939,20.552,0.2972,0.2989,0.2769,1.0,-0.0525,False,E10,751.0,41.15,oil<55C,PathB_fuel_BSFC_v1
20260901_112814.csv,urban,2026-09-01,2.0,7.643,65.613,18.57,20.979,11.39,5.451,15.529,4.49,16.77,0.2598,0.3056,0.283,0.9563,-0.021,True,E10,751.0,41.15,oil<55C,PathB_fuel_BSFC_v1
20260902_074300.csv,urban,2026-09-02,1.2,7.488,64.277,17.008,27.034,24.288,7.406,19.628,1.425,9.567,0.274,0.2857,0.2646,1.0,0.2415,False,E10,751.0,41.15,oil<55C,PathB_fuel_BSFC_v1
20260902_075316.csv,urban,2026-09-02,4.7,7.286,62.542,17.225,19.013,9.68,3.442,15.57,5.774,15.549,0.1811,0.2973,0.2754,1.0,-0.147,False,E10,751.0,41.15,oil<55C,PathB_fuel_BSFC_v1
20260902_201704.csv,urban,2026-09-02,2.4,8.179,70.211,20.949,18.973,12.87,6.908,12.065,2.65,16.475,0.3641,0.3221,0.2984,0.7074,-0.1575,False,E10,751.0,41.15,oil<55C,PathB_fuel_BSFC_v1
20260902_203318.csv,urban,2026-09-02,0.9,7.034,60.382,20.042,20.839,15.336,5.394,15.445,1.211,17.7,0.2588,0.3584,0.3319,0.0,-0.021,True,E10,751.0,41.15,oil<55C,PathB_fuel_BSFC_v1
20260902_204646.csv,urban,2026-09-02,12.2,3.969,34.068,12.091,15.38,10.875,5.615,9.765,2.948,6.899,0.3651,0.3832,0.3549,0.0,0.1365,False,E10,751.0,41.15,oil<55C,PathB_fuel_BSFC_v1
20260902_211511.csv,urban,2026-09-02,4.7,5.705,48.974,17.059,17.978,11.46,4.855,13.124,3.949,13.604,0.27,0.3761,0.3483,0.0,-0.168,False,E10,751.0,41.15,oil<55C,PathB_fuel_BSFC_v1
20260903_074822.csv,urban,2026-09-03,1.2,18.019,154.68,42.348,24.21,20.177,11.108,13.102,0.717,32.825,0.4588,0.2956,0.2738,1.0,-0.2415,False,E10,751.0,41.15,oil<55C,PathB_fuel_BSFC_v1
20260903_080232.csv,urban,2026-09-03,0.6,0.0,0.0,0.0,22.29,17.175,0.0,22.29,4.333,0.0,0.0,,,,0.1575,False,E10,751.0,41.15,oil<55C,PathB_fuel_BSFC_v1
20260903_082326.csv,urban,2026-09-03,1.5,8.034,68.97,18.557,15.413,10.147,3.618,11.795,2.227,16.3,0.2347,0.2905,0.2691,1.0,-0.084,False,E10,751.0,41.15,oil<55C,PathB_fuel_BSFC_v1
20260903_200514.csv,urban,2026-09-03,1.8,8.538,73.297,20.864,16.388,11.028,4.968,11.42,1.767,18.522,0.3032,0.3073,0.2847,0.947,-0.1575,False,E10,751.0,41.15,oil<55C,PathB_fuel_BSFC_v1
20260903_213855.csv,urban,2026-09-03,11.0,4.828,41.441,13.596,18.123,11.85,7.758,10.365,4.847,6.541,0.4281,0.3542,0.3281,0.3645,0.021,True,E10,751.0,41.15,oil<55C,PathB_fuel_BSFC_v1
20260904_075123.csv,urban,2026-09-04,1.2,16.015,137.475,37.416,24.892,19.796,11.058,13.834,1.117,28.667,0.4442,0.2938,0.2722,1.0,-0.126,False,E10,751.0,41.15,oil<55C,PathB_fuel_BSFC_v1
20260904_080352.csv,urban,2026-09-04,1.1,3.635,31.201,8.256,21.293,14.701,4.473,16.82,4.891,3.509,0.2101,0.2857,0.2646,1.0,0.1365,False,E10,751.0,41.15,oil<55C,PathB_fuel_BSFC_v1
20260904_203411.csv,urban,2026-09-04,18.3,5.113,43.89,14.376,19.145,12.573,6.995,12.149,4.803,8.265,0.3654,0.3536,0.3276,0.2218,0.105,False,E10,751.0,41.15,oil<55C,PathB_fuel_BSFC_v1
20260905_103157.csv,urban,2026-09-05,2.1,10.395,89.237,24.311,19.522,11.68,7.578,11.944,3.752,19.157,0.3882,0.2941,0.2724,1.0,-0.2835,False,E10,751.0,41.15,oil<55C,PathB_fuel_BSFC_v1
20260905_104841.csv,urban,2026-09-05,2.8,5.395,46.316,13.802,20.315,11.795,4.599,15.716,3.893,12.589,0.2264,0.3217,0.298,0.6744,0.021,True,E10,751.0,41.15,oil<55C,PathB_fuel_BSFC_v1
20260905_110415.csv,urban,2026-09-05,2.5,6.082,52.206,18.264,25.492,14.829,7.689,17.803,5.644,14.58,0.3016,0.3777,0.3498,0.0,-0.0105,True,E10,751.0,41.15,oil<55C,PathB_fuel_BSFC_v1
20260905_122311.csv,urban,2026-09-05,2.7,4.774,40.982,11.695,18.6,10.825,3.146,15.454,3.448,11.896,0.1691,0.3081,0.2854,0.8701,0.084,False,E10,751.0,41.15,oil<55C,PathB_fuel_BSFC_v1
20260905_123511.csv,urban,2026-09-05,0.4,7.442,63.885,17.718,17.404,12.115,2.231,15.173,3.225,15.3,0.1282,0.2994,0.2773,0.8073,0.0315,True,E10,751.0,41.15,oil<55C,PathB_fuel_BSFC_v1
20260905_124450.csv,urban,2026-09-05,2.2,7.556,64.868,21.803,19.926,14.459,7.853,12.073,2.159,15.945,0.3941,0.3629,0.3361,0.0,-0.168,False,E10,751.0,41.15,oil<55C,PathB_fuel_BSFC_v1
20260905_162310.csv,urban,2026-09-05,1.9,10.351,88.855,24.874,19.68,12.157,7.767,11.913,1.653,22.089,0.3947,0.3022,0.2799,1.0,-0.2205,False,E10,751.0,41.15,oil<55C,PathB_fuel_BSFC_v1
20260905_163145.csv,urban,2026-09-05,1.9,6.229,53.474,16.903,19.373,11.742,4.288,15.085,3.053,16.2,0.2214,0.3413,0.3161,0.4936,-0.042,True,E10,751.0,41.15,oil<55C,PathB_fuel_BSFC_v1
20260905_164824.csv,urban,2026-09-05,7.2,5.478,47.025,16.498,21.098,14.209,7.885,13.213,4.921,9.617,0.3737,0.3788,0.3508,0.0,0.0945,False,E10,751.0,41.15,oil<55C,PathB_fuel_BSFC_v1
20260905_172322.csv,urban,2026-09-05,10.6,6.404,54.971,18.455,22.719,16.19,13.619,9.1,5.355,5.461,0.5995,0.3624,0.3357,0.0,-0.0525,False,E10,751.0,41.15,oil<55C,PathB_fuel_BSFC_v1
20260905_175245.csv,urban,2026-09-05,1.4,8.079,69.349,24.21,19.449,9.859,5.339,14.111,3.021,24.107,0.2745,0.3769,0.3491,0.0,-0.1575,False,E10,751.0,41.15,oil<55C,PathB_fuel_BSFC_v1
20260905_183226.csv,urban,2026-09-05,3.4,3.459,29.691,10.453,19.583,13.474,3.728,15.855,3.685,8.218,0.1904,0.3801,0.3521,0.0,0.2415,False,E10,751.0,41.15,oil<55C,PathB_fuel_BSFC_v1
20260906_121520.csv,urban,2026-09-06,2.5,8.204,70.427,19.573,23.217,14.96,6.81,16.407,4.032,15.972,0.2933,0.3001,0.2779,1.0,-0.0315,True,E10,751.0,41.15,oil<55C,PathB_fuel_BSFC_v1
20260906_122920.csv,urban,2026-09-06,0.44,26.547,227.889,60.274,47.689,42.19,12.337,35.353,3.273,44.841,0.2587,0.2855,0.2645,1.0,-0.0105,True,E10,751.0,41.15,oil<55C,PathB_fuel_BSFC_v1
20260906_130754.csv,urban,2026-09-06,1.5,6.944,59.612,16.511,20.544,13.09,4.853,15.691,3.813,13.58,0.2362,0.299,0.277,1.0,0.0105,True,E10,751.0,41.15,oil<55C,PathB_fuel_BSFC_v1
20260906_131945.csv,urban,2026-09-06,1.9,8.638,74.153,21.636,17.455,12.611,5.949,11.506,1.479,17.737,0.3408,0.315,0.2918,0.8549,-0.1365,False,E10,751.0,41.15,oil<55C,PathB_fuel_BSFC_v1
20260906_134827.csv,urban,2026-09-06,1.2,7.682,65.944,18.046,24.017,18.507,6.414,17.603,0.683,15.458,0.2671,0.2954,0.2737,1.0,0.084,False,E10,751.0,41.15,oil<55C,PathB_fuel_BSFC_v1
20260906_195140.csv,urban,2026-09-06,2.5,10.474,89.915,25.026,19.142,12.506,6.958,12.183,3.812,19.316,0.3635,0.3005,0.2783,1.0,-0.3045,False,E10,751.0,41.15,oil<55C,PathB_fuel_BSFC_v1
20260906_201552.csv,urban,2026-09-06,7.9,4.798,41.189,11.99,16.266,11.059,2.833,13.433,2.647,10.33,0.1742,0.3143,0.2911,0.8632,0.1575,False,E10,751.0,41.15,oil<55C,PathB_fuel_BSFC_v1
20260907_074534.csv,urban,2026-09-07,2.4,13.967,119.9,33.147,18.894,13.281,9.549,9.345,0.696,27.096,0.5054,0.2985,0.2765,1.0,-0.42,False,E10,751.0,41.15,oil<55C,PathB_fuel_BSFC_v1
20260907_080214.csv,urban,2026-09-07,0.6,0.0,0.0,0.0,24.837,19.332,0.0,24.837,3.817,0.0,0.0,,,,0.168,False,E10,751.0,41.15,oil<55C,PathB_fuel_BSFC_v1
20260907_081855.csv,urban,2026-09-07,1.5,1.038,8.907,2.357,17.884,11.95,1.663,16.221,3.92,0.727,0.093,0.2857,0.2646,1.0,0.2205,False,E10,751.0,41.15,oil<55C,PathB_fuel_BSFC_v1
20260907_082522.csv,urban,2026-09-07,0.6,0.0,0.0,0.0,17.182,12.059,0.0,17.182,3.183,0.0,0.0,,,,0.147,False,E10,751.0,41.15,oil<55C,PathB_fuel_BSFC_v1
20260907_165532.csv,urban,2026-09-07,2.5,7.74,66.446,18.599,19.142,11.042,6.552,12.59,4.752,14.04,0.3423,0.3022,0.2799,1.0,-0.1365,False,E10,751.0,41.15,oil<55C,PathB_fuel_BSFC_v1
20260907_171659.csv,urban,2026-09-07,1.3,7.825,67.17,18.463,21.33,11.806,6.139,15.191,4.054,15.4,0.2878,0.2968,0.2749,1.0,-0.0315,True,E10,751.0,41.15,oil<55C,PathB_fuel_BSFC_v1
20260907_172745.csv,urban,2026-09-07,0.7,0.0,0.0,0.0,19.825,10.734,0.0,19.825,7.1,0.0,0.0,,,,0.1365,False,E10,751.0,41.15,oil<55C,PathB_fuel_BSFC_v1
20260907_174600.csv,urban,2026-09-07,2.0,6.361,54.609,16.07,18.36,9.981,4.702,13.657,3.415,15.0,0.2561,0.3177,0.2943,0.7862,-0.0735,False,E10,751.0,41.15,oil<55C,PathB_fuel_BSFC_v1
20260908_074435.csv,urban,2026-09-08,2.4,15.773,135.398,37.585,19.623,14.503,12.12,7.503,0.508,28.6,0.6176,0.2997,0.2776,1.0,-0.525,False,E10,751.0,41.15,oil<55C,PathB_fuel_BSFC_v1
20260908_075934.csv,urban,2026-09-08,2.4,4.177,35.857,9.873,21.299,14.386,4.367,16.932,2.971,7.979,0.205,0.2973,0.2753,1.0,0.1995,False,E10,751.0,41.15,oil<55C,PathB_fuel_BSFC_v1
20260908_085530.csv,urban,2026-09-08,4.1,5.161,44.304,12.269,19.895,12.659,2.807,17.087,4.79,10.132,0.1411,0.299,0.2769,0.8218,0.2415,False,E10,751.0,41.15,oil<55C,PathB_fuel_BSFC_v1
20260908_123156.csv,urban,2026-09-08,2.4,5.505,47.26,13.193,20.738,15.257,4.835,15.903,3.071,9.825,0.2332,0.3014,0.2792,1.0,0.1785,False,E10,751.0,41.15,oil<55C,PathB_fuel_BSFC_v1
20260908_124726.csv,urban,2026-09-08,2.5,8.862,76.076,24.227,20.617,12.887,5.641,14.976,4.712,19.66,0.2736,0.3438,0.3185,0.4904,-0.294,False,E10,751.0,41.15,oil<55C,PathB_fuel_BSFC_v1
20260909_073950.csv,urban,2026-09-09,2.4,11.622,99.764,27.811,17.931,11.543,9.448,8.483,0.958,22.475,0.5269,0.301,0.2788,1.0,-0.336,False,E10,751.0,41.15,oil<55C,PathB_fuel_BSFC_v1
20260909_075611.csv,urban,2026-09-09,2.5,5.098,43.76,12.085,18.368,13.097,3.692,14.676,2.684,9.272,0.201,0.2982,0.2762,1.0,0.105,False,E10,751.0,41.15,oil<55C,PathB_fuel_BSFC_v1
20260909_133503.csv,urban,2026-09-09,1.6,9.54,81.898,22.785,27.914,20.945,8.831,19.083,2.581,17.15,0.3164,0.3004,0.2782,1.0,0.084,False,E10,751.0,41.15,oil<55C,PathB_fuel_BSFC_v1
20260909_140527.csv,urban,2026-09-09,0.4,8.651,74.261,19.649,49.011,41.752,8.82,40.191,5.25,9.625,0.18,0.2857,0.2646,1.0,0.1995,False,E10,751.0,41.15,oil<55C,PathB_fuel_BSFC_v1
20260909_143711.csv,urban,2026-09-09,2.2,8.081,69.367,21.728,21.624,16.933,6.509,15.115,1.845,16.736,0.301,0.3382,0.3132,0.5102,-0.042,True,E10,751.0,41.15,oil<55C,PathB_fuel_BSFC_v1
20260909_153731.csv,urban,2026-09-09,2.4,7.647,65.647,22.215,25.235,17.962,7.551,17.685,4.925,15.817,0.2992,0.3653,0.3384,0.2002,-0.0525,False,E10,751.0,41.15,oil<55C,PathB_fuel_BSFC_v1
20260909_154548.csv,urban,2026-09-09,2.5,10.293,88.363,30.75,26.799,17.171,10.898,15.9,2.316,25.532,0.4067,0.3757,0.348,0.0,-0.315,False,E10,751.0,41.15,oil<55C,PathB_fuel_BSFC_v1
20260910_074344.csv,urban,2026-09-10,2.4,8.76,75.196,20.53,18.588,12.38,6.06,12.528,2.521,16.821,0.326,0.2948,0.273,1.0,-0.105,False,E10,751.0,41.15,oil<55C,PathB_fuel_BSFC_v1
20260910_075908.csv,urban,2026-09-10,0.7,4.201,36.067,9.543,28.622,24.412,6.232,22.39,2.743,2.971,0.2177,0.2857,0.2646,1.0,0.1785,False,E10,751.0,41.15,oil<55C,PathB_fuel_BSFC_v1
20260910_081613.csv,urban,2026-09-10,1.8,6.262,53.753,14.988,19.902,13.861,5.288,14.613,2.528,12.283,0.2657,0.301,0.2788,1.0,0.0315,True,E10,751.0,41.15,oil<55C,PathB_fuel_BSFC_v1
20260910_135648.csv,urban,2026-09-10,2.4,6.443,55.309,15.423,23.187,13.613,6.45,16.737,3.758,12.963,0.2782,0.3011,0.2788,1.0,0.042,True,E10,751.0,41.15,oil<55C,PathB_fuel_BSFC_v1
20260910_143202.csv,urban,2026-09-10,4.4,6.423,55.135,17.35,22.87,14.739,5.324,17.547,4.639,13.768,0.2328,0.3397,0.3147,0.4468,0.0735,False,E10,751.0,41.15,oil<55C,PathB_fuel_BSFC_v1
2026-09-11_07-42-27.csv,urban,2026-09-11,2.4,12.054,103.474,28.596,15.461,8.427,5.52,9.941,3.212,25.404,0.3571,0.2984,0.2764,1.0,-0.462,False,E10,751.0,41.15,oil<55C,PathB_fuel_BSFC_v1
2026-09-11_08-01-27.csv,urban,2026-09-11,2.5,4.29,36.823,10.015,19.407,11.919,3.697,15.71,5.62,6.672,0.1905,0.2936,0.272,1.0,0.1575,False,E10,751.0,41.15,oil<55C,PathB_fuel_BSFC_v1
2026-09-11_15-04-47.csv,urban,2026-09-11,1.7,6.838,58.698,19.157,19.857,13.72,4.205,15.651,1.224,18.294,0.2118,0.3524,0.3264,0.3312,-0.0525,False,E10,751.0,41.15,oil<55C,PathB_fuel_BSFC_v1
2026-09-11_15-23-18.csv,urban,2026-09-11,2.2,5.05,43.349,15.255,21.073,13.407,3.954,17.119,3.691,13.05,0.1876,0.3799,0.3519,0.0,0.063,False,E10,751.0,41.15,oil<55C,PathB_fuel_BSFC_v1
2026-09-11_19-24-41.csv,urban,2026-09-11,2.6,6.711,57.611,16.154,20.539,12.735,5.355,15.185,3.704,13.188,0.2607,0.3027,0.2804,1.0,-0.021,True,E10,751.0,41.15,oil<55C,PathB_fuel_BSFC_v1
2026-09-11_19-37-40.csv,urban,2026-09-11,3.2,7.568,64.967,20.887,21.227,13.048,5.131,16.097,3.437,18.934,0.2417,0.3471,0.3215,0.3241,-0.1365,False,E10,751.0,41.15,oil<55C,PathB_fuel_BSFC_v1
2026-09-11_21-57-07.csv,urban,2026-09-11,20.9,3.93,33.733,11.177,13.092,8.907,2.871,10.221,1.998,9.031,0.2193,0.3577,0.3313,0.249,-0.042,True,E10,751.0,41.15,oil<55C,PathB_fuel_BSFC_v1
2026-09-12_13-25-13.csv,urban,2026-09-12,1.1,12.78,109.71,29.736,27.554,21.701,12.133,15.422,0.491,21.573,0.4403,0.2926,0.271,1.0,-0.042,True,E10,751.0,41.15,oil<55C,PathB_fuel_BSFC_v1
2026-09-12_13-33-36.csv,urban,2026-09-12,3.9,4.753,40.803,11.384,19.616,11.669,3.204,16.412,3.664,11.005,0.1633,0.3012,0.279,1.0,0.21,False,E10,751.0,41.15,oil<55C,PathB_fuel_BSFC_v1
2026-09-12_13-57-02.csv,urban,2026-09-12,1.7,8.247,70.793,19.876,18.627,6.48,5.66,12.966,5.329,19.294,0.3039,0.3031,0.2808,1.0,-0.21,False,E10,751.0,41.15,oil<55C,PathB_fuel_BSFC_v1
2026-09-12_14-15-41.csv,urban,2026-09-12,2.4,6.978,59.903,18.657,17.126,11.385,4.487,12.639,1.458,17.117,0.262,0.3363,0.3115,0.5584,-0.105,False,E10,751.0,41.15,oil<55C,PathB_fuel_BSFC_v1
2026-09-12_14-48-27.csv,urban,2026-09-12,2.0,5.306,45.548,14.291,19.453,9.653,5.409,14.044,2.395,14.95,0.2781,0.3387,0.3138,0.5103,-0.0105,True,E10,751.0,41.15,oil<55C,PathB_fuel_BSFC_v1
2026-09-12_15-01-43.csv,urban,2026-09-12,2.0,0.0,0.0,0.0,17.455,10.365,0.0,17.455,5.735,0.0,0.0,,,,0.3675,False,E10,751.0,41.15,oil<55C,PathB_fuel_BSFC_v1
2026-09-12_16-59-34.csv,urban,2026-09-12,17.5,4.876,41.861,13.831,18.559,11.354,6.611,11.947,5.102,8.082,0.3562,0.3567,0.3304,0.3222,-0.0945,False,E10,751.0,41.15,oil<55C,PathB_fuel_BSFC_v1
2026-09-13_11-48-59.csv,urban,2026-09-13,2.2,10.524,90.345,25.12,20.382,11.824,11.948,8.435,2.795,17.014,0.5862,0.3002,0.278,1.0,-0.294,False,E10,751.0,41.15,oil<55C,PathB_fuel_BSFC_v1
2026-09-13_12-01-09.csv,urban,2026-09-13,0.7,13.632,117.02,32.429,29.658,19.247,12.909,16.749,2.957,25.029,0.4353,0.2992,0.2771,1.0,-0.0525,False,E10,751.0,41.15,oil<55C,PathB_fuel_BSFC_v1
2026-09-13_12-08-25.csv,urban,2026-09-13,0.6,0.0,0.0,0.0,18.226,11.286,0.0,18.226,4.967,0.0,0.0,,,,0.0945,False,E10,751.0,41.15,oil<55C,PathB_fuel_BSFC_v1
2026-09-13_12-22-44.csv,urban,2026-09-13,2.0,4.977,42.721,11.912,17.313,11.273,1.949,15.363,2.99,11.465,0.1126,0.301,0.2788,1.0,0.0735,False,E10,751.0,41.15,oil<55C,PathB_fuel_BSFC_v1
2026-09-13_17-11-06.csv,urban,2026-09-13,6.8,5.651,48.512,15.932,21.89,11.815,5.145,16.745,5.019,14.21,0.235,0.3546,0.3284,0.3291,-0.0945,False,E10,751.0,41.15,oil<55C,PathB_fuel_BSFC_v1
2026-09-13_19-00-19.csv,urban,2026-09-13,0.8,12.494,107.256,29.592,24.702,15.24,7.594,17.108,2.137,27.95,0.3074,0.2979,0.2759,1.0,-0.105,False,E10,751.0,41.15,oil<55C,PathB_fuel_BSFC_v1
2026-09-13_19-10-18.csv,urban,2026-09-13,6.2,6.421,55.123,18.63,22.986,15.342,6.755,16.23,3.571,14.545,0.2939,0.3649,0.338,0.1866,0.042,True,E10,751.0,41.15,oil<55C,PathB_fuel_BSFC_v1
2026-09-14_07-36-58.csv,urban,2026-09-14,2.4,12.922,110.924,30.658,18.949,11.335,9.679,9.27,1.725,25.521,0.5108,0.2984,0.2764,1.0,-0.4095,False,E10,751.0,41.15,oil<55C,PathB_fuel_BSFC_v1
2026-09-14_07-50-59.csv,urban,2026-09-14,2.5,5.818,49.943,13.598,21.306,14.642,4.365,16.942,5.38,8.748,0.2049,0.294,0.2723,1.0,0.1155,False,E10,751.0,41.15,oil<55C,PathB_fuel_BSFC_v1
2026-09-14_16-56-10.csv,urban,2026-09-14,2.4,5.438,46.68,12.887,21.647,16.157,4.978,16.669,2.633,9.408,0.23,0.2981,0.2761,1.0,0.147,False,E10,751.0,41.15,oil<55C,PathB_fuel_BSFC_v1
2026-09-14_17-08-07.csv,urban,2026-09-14,3.8,8.378,71.918,20.642,23.006,13.263,7.384,15.622,4.545,16.726,0.321,0.3099,0.287,0.8847,-0.0735,False,E10,751.0,41.15,oil<55C,PathB_fuel_BSFC_v1
2026-09-14_18-09-48.csv,urban,2026-09-14,3.5,3.69,31.678,11.093,20.523,12.048,2.585,17.938,5.434,10.146,0.126,0.3781,0.3502,0.0,0.168,False,E10,751.0,41.15,oil<55C,PathB_fuel_BSFC_v1
2026-09-14_18-49-32.csv,urban,2026-09-14,3.6,4.061,34.863,12.252,22.043,13.642,4.991,17.053,5.881,8.406,0.2264,0.3794,0.3514,0.0,0.1785,False,E10,751.0,41.15,oil<55C,PathB_fuel_BSFC_v1
2026-09-15_07-49-33.csv,urban,2026-09-15,2.3,14.878,127.715,34.867,19.091,13.926,9.965,9.126,0.53,27.9,0.522,0.2947,0.273,1.0,-0.4515,False,E10,751.0,41.15,oil<55C,PathB_fuel_BSFC_v1
2026-09-15_08-06-11.csv,urban,2026-09-15,4.2,6.311,54.173,15.412,20.893,16.695,5.388,15.505,2.024,10.181,0.2579,0.3071,0.2845,0.7837,0.21,False,E10,751.0,41.15,oil<55C,PathB_fuel_BSFC_v1
2026-09-15_14-44-40.csv,urban,2026-09-15,2.1,5.834,50.081,13.919,23.777,16.098,7.728,16.049,3.838,8.624,0.325,0.3001,0.2779,1.0,0.147,False,E10,751.0,41.15,oil<55C,PathB_fuel_BSFC_v1
2026-09-16_07-35-39.csv,urban,2026-09-16,2.4,17.456,149.844,41.587,19.362,15.057,11.705,7.657,1.288,31.108,0.6046,0.2996,0.2775,1.0,-0.6405,False,E10,751.0,41.15,oil<55C,PathB_fuel_BSFC_v1
2026-09-16_07-49-37.csv,urban,2026-09-16,2.6,5.576,47.868,13.953,19.783,13.528,4.783,15.0,2.523,10.923,0.2418,0.3147,0.2915,0.7345,0.147,False,E10,751.0,41.15,oil<55C,PathB_fuel_BSFC_v1
2026-09-16_13-54-36.csv,urban,2026-09-16,0.6,0.0,0.0,0.0,26.162,22.697,0.0,26.162,2.6,0.0,0.0,,,,0.168,False,E10,751.0,41.15,oil<55C,PathB_fuel_BSFC_v1
2026-09-16_14-01-15.csv,urban,2026-09-16,2.1,5.962,51.178,14.161,21.422,15.121,4.324,17.097,4.667,9.81,0.2019,0.2987,0.2767,1.0,0.1155,False,E10,751.0,41.15,oil<55C,PathB_fuel_BSFC_v1
2026-09-16_14-40-56.csv,urban,2026-09-16,2.8,5.888,50.54,14.138,20.574,14.279,5.391,15.183,3.271,10.361,0.262,0.302,0.2797,0.9814,0.147,False,E10,751.0,41.15,oil<55C,PathB_fuel_BSFC_v1
2026-09-16_18-07-46.csv,urban,2026-09-16,1.0,5.986,51.388,17.943,18.58,14.756,2.129,16.451,0.46,18.08,0.1146,0.377,0.3492,0.0,0.0,True,E10,751.0,41.15,oil<55C,PathB_fuel_BSFC_v1
2026-09-16_18-17-21.csv,urban,2026-09-16,1.5,5.227,44.867,15.334,18.415,12.756,2.388,16.027,1.4,15.86,0.1297,0.369,0.3418,0.0,0.0105,True,E10,751.0,41.15,oil<55C,PathB_fuel_BSFC_v1
2026-09-16_19-00-34.csv,urban,2026-09-16,6.8,4.906,42.111,14.095,17.93,11.74,6.802,11.128,3.707,8.338,0.3794,0.3614,0.3347,0.1283,0.0525,False,E10,751.0,41.15,oil<55C,PathB_fuel_BSFC_v1
2026-09-16_19-29-42.csv,urban,2026-09-16,13.0,6.295,54.04,17.868,23.241,15.453,12.917,10.324,5.785,5.478,0.5558,0.357,0.3306,0.0,-0.042,True,E10,751.0,41.15,oil<55C,PathB_fuel_BSFC_v1
2026-09-17_07-42-09.csv,urban,2026-09-17,2.3,13.996,120.145,33.41,17.381,11.021,9.665,7.716,1.509,26.883,0.5561,0.3002,0.2781,1.0,-0.4935,False,E10,751.0,41.15,oil<55C,PathB_fuel_BSFC_v1
2026-09-17_08-01-31.csv,urban,2026-09-17,0.7,0.0,0.0,0.0,21.335,16.072,0.0,21.335,3.686,0.0,0.0,,,,0.147,False,E10,751.0,41.15,oil<55C,PathB_fuel_BSFC_v1
2026-09-17_08-17-51.csv,urban,2026-09-17,1.9,4.846,41.601,10.982,20.839,14.332,3.637,17.202,4.847,7.305,0.1745,0.285,0.264,1.0,0.168,False,E10,751.0,41.15,oil<55C,PathB_fuel_BSFC_v1
2026-09-17_18-42-24.csv,urban,2026-09-17,1.0,9.692,83.199,29.349,23.168,13.061,10.193,12.975,2.02,25.91,0.44,0.3808,0.3528,0.0,-0.1575,False,E10,751.0,41.15,oil<55C,PathB_fuel_BSFC_v1
2026-09-17_18-50-09.csv,urban,2026-09-17,0.9,0.0,0.0,0.0,17.549,11.125,0.0,17.549,5.167,0.0,0.0,,,,0.1785,False,E10,751.0,41.15,oil<55C,PathB_fuel_BSFC_v1
2026-09-17_19-54-00.csv,urban,2026-09-17,14.1,4.447,38.174,12.955,16.15,10.992,3.131,13.019,2.113,11.467,0.1939,0.3664,0.3394,0.1375,0.168,False,E10,751.0,41.15,oil<55C,PathB_fuel_BSFC_v1
2026-09-18_07-43-41.csv,urban,2026-09-18,2.4,11.758,100.938,28.178,16.082,10.359,8.012,8.071,1.313,22.383,0.4982,0.3014,0.2792,1.0,-0.4515,False,E10,751.0,41.15,oil<55C,PathB_fuel_BSFC_v1
2026-09-18_08-01-32.csv,urban,2026-09-18,2.5,4.227,36.288,10.0,15.279,10.342,2.97,12.308,3.536,6.512,0.1944,0.2975,0.2756,1.0,0.1155,False,E10,751.0,41.15,oil<55C,PathB_fuel_BSFC_v1
2026-09-19_09-36-29.csv,urban,2026-09-19,2.1,10.968,94.15,25.131,22.853,15.479,6.658,16.196,3.2,20.029,0.2913,0.2882,0.2669,1.0,-0.147,False,E10,751.0,41.15,oil<55C,PathB_fuel_BSFC_v1
2026-09-19_12-04-29.csv,urban,2026-09-19,1.0,14.011,120.276,33.308,18.98,11.034,9.284,9.697,3.1,27.42,0.4891,0.299,0.2769,1.0,-0.252,False,E10,751.0,41.15,oil<55C,PathB_fuel_BSFC_v1
2026-09-19_12-17-53.csv,urban,2026-09-19,2.5,6.93,59.487,17.267,18.197,11.864,4.756,13.441,2.268,15.244,0.2614,0.3134,0.2903,0.8256,-0.0735,False,E10,751.0,41.15,oil<55C,PathB_fuel_BSFC_v1
2026-09-19_13-06-20.csv,urban,2026-09-19,3.6,3.665,31.464,11.054,19.83,12.371,4.323,15.507,4.108,8.622,0.218,0.3793,0.3513,0.0,0.1575,False,E10,751.0,41.15,oil<55C,PathB_fuel_BSFC_v1
2026-09-19_15-44-41.csv,urban,2026-09-19,4.7,7.036,60.398,19.011,24.699,15.886,5.877,18.822,4.994,15.591,0.238,0.3398,0.3148,0.473,0.0315,True,E10,751.0,41.15,oil<55C,PathB_fuel_BSFC_v1
2026-09-19_17-22-21.csv,urban,2026-09-19,1.5,6.184,53.085,14.616,23.235,15.65,3.809,19.426,2.0,15.213,0.1639,0.2973,0.2753,1.0,0.168,False,E10,751.0,41.15,oil<55C,PathB_fuel_BSFC_v1
2026-09-19_17-42-40.csv,urban,2026-09-19,11.7,7.851,67.396,21.649,28.507,18.509,16.597,11.91,7.297,6.802,0.5822,0.3468,0.3212,0.0698,-0.2415,False,E10,751.0,41.15,oil<55C,PathB_fuel_BSFC_v1
2026-09-20_06-44-20.csv,urban,2026-09-20,3.9,13.363,114.713,31.302,24.416,18.185,10.958,13.458,2.541,22.254,0.4488,0.2946,0.2729,1.0,-0.2835,False,E10,751.0,41.15,oil<55C,PathB_fuel_BSFC_v1
2026-09-20_10-38-25.csv,urban,2026-09-20,1.8,6.748,57.925,15.747,26.859,18.939,7.389,19.47,3.9,11.344,0.2751,0.2935,0.2718,1.0,0.1155,False,E10,751.0,41.15,oil<55C,PathB_fuel_BSFC_v1
2026-09-20_11-23-27.csv,urban,2026-09-20,1.5,6.668,57.239,15.957,23.434,16.298,4.588,18.846,2.387,14.48,0.1958,0.301,0.2788,1.0,0.0525,False,E10,751.0,41.15,oil<55C,PathB_fuel_BSFC_v1
2026-09-20_18-02-44.csv,urban,2026-09-20,2.2,9.139,78.45,21.771,21.206,12.966,6.589,14.617,5.05,16.927,0.3107,0.2996,0.2775,1.0,-0.1785,False,E10,751.0,41.15,oil<55C,PathB_fuel_BSFC_v1
2026-09-20_19-27-18.csv,urban,2026-09-20,2.2,4.546,39.025,10.845,18.364,13.545,3.744,14.62,1.118,9.641,0.2039,0.3,0.2779,1.0,0.21,False,E10,751.0,41.15,oil<55C,PathB_fuel_BSFC_v1
2026-09-20_20-25-25.csv,urban,2026-09-20,1.9,8.672,74.441,21.091,20.98,11.431,7.705,13.275,3.495,17.884,0.3673,0.3059,0.2833,0.9513,-0.189,False,E10,751.0,41.15,oil<55C,PathB_fuel_BSFC_v1
2026-09-20_20-52-42.csv,urban,2026-09-20,0.4,0.0,0.0,0.0,23.089,10.917,0.0,23.089,11.075,0.0,0.0,,,,0.084,False,E10,751.0,41.15,oil<55C,PathB_fuel_BSFC_v1
2026-09-20_20-59-21.csv,urban,2026-09-20,2.4,6.048,51.917,15.104,18.459,12.869,5.275,13.184,2.454,11.592,0.2858,0.3141,0.2909,0.6727,0.063,False,E10,751.0,41.15,oil<55C,PathB_fuel_BSFC_v1
2026-09-21_07-36-37.csv,urban,2026-09-21,2.3,11.957,102.647,28.524,16.19,11.491,6.02,10.17,2.261,23.339,0.3719,0.3,0.2779,1.0,-0.4095,False,E10,751.0,41.15,oil<55C,PathB_fuel_BSFC_v1
2026-09-21_07-50-20.csv,urban,2026-09-21,2.5,5.996,51.468,13.769,23.487,16.786,3.179,20.307,4.54,10.828,0.1354,0.2888,0.2675,1.0,0.231,False,E10,751.0,41.15,oil<55C,PathB_fuel_BSFC_v1
2026-09-21_12-02-22.csv,urban,2026-09-21,1.8,14.068,120.763,33.24,26.707,18.716,10.056,16.651,2.244,27.05,0.3765,0.2972,0.2752,1.0,-0.2415,False,E10,751.0,41.15,oil<55C,PathB_fuel_BSFC_v1
2026-09-21_20-35-24.csv,urban,2026-09-21,2.6,9.885,84.855,23.641,16.076,9.358,4.777,11.299,2.888,21.115,0.2972,0.3008,0.2786,1.0,-0.336,False,E10,751.0,41.15,oil<55C,PathB_fuel_BSFC_v1
2026-09-21_20-55-26.csv,urban,2026-09-21,11.3,3.585,30.775,10.134,15.854,10.119,5.016,10.837,3.536,6.076,0.3164,0.3555,0.3293,0.3383,0.3045,False,E10,751.0,41.15,oil<55C,PathB_fuel_BSFC_v1
2026-09-22_07-45-42.csv,urban,2026-09-22,1.2,28.846,247.624,66.831,26.849,20.385,18.951,7.899,0.425,50.092,0.7058,0.2914,0.2699,1.0,-0.5775,False,E10,751.0,41.15,oil<55C,PathB_fuel_BSFC_v1
2026-09-22_07-59-37.csv,urban,2026-09-22,1.3,7.29,62.581,17.421,19.05,12.816,3.673,15.377,2.462,15.985,0.1928,0.3005,0.2784,1.0,0.042,True,E10,751.0,41.15,oil<55C,PathB_fuel_BSFC_v1
2026-09-22_11-55-57.csv,urban,2026-09-22,3.3,9.6,82.407,22.946,22.836,16.833,10.949,11.887,1.727,14.691,0.4795,0.3006,0.2784,1.0,-0.084,False,E10,751.0,41.15,oil<55C,PathB_fuel_BSFC_v1
2026-09-22_16-13-42.csv,urban,2026-09-22,1.3,0.0,0.0,0.0,22.491,15.528,0.0,22.491,5.385,0.0,0.0,,,,0.273,False,E10,751.0,41.15,oil<55C,PathB_fuel_BSFC_v1
2026-09-22_16-21-26.csv,urban,2026-09-22,1.2,0.0,0.0,0.0,19.441,13.267,0.0,19.441,4.658,0.0,0.0,,,,0.2625,False,E10,751.0,41.15,oil<55C,PathB_fuel_BSFC_v1
2026-09-22_21-59-14.csv,urban,2026-09-22,1.7,20.881,179.252,49.948,21.629,16.077,15.304,6.326,0.6,37.629,0.7075,0.3008,0.2786,1.0,-0.609,False,E10,751.0,41.15,oil<55C,PathB_fuel_BSFC_v1
2026-09-22_22-14-10.csv,urban,2026-09-22,16.5,3.524,30.251,9.659,14.548,9.947,3.145,11.402,2.49,7.322,0.2162,0.3447,0.3193,0.4288,0.4515,False,E10,751.0,41.15,oil<55C,PathB_fuel_BSFC_v1
