file,cumulative_s,longest_run_s
20260531_183645.csv,4.6,2.4
20260610_105454.csv,4.9,2.5
20260612_152740.csv,18.3,8.6
20260619_122407.csv,1.8,1.8
20260625_212737.csv,3.6,3.6
20260627_154430.csv,1.2,1.2
20260627_175120.csv,12.9,9.4
20260707_213501.csv,6.1,3.7
20260711_160253.csv,45.2,9.4
20260711_174010.csv,35.8,12.1
20260714_123712.csv,56.1,19.2
20260715_160647.csv,7.9,4.1
20260716_065600.csv,29.8,12.3
20260726_141738.csv,142.6,16.7
20260726_172244.csv,15.2,4.6
20260801_180617.csv,1.8,1.8
20260806_155444.csv,20.4,6.1
20260808_160215.csv,79.9,6.7
20260808_201800.csv,3.4,3.4
20260814_182203.csv,23.1,7.7
20260814_213416.csv,1.5,1.5
20260817_183543.csv,4.8,2.2
20260821_081939.csv,0.8,0.8
20260830_155318.csv,26.6,12.0
20260830_192834.csv,8.9,8.9
20260904_203411.csv,2.3,2.3
