file,logging_delay_class,logging_delay_min,unlogged_use,last_unlogged_use_end_local,parking_environment,initial_condition,precipitation_type,precipitation_intensity,road_surface,wind_strength,occupants_total,cargo_band,hvac_class,hvac_setpoint_c,windows_open_substantially,cruise_class,exception_flags,notes
20260511_185709.csv,,,,,,,,,,,,,,,,,,
20260512_111617.csv,,,,,,,,,,,,,,,,,,
20260512_195020.csv,,,,,,,,,,,,,,,,,,
20260512_215542.csv,,,,,,,,,,,,,,,,,,
20260513_180335.csv,,,,,,,,,,,,,,,,,,
20260513_182950.csv,,,,,,,,,,,,,,,,,,
20260513_224232.csv,,,,,,,,,,,,,,,,,,
20260514_080426.csv,,,,,,,,,,,,,,,,,,
20260514_093059.csv,,,,,,,,,,,,,,,,,,
20260514_094436.csv,,,,,,,,,,,,,,,,,,
20260515_074031.csv,,,,,,,,,,,,,,,,,,
20260515_075207.csv,,,,,,,,,,,,,,,,,,
20260515_191551.csv,,,,,,,,,,,,,,,,,,
20260515_194744.csv,,,,,,,,,,,,,,,,,,
20260515_222240.csv,,,,,,,,,,,,,,,,,,
20260516_121520.csv,,,,,,,,,,,,,,,,,,
20260516_125903.csv,,,,,,,,,,,,,,,,,,
20260516_131423.csv,,,,,,,,,,,,,,,,,,
20260516_134339.csv,,,,,,,,,,,,,,,,,,
20260516_175004.csv,,,,,,,,,,,,,,,,,,
20260516_182041.csv,,,,,,,,,,,,,,,,,,
20260516_191121.csv,,,,,,,,,,,,,,,,,,
20260517_112115.csv,,,,,,,,,,,,,,,,,,
20260517_120100.csv,,,,,,,,,,,,,,,,,,
20260517_141712.csv,,,,,,,,,,,,,,,,,,
20260517_145435.csv,,,,,,,,,,,,,,,,,,
20260518_073827.csv,,,,,,,,,,,,,,,,,,
20260523_113305.csv,,,,,,,,,,,,,,,,,,
20260523_120859.csv,,,,,,,,,,,,,,,,,,
20260523_124943.csv,,,,,,,,,,,,,,,,,,
20260523_131019.csv,,,,,,,,,,,,,,,,,,
20260523_144629.csv,,,,,,,,,,,,,,,,,,
20260523_183218.csv,,,,,,,,,,,,,,,,,,
20260523_210427.csv,,,,,,,,,,,,,,,,,,
20260523_213300.csv,,,,,,,,,,,,,,,,,,
20260523_222103.csv,,,,,,,,,,,,,,,,,,
20260531_183645.csv,,,,,,,,,,,,,,,,,,
20260531_200637.csv,,,,,,,,,,,,,,,,,,
20260603_122008.csv,,,,,,,,,,,,,,,,,,
20260603_124919.csv,,,,,,,,,,,,,,,,,,
20260609_132041.csv,,,,,,,,,,,,,,,,,,
20260609_153039.csv,,,,,,,,,,,,,,,,,,
20260609_164033.csv,,,,,,,,,,,,,,,,,,
20260609_223056.csv,,,,,,,,,,,,,,,,,,
20260610_094100.csv,,,,,,,,,,,,,,,,,,
20260610_105454.csv,,,,,,,,,,,,,,,,,,
20260611_061120.csv,,,,,,,,,,,,,,,,,,
20260611_100510.csv,,,,,,,,,,,,,,,,,,
20260611_134347.csv,,,,,,,,,,,,,,,,,,
20260611_203850.csv,,,,,,,,,,,,,,,,,,
20260611_215131.csv,,,,,,,,,,,,,,,,,,
20260612_142400.csv,,,,,,,,,,,,,,,,,,
20260612_152740.csv,,,,,,,,,,,,,,,,,,
20260612_170759.csv,,,,,,,,,,,,,,,,,,
20260613_101500.csv,,,,,,,,,,,,,,,,,,
20260613_181221.csv,,,,,,,,,,,,,,,,,,
20260613_195920.csv,,,,,,,,,,,,,,,,,,
20260614_133431.csv,,,,,,,,,,,,,,,,,,
20260616_160533.csv,,,,,,,,,,,,,,,,,,
20260616_162643.csv,,,,,,,,,,,,,,,,,,
20260617_150930.csv,,,,,,,,,,,,,,,,,,
20260617_152114.csv,,,,,,,,,,,,,,,,,,
20260618_124611.csv,,,,,,,,,,,,,,,,,,
20260618_150516.csv,,,,,,,,,,,,,,,,,,
20260619_122407.csv,,,,,,,,,,,,,,,,,,
20260619_180138.csv,,,,,,,,,,,,,,,,,,
20260619_190927.csv,,,,,,,,,,,,,,,,,,
20260619_210959.csv,,,,,,,,,,,,,,,,,,
20260620_090055.csv,,,,,,,,,,,,,,,,,,
20260620_105353.csv,,,,,,,,,,,,,,,,,,
20260620_135838.csv,,,,,,,,,,,,,,,,,,
20260620_165602.csv,,,,,,,,,,,,,,,,,,
20260620_180817.csv,,,,,,,,,,,,,,,,,,
20260620_182933.csv,,,,,,,,,,,,,,,,,,
20260620_192922.csv,,,,,,,,,,,,,,,,,,
20260620_220001.csv,,,,,,,,,,,,,,,,,,
20260621_124457.csv,,,,,,,,,,,,,,,,,,
20260621_145249.csv,,,,,,,,,,,,,,,,,,
20260621_164617.csv,,,,,,,,,,,,,,,,,,
20260621_212214.csv,,,,,,,,,,,,,,,,,,
20260621_213241.csv,,,,,,,,,,,,,,,,,,
20260622_203803.csv,,,,,,,,,,,,,,,,,,
20260622_212051.csv,,,,,,,,,,,,,,,,,,
20260622_214145.csv,,,,,,,,,,,,,,,,,,
20260622_220001.csv,,,,,,,,,,,,,,,,,,
20260624_112335.csv,,,,,,,,,,,,,,,,,,
20260624_130757.csv,,,,,,,,,,,,,,,,,,
20260625_122850.csv,,,,,,,,,,,,,,,,,,
20260625_153901.csv,,,,,,,,,,,,,,,,,,
20260625_210502.csv,,,,,,,,,,,,,,,,,,
20260625_212737.csv,,,,,,,,,,,,,,,,,,
20260627_085219.csv,,,,,,,,,,,,,,,,,,
20260627_093529.csv,,,,,,,,,,,,,,,,,,
20260627_111449.csv,,,,,,,,,,,,,,,,,,
20260627_114435.csv,,,,,,,,,,,,,,,,,,
20260627_144929.csv,,,,,,,,,,,,,,,,,,
20260627_154430.csv,,,,,,,,,,,,,,,,,,
20260627_175120.csv,,,,,,,,,,,,,,,,,,
20260629_172408.csv,,,,,,,,,,,,,,,,,,
20260629_175248.csv,,,,,,,,,,,,,,,,,,
20260629_180647.csv,,,,,,,,,,,,,,,,,,
20260702_193433.csv,,,,,,,,,,,,,,,,,,
20260702_204613.csv,,,,,,,,,,,,,,,,,,
20260705_105038.csv,,,,,,,,,,,,,,,,,,
20260705_122016.csv,,,,,,,,,,,,,,,,,,
20260707_213501.csv,,,,,,,,,,,,,,,,,,
20260707_222959.csv,,,,,,,,,,,,,,,,,,
20260709_215155.csv,,,,,,,,,,,,,,,,,,
20260711_160253.csv,,,,,,,,,,,,,,,,,,
20260711_174010.csv,,,,,,,,,,,,,,,,,,
20260711_221618.csv,,,,,,,,,,,,,,,,,,
20260712_105413.csv,,,,,,,,,,,,,,,,,,
20260712_155818.csv,,,,,,,,,,,,,,,,,,
20260712_174020.csv,,,,,,,,,,,,,,,,,,
20260712_210439.csv,,,,,,,,,,,,,,,,,,
20260713_132033.csv,,,,,,,,,,,,,,,,,,
20260713_182953.csv,,,,,,,,,,,,,,,,,,
20260713_203027.csv,,,,,,,,,,,,,,,,,,
20260713_214505.csv,,,,,,,,,,,,,,,,,,
20260714_110056.csv,,,,,,,,,,,,,,,,,,
20260714_113619.csv,,,,,,,,,,,,,,,,,,
20260714_115210.csv,,,,,,,,,,,,,,,,,,
20260714_123712.csv,,,,,,,,,,,,,,,,,,
20260714_145846.csv,,,,,,,,,,,,,,,,,,
20260714_153151.csv,,,,,,,,,,,,,,,,,,
20260714_161833.csv,,,,,,,,,,,,,,,,,,
20260714_165014.csv,,,,,,,,,,,,,,,,,,
20260714_170217.csv,,,,,,,,,,,,,,,,,,
20260715_160647.csv,,,,,,,,,,,,,,,,,,
20260715_194309.csv,,,,,,,,,,,,,,,,,,
20260716_062606.csv,,,,,,,,,,,,,,,,,,
20260716_065600.csv,,,,,,,,,,,,,,,,,,
20260716_094756.csv,,,,,,,,,,,,,,,,,,
20260716_115134.csv,,,,,,,,,,,,,,,,,,
20260716_180727.csv,,,,,,,,,,,,,,,,,,
20260716_194201.csv,,,,,,,,,,,,,,,,,,
20260716_215356.csv,,,,,,,,,,,,,,,,,,
20260716_224347.csv,,,,,,,,,,,,,,,,,,
20260717_103448.csv,,,,,,,,,,,,,,,,,,
20260717_134302.csv,,,,,,,,,,,,,,,,,,
20260717_163635.csv,,,,,,,,,,,,,,,,,,
20260718_113222.csv,,,,,,,,,,,,,,,,,,
20260718_125100.csv,,,,,,,,,,,,,,,,,,
20260718_145814.csv,,,,,,,,,,,,,,,,,,
20260718_161611.csv,,,,,,,,,,,,,,,,,,
20260718_163414.csv,,,,,,,,,,,,,,,,,,
20260718_203313.csv,,,,,,,,,,,,,,,,,,
20260718_213832.csv,,,,,,,,,,,,,,,,,,
20260718_220312.csv,,,,,,,,,,,,,,,,,,
20260719_154351.csv,,,,,,,,,,,,,,,,,,
20260719_171252.csv,,,,,,,,,,,,,,,,,,
20260719_184433.csv,,,,,,,,,,,,,,,,,,
20260719_204958.csv,,,,,,,,,,,,,,,,,,
20260719_212912.csv,,,,,,,,,,,,,,,,,,
20260719_214117.csv,,,,,,,,,,,,,,,,,,
20260720_113826.csv,,,,,,,,,,,,,,,,,,
20260720_134059.csv,,,,,,,,,,,,,,,,,,
20260720_165307.csv,,,,,,,,,,,,,,,,,,
20260720_174210.csv,,,,,,,,,,,,,,,,,,
20260720_190055.csv,,,,,,,,,,,,,,,,,,
20260720_204835.csv,,,,,,,,,,,,,,,,,,
20260721_114246.csv,,,,,,,,,,,,,,,,,,
20260721_122503.csv,,,,,,,,,,,,,,,,,,
20260721_172632.csv,,,,,,,,,,,,,,,,,,
20260721_193330.csv,,,,,,,,,,,,,,,,,,
20260721_194652.csv,,,,,,,,,,,,,,,,,,
20260721_200534.csv,,,,,,,,,,,,,,,,,,
20260722_121252.csv,,,,,,,,,,,,,,,,,,
20260722_134152.csv,,,,,,,,,,,,,,,,,,
20260722_163339.csv,,,,,,,,,,,,,,,,,,
20260722_184814.csv,,,,,,,,,,,,,,,,,,
20260722_204810.csv,,,,,,,,,,,,,,,,,,
20260722_210850.csv,,,,,,,,,,,,,,,,,,
20260723_113724.csv,,,,,,,,,,,,,,,,,,
20260723_132356.csv,,,,,,,,,,,,,,,,,,
20260723_173055.csv,,,,,,,,,,,,,,,,,,
20260723_200033.csv,,,,,,,,,,,,,,,,,,
20260723_210016.csv,,,,,,,,,,,,,,,,,,
20260723_211841.csv,,,,,,,,,,,,,,,,,,
20260723_215445.csv,,,,,,,,,,,,,,,,,,
20260724_114905.csv,,,,,,,,,,,,,,,,,,
20260724_144854.csv,,,,,,,,,,,,,,,,,,
20260724_165858.csv,,,,,,,,,,,,,,,,,,
20260724_174828.csv,,,,,,,,,,,,,,,,,,
20260724_204259.csv,,,,,,,,,,,,,,,,,,
20260725_113418.csv,,,,,,,,,,,,,,,,,,
20260725_125221.csv,,,,,,,,,,,,,,,,,,
20260725_133048.csv,,,,,,,,,,,,,,,,,,
20260725_140026.csv,,,,,,,,,,,,,,,,,,
20260725_163749.csv,,,,,,,,,,,,,,,,,,
20260726_103326.csv,,,,,,,,,,,,,,,,,,
20260726_141738.csv,,,,,,,,,,,,,,,,,,
20260726_172244.csv,,,,,,,,,,,,,,,,,,
20260726_200146.csv,,,,,,,,,,,,,,,,,,
20260801_180617.csv,,,,,,,,,,,,,,,,,,
20260802_081226.csv,,,,,,,,,,,,,,,,,,
20260802_093339.csv,,,,,,,,,,,,,,,,,,
20260802_132422.csv,,,,,,,,,,,,,,,,,,
20260802_153306.csv,,,,,,,,,,,,,,,,,,
20260802_163037.csv,,,,,,,,,,,,,,,,,,
20260802_184302.csv,,,,,,,,,,,,,,,,,,
20260802_193654.csv,,,,,,,,,,,,,,,,,,
20260802_213351.csv,,,,,,,,,,,,,,,,,,
20260803_181923.csv,,,,,,,,,,,,,,,,,,
20260803_193840.csv,,,,,,,,,,,,,,,,,,
20260803_215920.csv,,,,,,,,,,,,,,,,,,
20260804_153453.csv,,,,,,,,,,,,,,,,,,
20260804_155949.csv,,,,,,,,,,,,,,,,,,
20260804_191929.csv,,,,,,,,,,,,,,,,,,
20260804_194234.csv,,,,,,,,,,,,,,,,,,
20260804_200003.csv,,,,,,,,,,,,,,,,,,
20260804_201351.csv,,,,,,,,,,,,,,,,,,
20260804_215437.csv,,,,,,,,,,,,,,,,,,
20260806_155444.csv,,,,,,,,,,,,,,,,,,
20260808_122545.csv,,,,,,,,,,,,,,,,,,
20260808_124714.csv,,,,,,,,,,,,,,,,,,
20260808_130411.csv,,,,,,,,,,,,,,,,,,
20260808_160215.csv,,,,,,,,,,,,,,,,,,
20260808_201800.csv,,,,,,,,,,,,,,,,,,
20260809_120000.csv,,,,,,,,,,,,,,,,,,
20260809_123655.csv,,,,,,,,,,,,,,,,,,
20260809_124523.csv,,,,,,,,,,,,,,,,,,
20260809_130557.csv,,,,,,,,,,,,,,,,,,
20260809_131803.csv,,,,,,,,,,,,,,,,,,
20260809_181739.csv,,,,,,,,,,,,,,,,,,
20260809_191254.csv,,,,,,,,,,,,,,,,,,
20260809_192100.csv,,,,,,,,,,,,,,,,,,
20260810_151356.csv,,,,,,,,,,,,,,,,,,
20260810_152212.csv,,,,,,,,,,,,,,,,,,
20260812_085229.csv,,,,,,,,,,,,,,,,,,
20260812_093511.csv,,,,,,,,,,,,,,,,,,
20260813_115220.csv,,,,,,,,,,,,,,,,,,
20260813_144601.csv,,,,,,,,,,,,,,,,,,
20260813_145651.csv,,,,,,,,,,,,,,,,,,
20260813_150341.csv,,,,,,,,,,,,,,,,,,
20260814_101007.csv,,,,,,,,,,,,,,,,,,
20260814_102213.csv,,,,,,,,,,,,,,,,,,
20260814_121438.csv,,,,,,,,,,,,,,,,,,
20260814_122308.csv,,,,,,,,,,,,,,,,,,
20260814_182203.csv,,,,,,,,,,,,,,,,,,
20260814_213416.csv,,,,,,,,,,,,,,,,,,
20260816_124817.csv,,,,,,,,,,,,,,,,,,
20260816_144003.csv,,,,,,,,,,,,,,,,,,
20260816_165356.csv,,,,,,,,,,,,,,,,,,
20260816_171638.csv,,,,,,,,,,,,,,,,,,
20260816_173527.csv,,,,,,,,,,,,,,,,,,
20260816_174235.csv,,,,,,,,,,,,,,,,,,
20260817_084821.csv,,,,,,,,,,,,,,,,,,
20260817_175652.csv,,,,,,,,,,,,,,,,,,
20260817_181818.csv,,,,,,,,,,,,,,,,,,
20260817_183543.csv,,,,,,,,,,,,,,,,,,
20260818_092516.csv,,,,,,,,,,,,,,,,,,
20260818_111200.csv,,,,,,,,,,,,,,,,,,
20260818_124141.csv,,,,,,,,,,,,,,,,,,
20260818_140544.csv,,,,,,,,,,,,,,,,,,
20260818_150110.csv,,,,,,,,,,,,,,,,,,
20260819_123747.csv,,,,,,,,,,,,,,,,,,
20260819_124907.csv,,,,,,,,,,,,,,,,,,
20260819_135903.csv,,,,,,,,,,,,,,,,,,
20260820_105758.csv,,,,,,,,,,,,,,,,,,
20260820_201853.csv,,,,,,,,,,,,,,,,,,
20260820_214927.csv,,,,,,,,,,,,,,,,,,
20260820_225027.csv,,,,,,,,,,,,,,,,,,
20260821_081939.csv,,,,,,,,,,,,,,,,,,
20260821_193713.csv,,,,,,,,,,,,,,,,,,
20260821_205225.csv,,,,,,,,,,,,,,,,,,
20260821_225137.csv,,,,,,,,,,,,,,,,,,
20260822_102139.csv,,,,,,,,,,,,,,,,,,
20260822_110317.csv,,,,,,,,,,,,,,,,,,
20260822_141715.csv,,,,,,,,,,,,,,,,,,
20260822_173539.csv,,,,,,,,,,,,,,,,,,
20260822_191324.csv,,,,,,,,,,,,,,,,,,
20260822_205359.csv,,,,,,,,,,,,,,,,,,
20260822_215052.csv,,,,,,,,,,,,,,,,,,
20260823_152957.csv,,,,,,,,,,,,,,,,,,
20260823_161315.csv,,,,,,,,,,,,,,,,,,
20260823_210116.csv,,,,,,,,,,,,,,,,,,
20260824_081823.csv,,,,,,,,,,,,,,,,,,
20260824_104612.csv,,,,,,,,,,,,,,,,,,
20260824_133602.csv,,,,,,,,,,,,,,,,,,
20260824_174511.csv,,,,,,,,,,,,,,,,,,
20260824_202635.csv,,,,,,,,,,,,,,,,,,
20260824_212048.csv,,,,,,,,,,,,,,,,,,
20260824_222425.csv,,,,,,,,,,,,,,,,,,
20260825_102604.csv,,,,,,,,,,,,,,,,,,
20260825_123247.csv,,,,,,,,,,,,,,,,,,
20260825_183427.csv,,,,,,,,,,,,,,,,,,
20260826_203739.csv,,,,,,,,,,,,,,,,,,
20260826_224518.csv,,,,,,,,,,,,,,,,,,
20260828_202030.csv,,,,,,,,,,,,,,,,,,
20260829_100447.csv,,,,,,,,,,,,,,,,,,
20260829_191404.csv,,,,,,,,,,,,,,,,,,
20260829_193046.csv,,,,,,,,,,,,,,,,,,
20260829_194121.csv,,,,,,,,,,,,,,,,,,
20260830_121043.csv,,,,,,,,,,,,,,,,,,
20260830_122801.csv,,,,,,,,,,,,,,,,,,
20260830_125410.csv,,,,,,,,,,,,,,,,,,
20260830_155318.csv,,,,,,,,,,,,,,,,,,
20260830_165926.csv,,,,,,,,,,,,,,,,,,
20260830_190907.csv,,,,,,,,,,,,,,,,,,
20260830_192834.csv,,,,,,,,,,,,,,,,,,
20260830_200617.csv,,,,,,,,,,,,,,,,,,
20260831_134403.csv,,,,,,,,,,,,,,,,,,
20260831_201658.csv,,,,,,,,,,,,,,,,,,
20260831_203855.csv,,,,,,,,,,,,,,,,,,
20260901_074917.csv,,,,,,,,,,,,,,,,,,
20260901_080956.csv,,,,,,,,,,,,,,,,,,
20260901_111543.csv,,,,,,,,,,,,,,,,,,
20260901_112814.csv,,,,,,,,,,,,,,,,,,
20260902_074300.csv,,,,,,,,,,,,,,,,,,
20260902_075316.csv,,,,,,,,,,,,,,,,,,
20260902_201704.csv,,,,,,,,,,,,,,,,,,
20260902_203318.csv,,,,,,,,,,,,,,,,,,
20260902_204646.csv,,,,,,,,,,,,,,,,,,
20260902_211511.csv,,,,,,,,,,,,,,,,,,
20260903_074822.csv,,,,,,,,,,,,,,,,,,
20260903_080232.csv,,,,,,,,,,,,,,,,,,
20260903_082326.csv,,,,,,,,,,,,,,,,,,
20260903_200514.csv,,,,,,,,,,,,,,,,,,
20260903_213855.csv,,,,,,,,,,,,,,,,,,
20260904_075123.csv,,,,,,,,,,,,,,,,,,
20260904_080352.csv,,,,,,,,,,,,,,,,,,
20260904_203411.csv,,,,,,,,,,,,,,,,,,
20260905_103157.csv,,,,,,,,,,,,,,,,,,
20260905_104841.csv,,,,,,,,,,,,,,,,,,
20260905_110415.csv,,,,,,,,,,,,,,,,,,
20260905_122311.csv,,,,,,,,,,,,,,,,,,
20260905_123511.csv,,,,,,,,,,,,,,,,,,
20260905_124450.csv,,,,,,,,,,,,,,,,,,
20260905_162310.csv,,,,,,,,,,,,,,,,,,
20260905_163145.csv,,,,,,,,,,,,,,,,,,
20260905_164824.csv,,,,,,,,,,,,,,,,,,
20260905_172322.csv,,,,,,,,,,,,,,,,,,
20260905_175245.csv,,,,,,,,,,,,,,,,,,
20260905_183226.csv,,,,,,,,,,,,,,,,,,
20260906_121520.csv,,,,,,,,,,,,,,,,,,
20260906_122920.csv,,,,,,,,,,,,,,,,,,
20260906_130754.csv,,,,,,,,,,,,,,,,,,
20260906_131945.csv,,,,,,,,,,,,,,,,,,
20260906_134827.csv,,,,,,,,,,,,,,,,,,
20260906_195140.csv,,,,,,,,,,,,,,,,,,
20260906_201552.csv,,,,,,,,,,,,,,,,,,
20260907_074534.csv,,,,,,,,,,,,,,,,,,
20260907_080214.csv,,,,,,,,,,,,,,,,,,
20260907_081855.csv,,,,,,,,,,,,,,,,,,
20260907_082522.csv,,,,,,,,,,,,,,,,,,
20260907_165532.csv,,,,,,,,,,,,,,,,,,
20260907_171659.csv,,,,,,,,,,,,,,,,,,
20260907_172745.csv,,,,,,,,,,,,,,,,,,
20260907_174600.csv,,,,,,,,,,,,,,,,,,
20260908_074435.csv,,,,,,,,,,,,,,,,,,
20260908_075934.csv,,,,,,,,,,,,,,,,,,
20260908_085530.csv,,,,,,,,,,,,,,,,,,
20260908_123156.csv,,,,,,,,,,,,,,,,,,
20260908_124726.csv,,,,,,,,,,,,,,,,,,
20260909_073950.csv,,,,,,,,,,,,,,,,,,
20260909_075611.csv,,,,,,,,,,,,,,,,,,
20260909_133503.csv,,,,,,,,,,,,,,,,,,
20260909_140527.csv,,,,,,,,,,,,,,,,,,
20260909_143711.csv,,,,,,,,,,,,,,,,,,
20260909_153731.csv,,,,,,,,,,,,,,,,,,
20260909_154548.csv,,,,,,,,,,,,,,,,,,
20260910_074344.csv,,,,,,,,,,,,,,,,,,
20260910_075908.csv,,,,,,,,,,,,,,,,,,
20260910_081613.csv,,,,,,,,,,,,,,,,,,
20260910_135648.csv,,,,,,,,,,,,,,,,,,
20260910_143202.csv,,,,,,,,,,,,,,,,,,
2026-09-11_07-42-27.csv,,,,,,,,,,,,,,,,,,
2026-09-11_08-01-27.csv,,,,,,,,,,,,,,,,,,
2026-09-11_15-04-47.csv,,,,,,,,,,,,,,,,,,
2026-09-11_15-23-18.csv,,,,,,,,,,,,,,,,,,
2026-09-11_19-24-41.csv,,,,,,,,,,,,,,,,,,
2026-09-11_19-37-40.csv,,,,,,,,,,,,,,,,,,
2026-09-11_21-57-07.csv,,,,,,,,,,,,,,,,,,
2026-09-12_13-25-13.csv,,,,,,,,,,,,,,,,,,
2026-09-12_13-33-36.csv,,,,,,,,,,,,,,,,,,
2026-09-12_13-57-02.csv,,,,,,,,,,,,,,,,,,
2026-09-12_14-15-41.csv,,,,,,,,,,,,,,,,,,
2026-09-12_14-48-27.csv,,,,,,,,,,,,,,,,,,
2026-09-12_15-01-43.csv,,,,,,,,,,,,,,,,,,
2026-09-12_16-59-34.csv,,,,,,,,,,,,,,,,,,
2026-09-13_11-48-59.csv,,,,,,,,,,,,,,,,,,
2026-09-13_12-01-09.csv,,,,,,,,,,,,,,,,,,
2026-09-13_12-08-25.csv,,,,,,,,,,,,,,,,,,
2026-09-13_12-22-44.csv,,,,,,,,,,,,,,,,,,
2026-09-13_13-01-46.csv,,,,,,,,,,,,,,,,,,
2026-09-13_13-46-17.csv,,,,,,,,,,,,,,,,,,
2026-09-13_17-11-06.csv,,,,,,,,,,,,,,,,,,
2026-09-13_19-00-19.csv,,,,,,,,,,,,,,,,,,
2026-09-13_19-10-18.csv,,,,,,,,,,,,,,,,,,
2026-09-13_19-45-44.csv,,,,,,,,,,,,,,,,,,
2026-09-13_20-30-29.csv,,,,,,,,,,,,,,,,,,
2026-09-14_07-36-58.csv,,,,,,,,,,,,,,,,,,
2026-09-14_07-50-59.csv,,,,,,,,,,,,,,,,,,
2026-09-14_16-56-10.csv,,,,,,,,,,,,,,,,,,
2026-09-14_17-08-07.csv,,,,,,,,,,,,,,,,,,
2026-09-14_18-09-48.csv,,,,,,,,,,,,,,,,,,
2026-09-14_18-49-32.csv,,,,,,,,,,,,,,,,,,
2026-09-15_07-49-33.csv,,,,,,,,,,,,,,,,,,
2026-09-15_08-06-11.csv,,,,,,,,,,,,,,,,,,
2026-09-15_14-44-40.csv,,,,,,,,,,,,,,,,,,
2026-09-16_07-35-39.csv,,,,,,,,,,,,,,,,,,
2026-09-16_07-49-37.csv,,,,,,,,,,,,,,,,,,
2026-09-16_13-54-36.csv,,,,,,,,,,,,,,,,,,
2026-09-16_14-01-15.csv,,,,,,,,,,,,,,,,,,
2026-09-16_14-40-56.csv,,,,,,,,,,,,,,,,,,
2026-09-16_18-07-46.csv,,,,,,,,,,,,,,,,,,
2026-09-16_18-17-21.csv,,,,,,,,,,,,,,,,,,
2026-09-16_19-00-34.csv,,,,,,,,,,,,,,,,,,
2026-09-16_19-29-42.csv,,,,,,,,,,,,,,,,,,
2026-09-17_07-42-09.csv,,,,,,,,,,,,,,,,,,
2026-09-17_08-01-31.csv,,,,,,,,,,,,,,,,,,
2026-09-17_08-17-51.csv,,,,,,,,,,,,,,,,,,
2026-09-17_18-42-24.csv,,,,,,,,,,,,,,,,,,
2026-09-17_18-50-09.csv,,,,,,,,,,,,,,,,,,
2026-09-17_19-54-00.csv,,,,,,,,,,,,,,,,,,
2026-09-18_07-43-41.csv,,,,,,,,,,,,,,,,,,
2026-09-18_08-01-32.csv,,,,,,,,,,,,,,,,,,
2026-09-19_09-36-29.csv,,,,,,,,,,,,,,,,,,
2026-09-19_12-04-29.csv,,,,,,,,,,,,,,,,,,
2026-09-19_12-17-53.csv,,,,,,,,,,,,,,,,,,
2026-09-19_12-56-56.csv,,,,,,,,,,,,,,,,,,
2026-09-19_13-06-20.csv,,,,,,,,,,,,,,,,,,
2026-09-19_15-44-41.csv,,,,,,,,,,,,,,,,,,
2026-09-19_17-22-21.csv,,,,,,,,,,,,,,,,,,
2026-09-19_17-42-40.csv,,,,,,,,,,,,,,,,,,
2026-09-20_06-44-20.csv,,,,,,,,,,,,,,,,,,
2026-09-20_10-38-25.csv,,,,,,,,,,,,,,,,,,
2026-09-20_11-23-27.csv,,,,,,,,,,,,,,,,,,
2026-09-20_18-02-44.csv,,,,,,,,,,,,,,,,,,
2026-09-20_19-27-18.csv,,,,,,,,,,,,,,,,,,
2026-09-20_20-25-25.csv,,,,,,,,,,,,,,,,,,
2026-09-20_20-52-42.csv,,,,,,,,,,,,,,,,,,
2026-09-20_20-59-21.csv,,,,,,,,,,,,,,,,,,
2026-09-21_07-36-37.csv,,,,,,,,,,,,,,,,,,
2026-09-21_07-50-20.csv,,,,,,,,,,,,,,,,,,
2026-09-21_12-02-22.csv,,,,,,,,,,,,,,,,,,
2026-09-21_20-35-24.csv,,,,,,,,,,,,,,,,,,
2026-09-21_20-55-26.csv,,,,,,,,,,,,,,,,,,
2026-09-22_07-45-42.csv,,,,,,,,,,,,,,,,,,
2026-09-22_07-59-37.csv,,,,,,,,,,,,,,,,,,
2026-09-22_11-55-57.csv,,,,,,,,,,,,,,,,,,
2026-09-22_16-13-42.csv,,,,,,,,,,,,,,,,,,
2026-09-22_16-21-26.csv,,,,,,,,,,,,,,,,,,
2026-09-22_21-59-14.csv,,,,,,,,,,,,,,,,,,
2026-09-22_22-14-10.csv,,,,,,,,,,,,,,,,,,
2026-09-23_07-39-38.csv,,,,,,,,,,,,,,,,,,
2026-09-23_07-51-39.csv,,,,,,,,,,,,,,,,,,
2026-09-23_08-11-14.csv,,,,,,,,,,,,,,,,,,
2026-09-23_18-33-22.csv,,,,,,,,,,,,,,,,,,
2026-09-24_20-27-48.csv,,,,,,,,,,,,,,,,,,
2026-09-24_22-29-34.csv,,,,,,,,,,,,,,,,,,
2026-09-25_13-48-33.csv,,,,,,,,,,,,,,,,,,
2026-09-25_14-09-21.csv,,,,,,,,,,,,,,,,,,
2026-09-25_14-30-29.csv,,,,,,,,,,,,,,,,,,
2026-09-25_19-55-15.csv,,,,,,,,,,,,,,,,,,
2026-09-25_20-14-16.csv,,,,,,,,,,,,,,,,,,
2026-09-26_12-07-59.csv,,,,,,,,,,,,,,,,,,
2026-09-26_12-21-17.csv,,,,,,,,,,,,,,,,,,
2026-09-26_13-05-40.csv,,,,,,,,,,,,,,,,,,
2026-09-26_13-47-37.csv,,,,,,,,,,,,,,,,,,
2026-09-26_14-06-50.csv,,,,,,,,,,,,,,,,,,
2026-09-26_16-47-35.csv,,,,,,,,,,,,,,,,,,
2026-09-26_17-57-23.csv,,,,,,,,,,,,,,,,,,
2026-09-26_18-08-40.csv,,,,,,,,,,,,,,,,,,
2026-09-26_20-00-42.csv,,,,,,,,,,,,,,,,,,
2026-09-27_13-43-58.csv,,,,,,,,,,,,,,,,,,
2026-09-27_13-54-46.csv,,,,,,,,,,,,,,,,,,
2026-09-27_14-12-39.csv,,,,,,,,,,,,,,,,,,
2026-09-27_14-54-46.csv,,,,,,,,,,,,,,,,,,
2026-09-27_15-12-43.csv,,,,,,,,,,,,,,,,,,
2026-09-27_16-50-42.csv,,,,,,,,,,,,,,,,,,
2026-09-27_17-01-21.csv,,,,,,,,,,,,,,,,,,
2026-09-27_17-15-25.csv,,,,,,,,,,,,,,,,,,
2026-09-27_17-34-35.csv,,,,,,,,,,,,,,,,,,
2026-09-27_17-49-23.csv,,,,,,,,,,,,,,,,,,
2026-09-27_19-57-33.csv,,,,,,,,,,,,,,,,,,
2026-09-27_22-04-51.csv,,,,,,,,,,,,,,,,,,
2026-09-28_21-24-27.csv,,,,,,,,,,,,,,,,,,
2026-09-29_10-00-34.csv,,,,,,,,,,,,,,,,,,
2026-09-29_10-13-01.csv,,,,,,,,,,,,,,,,,,
2026-09-29_10-21-46.csv,,,,,,,,,,,,,,,,,,
2026-09-29_20-39-13.csv,,,,,,,,,,,,,,,,,,
2026-09-29_22-10-11.csv,,,,,,,,,,,,,,,,,,
2026-09-29_22-22-40.csv,,,,,,,,,,,,,,,,,,
2026-09-30_08-08-32.csv,,,,,,,,,,,,,,,,,,
2026-09-30_08-21-17.csv,,,,,,,,,,,,,,,,,,
2026-09-30_10-39-05.csv,,,,,,,,,,,,,,,,,,
2026-09-30_10-51-47.csv,,,,,,,,,,,,,,,,,,
2026-09-30_20-12-47.csv,,,,,,,,,,,,,,,,,,
2026-09-30_20-39-00.csv,,,,,,,,,,,,,,,,,,
2026-10-01_07-38-47.csv,,,,,,,,,,,,,,,,,,
2026-10-01_07-57-02.csv,,,,,,,,,,,,,,,,,,
2026-10-01_08-14-08.csv,,,,,,,,,,,,,,,,,,
2026-10-01_16-45-44.csv,,,,,,,,,,,,,,,,,,
2026-10-01_16-57-31.csv,,,,,,,,,,,,,,,,,,
2026-10-01_17-40-07.csv,,,,,,,,,,,,,,,,,,
2026-10-01_18-19-32.csv,,,,,,,,,,,,,,,,,,
2026-10-01_19-58-38.csv,,,,,,,,,,,,,,,,,,
2026-10-02_07-50-49.csv,,,,,,,,,,,,,,,,,,
2026-10-02_08-04-04.csv,,,,,,,,,,,,,,,,,,
2026-10-02_19-04-06.csv,,,,,,,,,,,,,,,,,,
2026-10-02_19-35-32.csv,,,,,,,,,,,,,,,,,,
2026-10-02_21-02-25.csv,,,,,,,,,,,,,,,,,,
2026-10-03_09-48-44.csv,,,,,,,,,,,,,,,,,,
2026-10-03_09-58-07.csv,,,,,,,,,,,,,,,,,,
2026-10-03_10-03-24.csv,,,,,,,,,,,,,,,,,,
2026-10-03_12-06-18.csv,,,,,,,,,,,,,,,,,,
2026-10-03_14-33-03.csv,,,,,,,,,,,,,,,,,,
2026-10-03_15-01-24.csv,,,,,,,,,,,,,,,,,,
2026-10-03_16-02-23.csv,,,,,,,,,,,,,,,,,,
2026-10-03_16-19-05.csv,,,,,,,,,,,,,,,,,,
2026-10-03_16-39-03.csv,,,,,,,,,,,,,,,,,,
2026-10-03_17-05-43.csv,,,,,,,,,,,,,,,,,,
2026-10-03_17-27-25.csv,,,,,,,,,,,,,,,,,,
2026-10-03_18-32-35.csv,,,,,,,,,,,,,,,,,,
2026-10-03_18-52-09.csv,,,,,,,,,,,,,,,,,,
2026-10-04_11-38-19.csv,,,,,,,,,,,,,,,,,,
2026-10-04_12-02-58.csv,,,,,,,,,,,,,,,,,,
2026-10-04_12-13-56.csv,,,,,,,,,,,,,,,,,,
2026-10-04_12-52-59.csv,,,,,,,,,,,,,,,,,,
2026-10-04_13-05-56.csv,,,,,,,,,,,,,,,,,,
2026-10-04_14-38-51.csv,,,,,,,,,,,,,,,,,,
2026-10-04_14-52-00.csv,,,,,,,,,,,,,,,,,,
