file,dis_1s,chg_1s,dis_5s,chg_5s,dis_10s,chg_10s,dis_30s,chg_30s,cap_ah_est
20260513_182950.csv,1.0,-1.0,1.0,-1.0,1.0,-1.0,,,5.87
20260515_075207.csv,33.5,54.9,25.0,53.0,20.6,41.4,10.4,31.5,5.58
20260515_191551.csv,98.5,96.4,75.8,90.7,57.2,78.5,40.0,46.0,5.84
20260515_194744.csv,156.6,171.2,110.7,137.2,87.7,117.0,60.1,66.7,5.93
20260515_222240.csv,131.0,123.7,91.3,122.5,68.6,105.3,32.1,63.2,5.85
20260516_121520.csv,68.4,106.2,61.6,102.3,51.4,85.4,33.2,46.9,5.9
20260516_125903.csv,129.9,112.0,112.9,101.7,94.3,88.6,42.5,47.8,5.86
20260516_131423.csv,100.4,99.8,71.9,91.0,53.1,83.1,32.0,56.0,5.88
20260516_134339.csv,117.1,110.5,83.3,83.0,59.3,70.9,34.1,41.1,5.89
20260516_175004.csv,79.1,52.6,73.3,48.5,53.1,46.5,27.1,45.2,5.95
20260516_182041.csv,34.0,74.8,30.8,55.8,25.5,45.6,12.4,35.8,5.91
20260516_191121.csv,145.5,107.7,77.6,99.9,62.8,86.6,30.5,46.5,5.92
20260517_112115.csv,60.9,50.0,53.6,49.2,46.1,48.5,26.1,44.9,5.95
20260517_120100.csv,65.6,82.9,43.6,65.5,32.8,55.3,18.0,41.8,5.95
20260517_141712.csv,46.4,93.6,38.2,71.9,31.5,70.0,20.1,49.9,5.94
20260517_145435.csv,109.2,118.8,87.7,104.1,55.2,74.5,23.8,41.5,5.95
20260518_073827.csv,46.4,82.9,38.3,67.2,31.0,53.8,19.1,36.4,5.95
20260523_113305.csv,72.4,110.7,62.7,100.0,54.9,82.1,37.4,43.0,5.84
20260523_120859.csv,94.7,95.1,86.0,81.5,70.4,66.3,32.0,46.3,5.88
20260523_124943.csv,88.9,96.8,68.8,93.9,44.3,78.9,18.3,40.9,5.89
20260523_131019.csv,164.8,179.1,104.5,134.3,73.5,84.5,48.8,62.2,5.8
20260523_144629.csv,119.2,107.7,82.6,92.5,68.7,64.0,39.6,38.5,5.81
20260523_183218.csv,86.3,113.0,75.6,107.0,62.6,100.8,38.6,64.9,5.88
20260523_210427.csv,83.8,76.2,73.4,66.5,58.6,51.8,37.0,40.9,5.94
20260523_213300.csv,179.1,197.2,117.3,111.8,58.5,95.2,34.3,48.4,5.81
20260523_222103.csv,139.3,185.0,91.1,148.8,85.9,109.5,39.7,38.9,5.81
20260531_183645.csv,137.8,188.7,100.2,132.3,82.3,127.7,50.3,81.3,5.85
20260531_200637.csv,92.5,132.2,70.6,127.3,56.4,76.7,28.5,51.1,5.85
20260603_122008.csv,53.0,95.5,43.2,80.7,33.7,71.3,16.7,52.8,5.74
20260603_124919.csv,79.1,93.8,68.4,84.4,56.0,65.4,33.5,33.4,5.86
20260609_132041.csv,163.7,188.0,91.9,164.2,70.8,145.6,52.9,71.8,5.79
20260609_153039.csv,151.3,192.5,78.0,144.7,71.1,120.3,47.4,51.9,5.86
20260609_164033.csv,190.4,204.2,107.5,169.2,77.2,139.2,55.2,70.4,5.83
20260609_223056.csv,200.0,191.5,160.7,146.1,119.7,134.1,56.7,77.5,5.78
20260610_094100.csv,168.6,186.8,100.4,152.4,85.0,118.5,61.3,71.3,5.79
20260610_105454.csv,183.1,193.8,103.7,171.8,86.5,133.0,60.2,86.6,5.79
20260611_061120.csv,164.5,196.2,96.4,185.8,78.0,111.9,53.0,76.1,5.83
20260611_100510.csv,139.8,111.5,95.2,91.0,64.6,75.6,33.2,44.0,5.82
20260611_134347.csv,159.4,143.4,85.6,100.3,72.8,95.3,45.0,50.1,5.79
20260611_203850.csv,53.6,63.2,35.6,58.7,28.3,53.3,17.8,42.9,5.91
20260611_215131.csv,145.3,125.6,94.9,96.6,59.8,82.4,35.6,68.4,5.84
20260612_142400.csv,78.6,89.3,70.0,75.1,69.4,63.7,35.3,41.0,5.84
20260612_152740.csv,184.0,191.7,90.6,123.2,73.7,98.7,50.3,51.5,5.8
20260612_170759.csv,166.2,193.2,102.4,150.3,90.1,97.5,67.1,62.9,5.8
20260613_101500.csv,144.2,172.9,102.9,158.4,64.3,152.5,43.3,137.0,5.84
20260613_181221.csv,145.9,100.0,97.9,88.0,56.7,71.4,29.2,51.7,5.87
20260613_195920.csv,146.4,192.7,79.4,166.2,67.3,110.4,42.9,61.6,5.82
20260614_133431.csv,134.2,115.6,79.3,98.0,65.5,74.8,52.9,41.5,5.88
20260616_160533.csv,79.3,89.3,67.0,82.9,55.9,76.9,35.1,55.9,5.87
20260616_162643.csv,66.7,95.7,47.1,84.0,33.3,78.7,20.9,37.2,5.84
20260617_150930.csv,84.0,111.5,67.6,100.8,56.4,82.1,33.7,61.5,5.9
20260617_152114.csv,84.4,101.5,69.8,77.3,57.2,60.6,35.6,40.1,5.88
20260618_124611.csv,74.8,97.7,66.9,81.4,52.2,68.9,35.2,50.5,5.88
20260618_150516.csv,52.3,68.4,43.8,58.5,35.7,52.6,23.1,39.2,5.83
20260619_122407.csv,200.2,194.7,114.4,167.0,87.2,125.6,70.1,71.2,5.86
20260619_180138.csv,165.0,198.2,112.4,144.4,82.6,91.1,53.5,53.0,5.87
20260619_190927.csv,167.3,213.0,84.1,163.6,77.0,140.5,59.9,79.9,5.85
20260619_210959.csv,164.3,195.9,104.2,179.0,84.9,119.6,55.0,84.8,5.79
20260620_090055.csv,128.0,87.6,89.9,58.2,86.5,41.6,42.6,35.0,5.84
20260620_105353.csv,71.2,67.5,59.1,57.7,50.3,48.3,39.7,35.1,5.84
20260620_135838.csv,81.0,65.6,79.4,60.0,71.7,47.1,52.7,29.2,5.89
20260620_165602.csv,86.8,95.1,61.0,80.8,56.3,71.0,35.4,49.9,5.89
20260620_180817.csv,41.5,26.6,28.2,22.0,20.3,14.7,18.7,9.2,5.95
20260620_182933.csv,73.9,55.6,57.6,44.2,48.1,41.0,33.6,33.4,5.87
20260620_192922.csv,67.1,82.5,60.5,59.2,51.0,52.1,23.0,45.6,5.84
20260620_220001.csv,99.1,88.0,52.6,70.8,49.5,54.6,38.0,45.0,5.93
20260621_124457.csv,53.8,97.0,46.4,90.1,35.9,71.0,18.6,28.4,5.85
20260621_145249.csv,96.4,80.6,81.1,60.5,62.4,46.9,30.8,42.0,5.91
20260621_164617.csv,167.1,188.5,108.8,137.3,87.6,120.4,56.8,59.0,5.81
20260621_212214.csv,103.6,108.1,75.8,89.1,62.0,78.4,32.4,43.5,5.91
20260621_213241.csv,146.6,119.4,104.6,101.5,76.3,90.8,49.4,47.3,5.82
20260622_203803.csv,92.1,104.1,66.8,95.5,61.2,76.7,28.6,44.9,5.86
20260622_212051.csv,84.2,101.9,78.2,93.0,65.2,71.3,25.7,50.5,5.93
20260622_214145.csv,69.9,94.7,60.0,83.4,47.1,70.4,34.4,41.5,5.87
20260622_220001.csv,93.4,103.6,78.5,86.3,59.5,67.5,33.3,48.2,5.92
20260624_112335.csv,76.8,93.6,61.5,81.4,50.6,69.2,25.9,53.5,5.96
20260624_130757.csv,82.5,103.6,78.9,87.5,63.0,77.3,23.0,49.9,5.89
20260625_122850.csv,93.8,91.9,66.6,77.0,51.6,67.8,28.1,55.3,5.97
20260625_153901.csv,139.5,100.9,69.2,94.7,50.7,80.8,24.5,44.6,5.91
20260625_210502.csv,97.9,97.4,79.5,88.8,56.4,70.0,31.7,45.3,5.96
20260625_212737.csv,204.7,195.7,147.0,174.9,92.7,147.2,47.9,85.1,5.83
20260627_085219.csv,99.1,115.8,81.9,97.3,61.5,81.9,28.3,54.8,5.79
20260627_093529.csv,141.5,107.9,103.6,102.6,65.5,84.0,36.1,47.0,5.88
20260627_111449.csv,90.4,101.1,79.3,83.7,67.0,74.4,33.7,42.8,5.87
20260627_114435.csv,205.1,207.7,122.9,130.9,83.6,97.9,51.9,63.1,5.84
20260627_144929.csv,105.3,192.9,80.2,129.4,74.4,93.5,60.0,60.7,5.87
20260627_154430.csv,200.4,191.7,105.8,166.6,87.9,145.6,53.1,66.5,5.83
20260627_175120.csv,172.0,198.9,102.1,160.7,83.6,119.4,63.6,82.5,5.84
20260629_172408.csv,62.2,104.5,55.4,94.4,48.3,84.3,37.4,58.7,5.85
20260629_175248.csv,59.0,37.0,51.4,29.4,42.3,21.2,24.6,11.9,5.94
20260629_180647.csv,148.5,103.2,80.1,87.8,63.1,78.3,34.3,57.4,5.82
20260702_193433.csv,99.4,118.2,55.3,67.2,49.2,55.7,23.4,49.5,5.93
20260702_204613.csv,126.5,104.9,75.7,97.6,55.8,79.0,25.0,53.0,5.89
20260705_105038.csv,49.6,67.7,40.5,53.0,37.3,44.0,19.9,39.1,5.87
20260705_122016.csv,191.2,130.8,173.4,113.8,137.1,95.4,48.7,61.2,5.85
20260707_213501.csv,159.6,184.4,101.2,156.4,84.1,105.3,47.2,57.4,5.81
20260707_222959.csv,73.8,93.6,55.0,73.6,48.1,68.7,38.1,44.9,5.91
20260709_215155.csv,191.5,132.7,77.9,101.9,74.3,89.0,68.4,54.7,5.84
20260711_160253.csv,156.4,193.4,106.6,173.5,83.6,128.9,58.2,74.3,5.85
20260711_174010.csv,128.8,159.6,97.2,112.6,80.7,100.5,56.1,62.0,5.8
20260711_221618.csv,115.0,102.8,86.3,95.3,69.9,87.1,38.7,47.4,5.8
20260712_105413.csv,123.8,136.1,113.4,106.0,79.6,91.8,42.5,53.3,5.85
20260712_155818.csv,139.5,125.6,98.6,104.4,89.6,99.7,39.0,59.3,5.83
20260712_174020.csv,87.4,104.1,67.5,99.7,59.9,82.1,31.0,50.9,5.89
20260712_210439.csv,113.5,108.8,76.5,86.3,59.1,73.7,48.6,53.6,5.86
20260713_132033.csv,148.8,150.9,102.1,101.7,80.0,77.7,43.1,49.2,5.85
20260713_182953.csv,198.5,117.5,120.4,102.5,72.0,87.2,42.6,58.6,5.91
20260713_203027.csv,76.5,111.1,56.0,75.7,52.9,63.2,47.7,52.7,5.87
20260713_214505.csv,131.2,110.5,92.0,100.9,64.8,81.1,38.4,52.0,5.83
20260714_110056.csv,56.2,108.3,52.1,90.7,47.7,85.9,25.8,74.0,5.93
20260714_113619.csv,157.7,83.3,113.7,74.2,81.8,65.3,24.6,33.4,5.78
20260714_115210.csv,101.9,119.0,79.4,92.8,46.8,80.3,31.4,40.9,5.86
20260714_123712.csv,152.3,172.7,95.5,133.6,85.4,112.4,56.0,99.5,5.82
20260714_145846.csv,132.7,115.2,122.0,94.1,94.3,73.8,46.2,38.8,5.86
20260714_153151.csv,126.5,91.9,94.9,87.0,73.1,81.2,45.5,50.0,5.81
20260714_161833.csv,159.6,144.2,100.5,100.3,80.1,88.8,43.9,63.0,5.81
20260714_165014.csv,104.3,127.8,78.6,88.0,57.0,81.0,28.7,54.8,5.8
20260714_170217.csv,146.8,123.9,100.4,78.6,69.1,70.0,28.2,53.9,5.78
20260715_160647.csv,142.8,113.9,85.8,105.2,57.2,104.0,37.4,73.6,5.82
20260715_194309.csv,192.9,146.8,143.3,126.9,89.1,88.0,44.8,52.6,5.85
20260716_062606.csv,157.0,119.7,118.7,91.9,94.2,83.1,47.8,61.0,5.74
20260716_065600.csv,157.3,161.8,93.7,121.8,75.3,96.0,55.4,70.5,5.84
20260716_094756.csv,149.8,193.6,92.5,184.9,68.6,114.0,47.7,67.1,5.83
20260716_115134.csv,199.6,186.5,110.0,140.5,88.0,103.8,48.8,72.5,5.83
20260716_180727.csv,120.1,128.2,68.4,106.9,60.5,97.9,36.4,63.2,5.89
20260716_194201.csv,100.2,61.3,61.3,57.5,33.0,49.7,16.9,33.5,5.91
20260716_215356.csv,117.1,95.1,44.3,81.5,39.8,62.0,34.4,47.7,5.89
20260716_224347.csv,69.4,70.9,55.6,62.3,31.0,53.7,19.2,33.0,5.9
20260717_103448.csv,107.5,93.2,61.6,63.1,52.8,59.5,42.2,56.0,5.9
20260717_134302.csv,92.3,102.6,46.0,67.8,28.8,58.7,13.4,42.1,5.93
20260717_163635.csv,93.2,61.3,56.9,53.7,39.5,44.8,23.8,28.1,5.96
20260718_113222.csv,72.6,69.4,60.0,57.2,43.1,53.6,30.0,35.3,5.87
20260718_125100.csv,149.6,98.9,85.6,89.4,70.5,68.8,27.8,43.2,5.93
20260718_145814.csv,195.3,190.0,91.0,147.9,67.7,92.6,58.1,59.3,5.79
20260718_161611.csv,92.3,116.0,71.3,90.6,55.5,61.8,28.5,40.6,5.85
20260718_163414.csv,156.4,185.9,105.8,145.2,94.6,101.1,54.0,50.0,5.83
20260718_203313.csv,163.0,172.7,97.4,116.3,81.0,91.0,47.3,69.7,5.83
20260718_213832.csv,138.2,123.7,98.5,78.2,71.5,67.0,32.8,53.6,5.85
20260718_220312.csv,77.1,91.9,71.7,62.5,62.2,47.0,50.1,36.9,5.96
20260719_154351.csv,114.1,127.1,86.7,84.6,73.7,68.9,36.6,52.6,5.72
20260719_171252.csv,61.8,77.4,42.2,73.6,35.3,71.1,21.7,55.0,5.93
20260719_184433.csv,150.4,109.0,98.2,98.0,80.4,74.5,52.5,63.9,5.86
20260719_204958.csv,148.1,131.0,81.1,104.7,70.6,87.1,58.0,50.6,5.83
20260719_212912.csv,87.0,88.2,50.5,76.7,39.2,53.7,16.7,22.0,5.83
20260719_214117.csv,110.5,86.5,69.1,72.8,58.5,68.9,39.1,42.8,5.81
20260720_113826.csv,110.9,157.5,80.6,113.7,73.1,93.0,67.9,72.9,5.86
20260720_134059.csv,193.6,198.9,105.1,154.0,87.5,133.0,62.5,76.4,5.77
20260720_165307.csv,189.5,188.2,127.1,158.8,84.0,123.5,48.9,55.5,5.76
20260720_174210.csv,149.6,106.8,76.0,94.9,70.7,63.2,38.4,46.8,5.81
20260720_190055.csv,121.6,131.8,73.5,102.3,61.6,82.2,37.5,55.0,5.8
20260720_204835.csv,180.3,187.8,102.6,123.3,88.9,104.5,45.3,46.5,5.79
20260721_114246.csv,145.5,139.7,92.7,82.0,59.6,64.6,50.3,34.5,5.88
20260721_122503.csv,64.8,35.7,38.5,30.4,35.9,28.4,23.4,20.8,5.93
20260721_172632.csv,140.2,99.8,82.9,80.2,57.6,79.2,37.3,67.6,5.83
20260721_193330.csv,88.7,94.7,61.8,81.9,44.4,63.9,26.8,41.2,5.93
20260721_194652.csv,143.4,93.8,71.7,73.6,61.5,66.3,24.9,47.4,5.87
20260721_200534.csv,119.0,111.8,90.7,82.0,67.3,67.3,24.2,48.4,5.91
20260722_121252.csv,90.2,93.4,71.5,87.2,59.3,77.7,41.4,58.8,5.82
20260722_134152.csv,109.4,106.6,63.5,84.7,59.4,58.2,38.2,37.2,5.79
20260722_163339.csv,84.4,94.4,54.7,81.6,49.4,74.6,45.0,56.1,5.85
20260722_184814.csv,132.3,156.0,81.0,99.6,54.5,77.9,30.7,33.9,5.79
20260722_204810.csv,98.5,36.8,75.6,32.0,44.8,25.3,17.9,7.9,5.86
20260722_210850.csv,74.6,116.0,61.6,107.4,46.9,82.3,22.5,65.7,5.81
20260723_113724.csv,180.1,182.5,113.5,114.4,77.7,92.4,62.6,79.7,5.77
20260723_132356.csv,132.0,130.1,87.3,127.3,62.0,125.3,39.7,107.7,5.64
20260723_173055.csv,168.4,125.4,91.1,96.7,62.7,76.7,37.3,54.7,5.8
20260723_200033.csv,155.3,37.0,80.2,21.1,49.2,13.8,35.3,9.6,5.8
20260723_210016.csv,97.0,112.4,73.8,105.8,65.2,72.0,56.5,51.4,5.81
20260723_211841.csv,96.2,78.8,78.3,64.6,68.8,47.0,45.7,33.1,5.78
20260723_215445.csv,151.1,160.2,90.5,104.4,68.2,79.6,42.0,44.6,5.78
20260724_114905.csv,131.8,111.5,102.4,94.4,80.6,66.8,35.5,47.9,5.94
20260724_144854.csv,140.4,131.2,73.8,110.8,46.1,88.8,25.1,55.9,5.87
20260724_165858.csv,168.2,120.7,88.6,107.7,65.9,88.3,37.7,52.1,5.78
20260724_174828.csv,157.5,125.9,97.9,92.6,70.2,69.9,49.5,57.7,5.84
20260724_204259.csv,151.1,121.8,99.1,98.5,69.5,81.1,42.3,52.0,5.78
20260725_113418.csv,197.2,145.9,107.9,108.7,75.9,85.8,42.0,55.5,5.79
20260725_125221.csv,98.1,119.0,81.4,90.4,57.7,74.2,32.6,51.4,5.82
20260725_133048.csv,135.3,101.9,81.7,75.7,48.8,63.7,25.5,48.8,5.83
20260725_140026.csv,173.5,189.5,96.3,122.5,81.2,107.3,48.2,71.4,5.77
20260725_163749.csv,109.6,94.7,66.1,79.1,56.7,63.0,44.1,37.7,5.78
20260726_103326.csv,166.2,184.8,93.5,145.8,79.9,118.2,66.2,83.1,5.77
20260726_141738.csv,194.7,211.1,83.3,165.8,72.3,126.9,56.4,58.7,5.83
20260726_172244.csv,153.2,200.4,93.9,146.1,73.7,101.5,59.8,78.6,5.83
20260726_200146.csv,174.6,195.1,103.0,133.2,76.7,131.3,61.2,71.3,5.84
20260801_180617.csv,183.5,192.7,150.8,158.7,139.2,101.2,48.0,58.7,5.84
20260802_081226.csv,69.4,85.5,61.1,78.1,48.5,71.0,32.0,58.5,5.91
20260802_093339.csv,87.4,102.1,56.1,88.6,45.8,79.6,31.3,62.5,5.86
20260802_132422.csv,153.4,180.6,100.6,151.0,80.5,117.7,53.4,63.9,5.82
20260802_153306.csv,148.1,123.9,99.0,82.5,76.6,73.2,40.2,39.0,5.78
20260802_163037.csv,81.8,127.6,71.6,92.1,63.0,72.0,32.0,46.4,5.89
20260802_184302.csv,191.2,182.5,74.3,153.3,56.6,112.9,33.3,56.7,5.87
20260802_193654.csv,147.6,130.8,96.0,101.2,75.7,78.6,39.6,50.1,5.84
20260802_213351.csv,159.2,119.2,87.7,99.5,50.8,87.8,28.8,50.7,5.9
20260803_181923.csv,133.8,118.4,89.9,93.7,72.6,86.1,47.1,48.9,5.85
20260803_193840.csv,151.1,139.1,85.9,111.5,71.6,93.0,45.5,47.1,5.8
20260803_215920.csv,160.9,124.6,99.7,108.7,69.4,94.2,39.0,53.8,5.8
20260804_153453.csv,144.0,141.2,78.1,110.6,62.7,97.8,34.2,52.0,5.82
20260804_155949.csv,98.3,95.7,88.9,76.9,65.0,64.5,35.6,48.7,5.85
20260804_191929.csv,77.3,97.0,65.7,76.7,49.5,56.8,22.6,39.0,5.97
20260804_194234.csv,68.2,81.8,59.2,69.4,41.3,64.6,25.2,43.3,5.91
20260804_200003.csv,95.9,92.7,84.9,72.9,81.4,66.8,55.6,56.1,5.79
20260804_201351.csv,141.2,195.5,102.0,155.7,83.0,122.5,56.8,59.2,5.81
20260804_215437.csv,182.0,189.3,125.7,174.4,91.1,142.4,64.7,69.2,5.84
20260806_155444.csv,183.3,194.9,95.4,141.7,84.2,114.6,70.6,69.9,5.81
20260808_122545.csv,92.1,94.2,60.2,74.8,51.8,64.9,31.9,42.3,5.92
20260808_124714.csv,69.4,102.4,65.3,94.8,52.8,79.3,26.8,52.5,5.89
20260808_130411.csv,34.2,82.9,17.1,69.6,12.3,62.8,9.8,49.5,5.85
20260808_160215.csv,155.3,164.3,101.1,131.2,79.8,98.6,45.1,66.2,5.82
20260808_201800.csv,171.8,188.5,119.1,115.2,107.5,94.9,81.4,51.0,5.82
20260809_120000.csv,105.1,111.3,94.3,103.5,70.5,85.2,43.6,54.1,5.79
20260809_123655.csv,57.9,72.0,46.4,58.8,43.1,48.7,34.8,32.4,5.92
20260809_124523.csv,60.9,36.5,54.9,22.2,47.1,19.5,25.0,15.6,5.97
20260809_130557.csv,16.6,44.4,9.7,36.1,6.4,34.4,3.0,31.8,5.89
20260809_131803.csv,88.0,113.7,73.0,96.5,58.7,81.5,37.5,36.5,5.82
20260809_181739.csv,196.6,115.4,134.0,95.9,97.1,91.8,55.7,61.0,5.94
20260809_191254.csv,75.6,107.1,60.6,103.5,52.5,94.3,21.5,63.9,5.81
20260809_192100.csv,106.4,127.1,74.1,106.0,53.9,102.4,25.3,51.1,5.74
20260810_151356.csv,164.5,108.5,80.1,91.5,66.8,84.3,46.2,60.1,5.85
20260810_152212.csv,114.3,123.9,80.5,68.0,51.3,55.1,25.8,47.6,5.7
20260812_085229.csv,90.2,92.3,71.0,69.7,57.5,65.1,34.3,54.0,5.88
20260812_093511.csv,185.3,126.5,97.3,119.8,56.8,98.7,37.9,35.9,5.88
20260813_115220.csv,66.7,95.5,41.6,88.6,37.2,76.4,20.9,50.7,5.78
20260813_144601.csv,88.7,117.7,77.7,93.8,66.1,80.7,33.9,54.1,5.88
20260814_101007.csv,32.3,42.3,25.7,35.1,23.1,33.5,14.5,31.1,5.94
20260814_102213.csv,66.0,32.9,38.9,26.1,32.9,14.0,19.1,1.3,5.99
20260814_121438.csv,101.7,120.3,74.8,111.5,61.6,86.4,48.9,48.5,5.8
20260814_122308.csv,127.8,130.3,94.1,112.7,68.3,110.8,23.2,66.9,5.76
20260814_182203.csv,170.1,194.2,95.9,140.5,68.3,106.3,52.0,96.9,5.81
20260814_213416.csv,181.6,197.7,95.9,142.3,73.9,92.6,54.3,45.2,5.77
20260816_165356.csv,96.4,96.9,62.9,81.2,46.6,71.4,27.8,47.3,5.91
20260816_171638.csv,116.2,109.4,90.6,90.1,67.3,82.5,35.9,50.3,5.86
20260816_173527.csv,99.6,106.4,90.5,90.3,58.9,72.8,26.0,47.6,5.74
20260816_174235.csv,93.4,113.0,79.1,104.4,56.5,91.9,37.6,56.5,5.73
20260817_084821.csv,93.2,111.5,87.2,70.6,73.3,60.8,42.4,53.4,5.8
20260817_175652.csv,130.8,116.2,73.0,96.9,39.7,74.7,19.5,49.8,5.89
20260817_181818.csv,104.9,82.1,67.5,61.9,50.6,58.7,26.9,34.8,5.92
20260817_183543.csv,164.8,135.2,86.5,116.3,71.2,85.3,53.0,56.1,5.82
20260818_092516.csv,90.0,118.8,70.6,95.9,49.1,83.6,34.4,54.8,5.82
20260818_111200.csv,141.9,113.7,94.3,81.8,80.5,64.4,34.4,41.3,5.8
20260818_124141.csv,188.5,115.6,95.9,86.5,74.4,73.5,30.9,33.1,5.84
20260818_140544.csv,196.6,178.6,83.6,106.1,68.1,96.0,49.1,61.6,5.88
20260818_150110.csv,80.5,95.3,68.1,83.6,51.8,79.4,25.2,44.5,5.92
20260819_123747.csv,100.0,79.1,68.1,61.2,36.6,56.5,21.7,51.7,5.88
20260819_124907.csv,154.9,112.8,110.4,94.6,71.6,78.2,38.0,45.4,5.8
20260819_135903.csv,159.2,107.1,93.8,88.8,74.0,76.2,42.9,50.6,5.84
20260820_105758.csv,126.1,119.4,85.5,94.5,63.0,89.5,45.9,55.8,5.78
20260820_201853.csv,144.2,137.2,93.6,102.6,68.0,84.6,41.5,45.0,5.85
20260820_214927.csv,110.9,108.6,76.7,93.5,66.1,89.0,34.4,57.8,5.84
20260820_225027.csv,78.8,121.8,68.3,113.9,57.8,90.8,31.9,49.4,5.86
20260821_081939.csv,111.8,109.2,83.9,103.6,67.6,76.0,49.1,54.3,5.89
20260821_193713.csv,90.4,90.2,43.1,78.7,35.0,55.4,30.8,28.2,5.92
20260821_205225.csv,96.6,107.7,79.2,98.8,61.3,71.2,48.9,47.8,5.9
20260821_225137.csv,162.4,105.1,93.9,89.3,73.0,81.7,49.5,49.1,5.8
20260822_102139.csv,133.1,101.9,77.7,90.5,56.8,75.0,36.7,47.9,5.79
20260822_110317.csv,165.2,118.2,81.3,95.3,75.3,74.7,38.4,53.5,5.84
20260822_141715.csv,138.0,123.9,77.2,76.0,60.7,69.1,37.1,40.2,5.85
20260822_173539.csv,100.0,113.9,93.1,103.3,70.8,98.0,34.0,48.5,5.88
20260822_191324.csv,107.8,99.4,77.3,83.7,70.6,72.2,40.1,58.4,5.8
20260822_205359.csv,100.4,106.8,53.2,83.7,42.0,80.5,27.1,55.9,5.82
20260822_215052.csv,101.3,117.1,71.1,98.5,59.4,87.6,33.9,63.2,5.8
20260823_152957.csv,150.4,137.8,94.3,122.5,74.1,104.0,47.2,59.2,5.81
20260823_161315.csv,121.6,123.5,88.8,101.3,71.0,84.8,40.8,56.1,5.82
20260823_210116.csv,150.9,96.4,92.1,82.7,72.9,79.1,46.4,51.9,5.76
20260824_081823.csv,151.1,98.5,85.0,87.0,75.2,81.5,36.0,50.2,5.75
20260824_104612.csv,131.8,105.8,80.3,94.9,67.5,81.6,39.9,51.5,5.89
20260824_133602.csv,71.4,107.7,58.8,97.1,55.8,71.8,42.7,47.3,5.82
20260824_174511.csv,140.6,117.3,86.1,100.2,73.5,86.2,38.3,41.3,5.82
20260824_202635.csv,156.6,109.4,76.0,102.0,59.6,69.2,28.2,43.2,5.84
20260824_212048.csv,148.8,130.8,81.9,87.4,65.5,77.4,34.9,50.1,5.81
20260824_222425.csv,73.1,58.1,71.2,54.9,63.7,44.6,24.2,36.7,5.79
20260825_102604.csv,149.1,120.2,107.5,110.9,76.2,106.6,43.2,61.3,5.79
20260825_123247.csv,142.3,105.1,84.3,86.7,63.8,74.6,33.0,44.2,5.93
20260825_183427.csv,203.2,189.7,89.3,98.0,71.1,82.4,36.6,51.2,5.83
20260826_203739.csv,138.2,115.4,90.6,93.1,63.0,63.8,41.1,45.6,5.83
20260826_224518.csv,152.8,115.8,100.6,94.0,76.0,73.6,39.2,40.6,5.86
20260828_202030.csv,136.8,110.0,91.6,76.6,67.3,66.6,34.6,44.7,5.8
20260829_100447.csv,106.0,138.0,91.0,92.4,75.9,66.7,54.5,59.5,5.78
20260829_191404.csv,81.5,108.0,75.5,84.4,61.4,58.5,23.6,37.5,5.89
20260829_193046.csv,140.0,135.0,112.1,119.0,108.8,83.5,57.5,37.6,5.79
20260829_194121.csv,120.0,108.0,78.6,103.4,51.5,92.6,23.7,38.4,5.81
20260830_121043.csv,86.5,112.0,74.2,98.5,58.6,92.5,37.3,58.1,5.85
20260830_122801.csv,124.0,170.0,76.9,109.8,67.2,87.2,53.5,48.9,5.78
20260830_125410.csv,141.0,207.0,81.8,113.8,69.0,94.1,58.4,54.1,5.84
20260830_155318.csv,183.0,189.0,105.3,165.4,83.8,105.5,45.6,55.0,5.84
20260830_165926.csv,159.0,189.0,94.2,117.4,74.3,98.6,47.0,49.9,5.83
20260830_190907.csv,124.0,144.0,84.8,127.7,58.0,94.2,30.7,50.9,5.87
20260830_192834.csv,155.0,197.0,106.3,194.6,102.6,167.2,49.0,99.4,5.81
20260830_200617.csv,99.0,96.0,68.6,84.1,53.7,73.2,26.7,54.6,5.82
20260831_134403.csv,94.0,89.0,75.1,82.9,61.4,73.2,31.8,44.0,5.94
20260831_201658.csv,81.0,96.0,61.9,76.2,46.4,66.4,27.9,54.0,5.95
20260831_203855.csv,118.5,86.0,90.5,74.4,62.5,61.2,29.2,45.5,5.89
20260901_074917.csv,43.4,41.5,32.9,35.0,28.0,31.8,18.1,29.3,5.94
20260901_080956.csv,59.0,51.0,26.3,41.0,20.8,36.7,15.7,32.6,5.92
20260901_111543.csv,121.0,99.0,67.1,82.0,48.8,74.0,24.7,48.4,5.94
20260901_112814.csv,102.0,92.0,46.2,86.1,31.2,61.5,16.9,47.1,5.96
20260902_074300.csv,53.0,47.5,34.4,39.0,31.0,34.0,17.7,27.2,5.94
20260902_075316.csv,94.0,99.0,68.0,91.7,44.9,84.0,21.2,51.1,5.86
20260902_201704.csv,87.0,90.0,59.0,85.2,29.8,72.1,22.2,40.4,5.88
20260902_203318.csv,49.0,69.0,33.6,56.5,23.1,43.8,13.9,31.4,5.93
20260902_204646.csv,119.0,123.0,68.8,103.9,62.4,75.0,28.1,41.2,5.89
20260902_211511.csv,99.5,102.0,85.6,94.5,63.2,71.5,23.8,48.9,5.92
20260903_074822.csv,29.0,78.0,24.8,63.8,22.6,58.5,18.4,48.9,5.94
20260903_080232.csv,77.0,20.0,61.0,16.2,36.9,11.5,17.3,1.7,5.83
20260903_082326.csv,32.0,69.0,26.1,63.2,18.0,56.0,12.7,42.0,5.93
20260903_200514.csv,56.0,97.0,47.5,90.4,34.6,79.4,18.3,46.9,5.82
20260903_213855.csv,107.0,108.0,79.9,97.4,72.8,79.3,36.0,46.5,5.86
20260904_075123.csv,38.5,78.0,34.0,71.2,27.6,58.5,19.0,41.7,5.93
20260904_080352.csv,45.9,47.9,28.9,15.7,23.0,15.3,13.4,10.9,5.83
20260904_203411.csv,193.0,207.0,157.7,146.6,145.1,117.3,82.7,66.8,5.89
20260905_103157.csv,82.0,93.0,45.5,82.1,30.9,59.9,19.2,42.2,5.88
20260905_104841.csv,123.0,113.0,92.7,102.0,59.9,88.5,25.1,46.0,5.94
20260905_110415.csv,146.0,105.5,71.7,95.3,53.5,75.5,23.7,39.5,5.88
20260905_122311.csv,66.0,95.0,49.8,73.4,39.2,70.7,24.0,56.5,5.95
20260905_123511.csv,57.9,36.5,37.7,32.3,26.2,28.3,13.2,17.6,5.97
20260905_124450.csv,71.0,81.0,51.7,65.4,37.9,61.8,21.7,42.9,5.91
20260905_162310.csv,96.0,102.5,48.9,93.1,36.9,70.0,18.4,51.3,5.83
20260905_163145.csv,124.0,99.0,56.1,92.6,41.8,71.7,30.0,43.3,5.82
20260905_164824.csv,160.0,106.0,94.4,85.4,75.3,76.6,35.5,47.2,5.87
20260905_172322.csv,137.5,151.0,89.7,117.0,71.2,101.7,46.9,61.9,5.82
20260905_175245.csv,150.0,94.0,66.4,83.6,43.1,66.8,18.4,50.6,5.71
20260905_183226.csv,134.0,105.0,116.5,96.2,80.2,73.8,34.6,42.4,5.85
20260906_121520.csv,88.0,96.5,75.1,85.2,58.0,75.9,22.4,57.4,5.92
20260906_122920.csv,125.0,40.0,76.6,23.7,45.6,20.6,19.1,17.0,5.89
20260906_130754.csv,59.0,76.0,47.4,58.9,39.7,51.0,29.4,47.8,5.92
20260906_131945.csv,95.0,83.0,72.3,60.2,53.7,54.4,22.7,42.0,5.82
20260906_134827.csv,45.0,81.0,26.3,73.9,21.9,66.0,14.1,46.1,5.93
20260906_195140.csv,65.0,79.0,42.2,73.6,34.6,65.2,19.9,52.1,5.76
20260906_201552.csv,109.0,98.0,84.8,78.3,68.4,65.2,43.1,53.1,5.88
20260907_074534.csv,45.0,82.0,37.0,71.6,36.0,62.7,17.7,49.2,5.68
20260907_080214.csv,57.9,23.6,43.7,19.4,31.3,12.8,19.2,-1.4,5.65
20260907_081855.csv,84.0,47.0,72.1,26.7,54.2,23.9,22.9,4.5,5.85
20260907_082522.csv,31.6,29.7,30.9,24.8,27.2,15.1,16.6,2.4,5.96
20260907_165532.csv,70.0,92.0,56.4,73.8,40.3,67.2,14.5,47.3,5.89
20260907_171659.csv,59.0,87.0,50.1,76.2,37.9,68.0,22.0,47.1,5.91
20260907_172745.csv,90.0,88.0,76.5,55.6,55.9,15.4,25.1,7.2,5.96
20260907_174600.csv,81.0,99.0,65.7,94.4,50.0,74.1,27.9,43.6,5.93
20260908_074435.csv,36.0,84.0,31.6,73.9,24.4,66.6,14.5,51.7,5.61
20260908_075934.csv,60.0,111.0,45.4,94.2,31.5,69.9,23.8,41.1,5.72
20260908_085530.csv,78.0,88.0,68.4,69.3,49.1,51.1,31.4,23.1,5.86
20260908_123156.csv,65.0,91.0,59.0,81.6,46.2,64.8,24.1,50.5,6.01
20260908_124726.csv,79.0,84.0,56.8,61.4,40.5,57.0,28.9,48.7,5.89
20260909_073950.csv,56.0,98.0,33.6,90.6,29.4,81.8,17.5,53.1,5.73
20260909_075611.csv,63.0,64.0,41.8,49.2,30.1,46.4,21.9,38.1,5.76
20260909_133503.csv,79.0,90.0,68.2,76.9,47.5,65.9,27.0,41.5,5.89
20260909_140527.csv,101.0,40.0,78.3,21.1,66.1,17.2,30.3,8.3,5.93
20260909_143711.csv,80.0,91.0,61.7,68.3,41.0,57.6,27.6,44.8,5.95
20260909_153731.csv,137.0,97.0,87.5,86.8,56.5,68.2,24.8,47.8,5.92
20260909_154548.csv,129.0,104.0,80.9,97.1,49.0,82.9,27.3,49.5,5.86
20260910_074344.csv,200.0,102.0,51.2,79.5,38.0,73.7,17.0,65.3,5.82
20260910_075908.csv,70.1,17.5,45.7,10.7,30.3,10.2,16.2,6.1,5.84
20260910_081613.csv,73.0,86.0,46.8,79.3,35.4,67.3,28.1,56.3,5.89
20260910_135648.csv,122.0,102.0,69.7,93.1,44.5,83.9,23.1,54.2,5.95
20260910_143202.csv,87.0,90.0,80.2,72.8,50.7,57.7,30.9,47.9,5.96
2026-09-11_07-42-27.csv,54.0,78.0,40.1,71.7,35.1,63.5,18.9,46.1,5.72
2026-09-11_08-01-27.csv,78.0,53.0,62.8,37.9,39.6,31.1,24.8,28.3,5.79
2026-09-11_15-04-47.csv,76.0,85.0,57.4,73.7,38.7,65.5,20.3,51.6,5.92
2026-09-11_15-23-18.csv,75.0,95.0,58.9,77.6,45.5,61.8,21.6,40.2,5.93
2026-09-11_19-24-41.csv,89.0,91.0,71.3,65.4,47.9,59.9,31.0,46.6,5.94
2026-09-11_19-37-40.csv,164.0,95.0,87.5,88.2,54.3,74.2,19.7,49.2,5.92
2026-09-11_21-57-07.csv,100.0,96.0,69.5,90.7,48.0,74.1,26.8,50.1,5.87
2026-09-12_13-25-13.csv,92.0,94.0,67.6,81.7,43.2,61.3,27.4,38.8,5.92
2026-09-12_13-33-36.csv,85.0,107.0,71.0,97.8,49.7,76.3,24.6,51.9,5.92
2026-09-12_13-57-02.csv,61.0,91.0,47.4,81.1,33.1,74.1,16.8,53.8,5.82
2026-09-12_14-15-41.csv,69.0,85.0,55.7,71.0,45.8,65.5,27.6,48.2,5.85
2026-09-12_14-48-27.csv,102.0,106.0,83.5,98.3,55.2,82.4,25.8,46.5,5.79
2026-09-12_15-01-43.csv,72.0,48.0,56.0,37.6,38.1,22.6,24.4,2.8,5.95
2026-09-12_16-59-34.csv,150.0,112.0,82.8,103.6,67.5,87.4,47.1,58.5,5.84
2026-09-13_11-48-59.csv,65.0,109.0,34.7,101.9,30.1,85.7,16.2,56.7,5.79
2026-09-13_12-01-09.csv,77.0,81.0,59.0,64.8,39.2,62.0,22.1,46.5,5.77
2026-09-13_12-08-25.csv,76.0,33.0,56.3,20.0,37.5,15.5,17.5,5.9,5.79
2026-09-13_12-22-44.csv,73.0,69.0,57.7,64.9,45.7,61.4,26.7,55.5,5.88
2026-09-13_13-01-46.csv,154.0,132.0,83.4,99.8,72.0,80.0,43.5,56.8,5.83
2026-09-13_13-46-17.csv,144.0,154.0,86.3,92.3,71.3,72.8,40.0,47.7,5.79
2026-09-13_17-11-06.csv,158.0,108.0,62.9,93.0,46.4,80.7,30.7,62.0,5.88
2026-09-13_19-00-19.csv,139.0,79.0,81.5,67.8,49.4,63.8,19.7,51.0,5.93
2026-09-13_19-10-18.csv,97.0,100.0,81.2,82.6,63.0,72.4,45.3,68.1,5.91
2026-09-13_19-45-44.csv,134.0,146.0,83.1,125.5,65.5,107.9,47.5,62.3,5.81
2026-09-13_20-30-29.csv,150.0,111.0,88.9,95.4,74.8,75.2,45.9,46.1,5.81
2026-09-14_07-36-58.csv,63.0,87.0,37.5,82.9,32.5,71.3,17.6,56.5,5.72
2026-09-14_07-50-59.csv,93.0,49.0,57.7,39.3,45.2,37.2,22.3,32.3,5.74
2026-09-14_16-56-10.csv,90.0,88.0,75.2,74.1,58.9,59.8,33.5,46.8,5.88
2026-09-14_17-08-07.csv,138.0,120.0,65.1,90.4,47.5,87.5,23.9,55.2,5.91
2026-09-14_18-09-48.csv,107.0,98.0,74.1,87.7,59.0,70.1,31.3,48.0,5.69
2026-09-14_18-49-32.csv,97.0,107.0,84.4,98.2,72.0,75.8,35.8,42.6,5.83
2026-09-15_07-49-33.csv,36.0,90.0,25.6,78.2,20.4,61.6,14.4,51.1,5.72
2026-09-15_08-06-11.csv,90.0,48.0,63.7,43.0,39.5,41.5,20.1,25.5,5.69
2026-09-15_14-44-40.csv,61.0,91.0,48.0,81.8,42.0,74.5,28.1,40.9,5.85
2026-09-16_07-35-39.csv,61.0,78.0,49.9,65.1,33.4,55.0,16.9,46.2,5.58
2026-09-16_07-49-37.csv,56.0,82.0,49.6,73.7,34.5,60.7,20.6,38.0,5.64
2026-09-16_13-54-36.csv,39.5,27.8,38.0,21.9,33.6,7.9,21.7,-3.5,5.81
2026-09-16_14-01-15.csv,68.0,89.0,57.9,60.9,41.2,51.9,26.5,49.0,5.93
2026-09-16_14-40-56.csv,71.0,92.0,59.6,73.7,48.5,61.8,32.6,41.7,5.97
2026-09-16_18-07-46.csv,58.0,82.0,43.8,69.5,38.8,64.0,23.0,52.2,5.92
2026-09-16_18-17-21.csv,64.0,86.0,49.3,73.5,35.9,63.8,17.2,36.2,5.92
2026-09-16_19-00-34.csv,86.0,133.0,70.2,110.0,45.2,73.0,26.0,51.5,5.92
2026-09-16_19-29-42.csv,104.0,171.0,89.2,138.2,66.3,125.7,42.6,71.0,5.91
