group,file,month,f01_max_decimals,f02_distinct_cellV,f03_quant_step_V,f04_nan_frac_cellV,f05_dup_timestamps,f06_nonmonotonic_time,f07_rows_minus_manifest,f08_spike_count_z6,f09_p95_loaded_pipeline,f10_p95_loaded_median3,f11_zero_spread_frac,f12_bytes_per_row
D,20260515_194744.csv,2026-05,3,273,0.0009999999999998899,0.9574033194342245,0,0,0,2,27.89999999999999,28.000000000000025,0.0,52.150355653666914
D,20260515_222240.csv,2026-05,3,257,0.0009999999999998899,0.9574529113681997,0,0,0,0,61.99999999999983,61.99999999999983,0.010158013544018058,50.05277751219046
D,20260516_131423.csv,2026-05,3,324,0.0009999999999998899,0.9574248674130819,0,0,0,2,21.60000000000019,22.00000000000024,0.0,50.02028088784129
D,20260517_120100.csv,2026-05,3,222,0.0009999999999998899,0.957445341058004,0,0,0,1,25.250000000000185,26.000000000000245,0.0016233766233766235,50.187599144768605
D,20260523_113305.csv,2026-05,3,170,0.0009999999999998899,0.9575117370892019,0,0,0,0,59.50000000000011,60.99999999999994,0.007407407407407408,50.14647887323944
D,20260523_120859.csv,2026-05,3,255,0.0009999999999998899,0.9574778799072244,0,0,0,1,22.20000000000003,23.00000000000013,0.00404040404040404,50.219826475388714
D,20260523_144629.csv,2026-05,3,282,0.0009999999999998899,0.9574468085106382,0,0,0,1,23.75000000000005,24.00000000000002,0.00125,50.420744680851065
D,20260523_183218.csv,2026-05,3,260,0.0009999999999998899,0.9573957395739574,0,0,0,0,20.15,20.349999999999973,0.0,50.27942794279428
D,20260523_210427.csv,2026-05,3,198,0.0009999999999998899,0.9574381427553202,0,0,0,0,18.900000000000116,19.000000000000128,0.0,50.34304042358212
D,20260609_132041.csv,2026-06,1,7,0.09999999999999964,0.9591764086061314,0,0,0,0,100.00000000000009,100.00000000000009,0.8791055206149546,71.84274302638511
D,20260610_094100.csv,2026-06,1,8,0.09999999999999964,0.9591899786540838,0,0,0,0,100.00000000000009,100.00000000000009,0.8718922651933702,72.82492135715088
D,20260611_061120.csv,2026-06,1,7,0.09999999999999964,0.9591868702368165,0,0,0,0,100.00000000000009,100.00000000000009,0.8923534942024444,71.7557541813718
D,20260611_100510.csv,2026-06,3,284,0.0009999999999998899,0.95918902385738,0,0,0,2,27.750000000000053,28.000000000000025,0.0,73.14519793760377
D,20260611_215131.csv,2026-06,3,311,0.0009999999999998899,0.9591759923721583,0,0,0,2,24.349999999999977,24.949999999999907,0.0,73.03798865860391
D,20260612_142400.csv,2026-06,3,211,0.0009999999999998899,0.9592288761279737,0,0,0,0,17.099999999999895,17.099999999999888,0.0,73.29532403609517
D,20260612_170759.csv,2026-06,3,378,0.0009999999999998899,0.9591829906823467,0,0,0,6,28.249999999999996,28.650000000000045,0.002663934426229508,73.00402315194299
D,20260613_101500.csv,2026-06,3,440,0.0009999999999994458,0.959180476960388,0,0,0,9,26.99999999999969,26.99999999999969,0.0024752475247524753,72.91704729183509
D,20260613_181221.csv,2026-06,3,283,0.0009999999999998899,0.9591530657256285,0,0,0,2,22.449999999999942,23.00000000000013,0.0021645021645021645,73.20644022937803
D,20260614_133431.csv,2026-06,3,352,0.0009999999999998899,0.9592079207920792,0,0,0,7,23.3499999999998,23.949999999999992,0.0025889967637540453,72.87384818481848
D,20260618_124611.csv,2026-06,1,6,0.09999999999999964,0.9591806331471135,0,0,0,0,100.00000000000009,100.00000000000009,0.9029304029304029,72.33355679702048
D,20260619_180138.csv,2026-06,3,347,0.0009999999999998899,0.9591933720911813,0,0,0,9,26.499999999999968,26.99999999999969,0.002329192546583851,75.36016284632566
D,20260620_182933.csv,2026-06,3,299,0.0009999999999998899,0.9591942148760331,0,0,0,1,35.84999999999983,45.999999999999815,0.0,75.2771546635183
D,20260620_220001.csv,2026-06,3,229,0.0009999999999998899,0.9592048401037165,0,0,0,0,17.799999999999812,17.999999999999794,0.0,74.98444252376837
D,20260621_145249.csv,2026-06,3,236,0.0009999999999998899,0.959219469414602,0,0,0,1,27.10000000000028,30.700000000000124,0.002688172043010753,75.3467441350581
D,20260622_220001.csv,2026-06,3,163,0.0009999999999998899,0.9591874767051808,0,0,0,1,19.300000000000093,20.000000000000018,0.0,75.28811032426388
D,20260624_112335.csv,2026-06,3,206,0.0009999999999998899,0.9592391304347826,0,0,0,0,22.499999999999854,23.29999999999994,0.0,75.39588100686498
D,20260625_122850.csv,2026-06,3,122,0.0009999999999998899,0.9591272280270436,0,0,0,0,59.14999999999974,59.149999999999736,0.005050505050505051,74.99200983405039
D,20260625_153901.csv,2026-06,3,215,0.0009999999999998899,0.9591863010171238,0,0,0,0,20.349999999999977,21.999999999999797,0.0,75.26174842281448
D,20260627_085219.csv,2026-06,1,6,0.09999999999999964,0.9590721040189125,0,0,0,0,100.00000000000009,100.00000000000009,0.8740740740740741,74.99231678486997
D,20260627_144929.csv,2026-06,3,270,0.0009999999999998899,0.959184604159066,0,0,0,5,32.20000000000005,35.00000000000014,0.0022346368715083797,75.30727836556001
D,20260627_175120.csv,2026-06,3,418,0.0009999999999994458,0.9591935278147264,0,0,0,11,28.599999999999866,28.999999999999915,0.0011163206072784104,75.18301415790529
D,20260629_172408.csv,2026-06,3,168,0.0009999999999998899,0.9591735125715708,0,0,0,0,19.700000000000173,24.199999999999886,0.0,74.4436146377894
D,20260702_204613.csv,2026-07,3,307,0.0009999999999998899,0.9591849893610161,0,0,0,2,19.099999999999913,20.000000000000018,0.001579778830963665,74.91766071313431
D,20260705_122016.csv,2026-07,3,310,0.0009999999999998899,0.959192466301471,0,0,0,3,22.950000000000127,23.00000000000013,0.004545454545454545,74.87579245399151
D,20260707_222959.csv,2026-07,3,258,0.0009999999999998899,0.9592091571279917,0,0,0,0,23.300000000000097,23.800000000000026,0.0012755102040816326,75.06061394380853
D,20260709_215155.csv,2026-07,3,414,0.0009999999999994458,0.9591838830246027,0,0,0,8,26.99999999999969,26.99999999999969,0.003019627579265224,74.95804411221096
D,20260711_174010.csv,2026-07,3,332,0.0009999999999998899,0.9592055331129882,0,0,0,3,29.550000000000082,30.00000000000025,0.0037537537537537537,75.35365405802423
D,20260711_221618.csv,2026-07,3,317,0.0009999999999998899,0.9591978556537278,0,0,0,3,22.15000000000023,22.35000000000017,0.0016220600162206002,75.2039776299679
D,20260712_155818.csv,2026-07,3,305,0.0009999999999998899,0.9592107200706818,0,0,0,1,20.599999999999945,21.599999999999806,0.0036101083032490976,75.21152996613165
D,20260712_174020.csv,2026-07,3,248,0.0009999999999998899,0.959178031699226,0,0,0,0,19.550000000000065,20.000000000000018,0.0022675736961451248,75.225488389237
D,20260714_110056.csv,2026-07,3,178,0.0009999999999998899,0.9592391304347826,0,0,0,0,19.750000000000046,20.000000000000018,0.0,75.5991847826087
D,20260714_115210.csv,2026-07,3,244,0.0009999999999998899,0.9591341668221682,0,0,0,0,25.14999999999991,25.149999999999867,0.0,75.38318716178391
D,20260714_153151.csv,2026-07,3,312,0.0009999999999998899,0.9591803007767311,0,0,0,1,24.249999999999993,24.649999999999928,0.0016194331983805667,75.29724012559907
D,20260714_170217.csv,2026-07,3,195,0.0009999999999998899,0.9591688462656205,0,0,0,1,24.59999999999994,25.499999999999858,0.0,75.40031967451323
D,20260715_160647.csv,2026-07,3,333,0.0009999999999994458,0.9591994032819493,0,0,0,5,20.449999999999957,20.999999999999908,0.001829268292682927,75.22347090999503
D,20260715_194309.csv,2026-07,3,335,0.0009999999999998899,0.9591828371206688,0,0,0,6,24.99999999999991,24.99999999999991,0.0030135610246107484,75.12720529475646
D,20260716_065600.csv,2026-07,3,343,0.0009999999999998899,0.9591950379521272,0,0,0,9,27.85000000000001,28.000000000000025,0.0010497585555322277,75.13111903089286
D,20260716_194201.csv,2026-07,3,192,0.0009999999999998899,0.9591864779442077,0,0,0,0,18.59999999999979,19.39999999999977,0.001122334455667789,75.16852182676011
D,20260716_215356.csv,2026-07,3,240,0.0009999999999998899,0.9591990526429109,0,0,0,2,20.399999999999707,20.999999999999908,0.0008795074758135445,75.16962715756989
D,20260717_103448.csv,2026-07,3,292,0.0009999999999998899,0.959180489834122,0,0,0,2,19.650000000000055,20.000000000000018,0.002554278416347382,75.19068171181947
D,20260717_163635.csv,2026-07,3,160,0.0009999999999998899,0.9591787439613526,0,0,0,1,16.450000000000163,17.000000000000348,0.0039447731755424065,75.23220611916264
D,20260718_113222.csv,2026-07,3,191,0.0009999999999998899,0.9592625109745391,0,0,0,1,38.39999999999998,64.79999999999956,0.0057553956834532375,74.9748902546093
D,20260718_125100.csv,2026-07,3,277,0.0009999999999998899,0.9591868106529342,0,0,0,2,21.899999999999785,21.999999999999797,0.006591337099811676,75.19123016025517
D,20260718_161611.csv,2026-07,3,233,0.0009999999999998899,0.9592228623065627,0,0,0,0,24.99999999999991,24.99999999999991,0.00554016620498615,74.82220716141421
D,20260719_154351.csv,2026-07,3,452,0.0009999999999994458,0.9591866048344072,0,0,0,5,22.64999999999989,22.999999999999687,0.0025227043390514633,74.27709607255714
D,20260719_204958.csv,2026-07,3,447,0.0009999999999994458,0.9591964682218332,0,0,0,0,23.950000000000017,24.00000000000002,0.0012804097311139564,75.3308690995533
D,20260719_214117.csv,2026-07,3,222,0.0009999999999998899,0.9592110698058653,0,0,0,0,27.999999999999915,28.999999999999915,0.002531645569620253,75.01414704667492
D,20260720_165307.csv,2026-07,3,395,0.0009999999999994458,0.9591855537129169,0,0,0,5,31.650000000000045,32.00000000000003,0.00045167118337850043,75.49183711074258
D,20260721_172632.csv,2026-07,3,427,0.0009999999999994458,0.9591867526687036,0,0,0,1,24.949999999999484,24.999999999999467,0.0009242144177449168,75.22745275545999
D,20260721_200534.csv,2026-07,3,318,0.0009999999999998899,0.959179461779759,0,0,0,1,20.050000000000008,20.049999999999994,0.0010121457489878543,74.67046392603599
D,20260722_134152.csv,2026-07,3,297,0.0009999999999998899,0.9591836734693877,0,0,0,2,19.50000000000007,20.000000000000018,0.0,75.36130952380952
D,20260722_184814.csv,2026-07,3,272,0.0009999999999998899,0.959190791768399,0,0,0,2,25.45000000000028,26.05000000000022,0.0,75.47901406813162
D,20260722_210850.csv,2026-07,3,196,0.0009999999999998899,0.9591703056768559,0,0,0,0,21.699999999999964,21.999999999999797,0.0,74.3443231441048
D,20260723_113724.csv,2026-07,1,9,0.09999999999999964,0.9591849458119889,0,0,0,0,100.00000000000009,100.00000000000009,0.857397504456328,75.1657643990482
D,20260723_173055.csv,2026-07,3,376,0.0009999999999998899,0.9592334215379681,0,0,0,2,22.4,22.999999999999687,0.0015735641227380016,97.20817897522251
D,20260723_210016.csv,2026-07,3,301,0.0009999999999998899,0.9592103241665386,0,0,0,0,21.049999999999898,21.049999999999912,0.003766478342749529,75.55238899984637
D,20260723_215445.csv,2026-07,3,411,0.0009999999999994458,0.9591863712222608,0,0,0,3,25.350000000000183,25.949999999999648,0.0028351559335763467,75.40045275037592
D,20260724_144854.csv,2026-07,3,218,0.0009999999999998899,0.9593655319907325,0,0,0,0,20.1,20.999999999999908,0.0043859649122807015,78.6123685617537
D,20260725_113418.csv,2026-07,3,494,0.0009999999999994458,0.9592126715275576,1,0,0,6,24.99999999999991,24.99999999999991,0.001943364797334814,77.24745256102531
D,20260725_133048.csv,2026-07,3,256,0.0009999999999998899,0.959290754478017,0,0,0,1,24.699999999999882,24.99999999999991,0.0,77.45929075447802
D,20260801_180617.csv,2026-08,3,419,0.0009999999999994458,0.9593678753240263,4,0,0,2,24.299999999999972,24.799999999999887,0.0007692307692307692,78.18351603735282
D,20260802_093339.csv,2026-08,3,296,0.0009999999999998899,0.9593185255950959,1,0,0,1,22.399999999999753,22.999999999999687,0.003913894324853229,77.32664596767773
D,20260802_153306.csv,2026-08,3,270,0.0009999999999998899,0.9592417061611375,0,0,0,4,31.30000000000011,31.300000000000196,0.0,78.23751367116296
D,20260803_193840.csv,2026-08,3,360,0.0009999999999998899,0.9598384834856618,18,0,0,2,23.89999999999961,23.999999999999577,0.0012040939193257074,78.29382465302965
D,20260804_153453.csv,2026-08,3,303,0.0009999999999998899,0.9611237983960912,16,0,0,0,18.399999999999846,18.999999999999908,0.0,78.24913696956821
D,20260804_155949.csv,2026-08,3,251,0.0009999999999998899,0.9592974040632054,0,0,0,0,20.599999999999984,21.399999999999995,0.0,78.40759029345372
D,20260804_191929.csv,2026-08,3,158,0.0009999999999998899,0.9592925750876659,0,0,0,1,21.750000000000057,24.00000000000002,0.0,77.38237536209787
D,20260804_194234.csv,2026-08,3,163,0.0009999999999998899,0.9591799039527151,0,0,0,0,13.850000000000183,14.000000000000234,0.0,76.26357591429627
D,20260808_124714.csv,2026-08,3,257,0.0009999999999998899,0.9613613101330604,7,0,0,1,17.7999999999999,17.999999999999794,0.0,78.45598771750255
D,20260808_201800.csv,2026-08,3,398,0.0009999999999998899,0.9594044125088553,4,0,0,10,25.9999999999998,25.9999999999998,0.0021813649111872857,78.50144216172453
D,20260809_131803.csv,2026-08,3,217,0.0009999999999998899,0.9612020316027088,13,0,0,0,21.09999999999989,21.999999999999797,0.007272727272727273,78.71966704288938
D,20260809_191254.csv,2026-08,3,171,0.0009999999999998899,0.961218836565097,6,0,0,0,20.599999999999937,21.49999999999985,0.0,78.9947116595316
D,20260812_085229.csv,2026-08,3,224,0.0009999999999998899,0.9593450657161952,0,0,0,2,18.95000000000013,19.000000000000128,0.0,96.58030741813322
D,20260812_093511.csv,2026-08,3,203,0.0009999999999998899,0.960243508510374,3,0,0,1,27.84999999999982,30.999999999999694,0.0,95.66480308112808
D,20260813_115220.csv,2026-08,3,350,0.0009999999999998899,0.961415211562357,18,0,0,1,19.999999999999794,21.999999999999797,0.0,96.79922830423125
D,20260814_122308.csv,2026-08,3,340,0.0009999999999994458,0.8466076696165192,0,0,0,2,22.900000000000134,24.00000000000002,0.0,132.39125770984177
D,20260814_182203.csv,2026-08,3,583,0.0009999999999994458,0.8619930209942224,0,0,0,8,21.999999999999797,21.999999999999797,0.001658374792703151,132.4011927235284
D,20260814_213416.csv,2026-08,3,417,0.0009999999999998899,0.8620250047083026,0,0,0,7,22.400000000000176,23.00000000000013,0.0020999580008399833,132.7912555956365
D,20260818_150110.csv,2026-08,3,644,0.0009999999999994458,0.8624001787010666,0,0,0,1,20.299999999999983,20.79999999999994,0.0,134.77148601105714
D,20260821_205225.csv,2026-08,3,428,0.0009999999999998899,0.8931566949116091,0,0,0,4,19.350000000000083,20.000000000000018,0.0005367686527106817,128.44552453868982
D,20260822_141715.csv,2026-08,3,424,0.0009999999999998899,0.8725800396846678,0,0,0,4,22.050000000000217,22.05000000000019,0.0005611672278338945,133.72322625623426
D,20260822_191324.csv,2026-08,3,383,0.0009999999999998899,0.8621734191594093,0,0,0,3,22.649999999999718,22.999999999999687,0.0,135.74185914426354
D,20260822_215052.csv,2026-08,3,955,0.0009999999999994458,0.8619923945929441,0,0,0,5,23.650000000000066,24.00000000000002,0.0,134.58406195353484
D,20260824_081823.csv,2026-08,3,519,0.0009999999999994458,0.8620120491870925,0,0,0,4,24.99999999999991,24.99999999999991,0.0009569377990430622,134.28863580094082
D,20260824_104612.csv,2026-08,3,424,0.0009999999999998899,0.8620400020998478,0,0,0,1,22.499999999999964,22.999999999999687,0.0015228426395939086,134.01958108037167
D,20260824_202635.csv,2026-08,3,924,0.0009999999999994458,0.8941343453978833,0,0,0,1,22.05000000000021,22.050000000000225,0.0,127.66703693418495
D,20260824_212048.csv,2026-08,3,898,0.0009999999999994458,0.8935530443655627,0,0,0,5,22.79999999999978,22.999999999999687,0.0012239902080783353,127.95603608297782
D,20260824_222425.csv,2026-08,3,543,0.0009999999999994458,0.8623005877413937,0,0,0,0,25.449999999999925,26.049999999999933,0.0,133.72040302267
D,20260826_224518.csv,2026-08,3,458,0.0009999999999998899,0.8619761861735237,0,0,0,8,23.100000000000087,23.200000000000042,0.0014547570555717194,132.41361966146619
C,20260516_125903.csv,2026-05,3,181,0.0009999999999998899,0.9575391583317607,0,0,0,0,22.699999999999715,22.999999999999687,0.008928571428571428,50.37308926212493
C,20260517_112115.csv,2026-05,3,179,0.0009999999999998899,0.9574018658686851,0,0,0,0,13.99999999999979,19.000000000000128,0.0,50.308044358387605
C,20260523_124943.csv,2026-05,3,219,0.0009999999999998899,0.9573657474600871,0,0,0,0,22.700000000000117,23.00000000000013,0.0,50.49619013062409
C,20260516_191121.csv,2026-05,3,273,0.0009999999999998899,0.9574417872876023,0,0,0,2,18.649999999999878,18.999999999999684,0.0,50.00082599118943
C,20260516_175004.csv,2026-05,3,143,0.0009999999999998899,0.9573951434878587,0,0,0,0,22.84999999999983,25.9999999999998,0.0051813471502590676,50.36203090507726
C,20260518_073827.csv,2026-05,3,183,0.0009999999999998899,0.9574710627849877,0,0,0,1,15.399999999999945,16.000000000000014,0.004132231404958678,50.10312171168011
C,20260515_191551.csv,2026-05,3,199,0.0009999999999998899,0.9573994595453823,0,0,0,0,20.600000000000204,23.00000000000013,0.0,52.415673183913526
C,20260516_182041.csv,2026-05,3,126,0.0009999999999998899,0.957473420888055,0,0,0,0,12.899999999999912,12.9999999999999,0.015267175572519083,50.484677923702314
C,20260515_075207.csv,2026-05,3,189,0.0009999999999994458,0.9578439049856435,0,0,0,0,19.600000000000016,20.000000000000018,0.0,176.0562516314278
C,20260609_223056.csv,2026-06,3,385,0.0009999999999994458,0.9591961508812037,0,0,0,6,33.99999999999981,33.99999999999981,0.000651890482398957,72.10335202955953
C,20260627_111449.csv,2026-06,3,234,0.0009999999999998899,0.9591982820329277,0,0,0,0,19.000000000000128,19.000000000000128,0.0,75.0276101850905
C,20260619_190927.csv,2026-06,3,381,0.0009999999999998899,0.959194285976477,0,0,0,11,25.9999999999998,25.9999999999998,0.0022492970946579195,74.11042625758989
C,20260622_203803.csv,2026-06,3,250,0.0009999999999998899,0.9592281741133877,0,0,0,1,16.999999999999904,16.999999999999904,0.0020242914979757085,75.09454455689954
C,20260620_165602.csv,2026-06,3,307,0.0009999999999998899,0.9591938358318483,0,0,0,7,18.200000000000124,18.49999999999996,0.0,75.05191844008806
C,20260629_175248.csv,2026-06,3,60,0.0009999999999998899,0.9588785046728971,0,0,0,0,18.000000000000238,18.000000000000238,0.0,75.44018691588785
C,20260621_164617.csv,2026-06,3,411,0.0009999999999994458,0.9591930596069883,0,0,0,11,24.99999999999991,24.99999999999991,0.0026254826254826255,74.07445675799978
C,20260609_153039.csv,2026-06,3,286,0.0009999999999998899,0.9591848494161033,0,0,0,3,27.000000000000135,27.000000000000135,0.0009416195856873823,73.05170559311617
C,20260617_150930.csv,2026-06,3,239,0.0009999999999998899,0.9590865842055185,0,0,0,1,21.999999999999797,21.999999999999797,0.0,73.23273073263559
C,20260617_152114.csv,2026-06,3,289,0.0009999999999998899,0.9591820806992898,0,0,0,0,20.99999999999995,20.999999999999996,0.0,72.93959260126434
C,20260611_203850.csv,2026-06,3,147,0.0009999999999998899,0.9591534873136875,0,0,0,1,16.200000000000234,18.000000000000238,0.0,73.1397201046763
C,20260612_152740.csv,2026-06,3,372,0.0009999999999998899,0.9591934084995664,0,0,0,9,24.99999999999991,24.99999999999991,0.0015944724953494552,72.04244362532523
C,20260621_212214.csv,2026-06,3,156,0.0009999999999998899,0.959291485394655,0,0,0,0,25.74999999999994,27.099999999999977,0.0,74.96892479801119
C,20260625_210502.csv,2026-06,3,179,0.0009999999999998899,0.9590883616663554,0,0,0,0,23.099999999999717,23.19999999999975,0.0,74.35083130954605
C,20260620_192922.csv,2026-06,3,205,0.0009999999999998899,0.9591983679347174,0,0,0,1,16.999999999999904,16.999999999999904,0.0029411764705882353,75.32929317172687
C,20260627_154430.csv,2026-06,3,380,0.0009999999999998899,0.9591951493814483,0,0,0,16,27.000000000000135,27.000000000000135,0.0017974835230677051,75.10798167978746
C,20260627_114435.csv,2026-06,3,394,0.0009999999999998899,0.9591936787903461,0,0,0,15,25.9999999999998,25.9999999999998,0.00309205903021785,75.09609683652815
C,20260627_093529.csv,2026-06,3,187,0.0009999999999998899,0.9592684954280964,0,0,0,0,20.999999999999908,20.999999999999908,0.0,75.36990856192851
C,20260619_122407.csv,2026-06,3,439,0.0009999999999994458,0.9591958090070963,0,0,0,17,29.00000000000036,29.00000000000036,0.0024093482712926155,74.75064869965206
C,20260620_090055.csv,2026-06,3,347,0.0009999999999998899,0.9592050993625797,0,0,0,0,23.00000000000013,23.00000000000013,0.0,75.30592425946756
C,20260624_130757.csv,2026-06,3,251,0.0009999999999998899,0.9591772648767467,0,0,0,1,18.400000000000194,19.000000000000128,0.0,74.94190610770922
C,20260625_212737.csv,2026-06,3,340,0.0009999999999994458,0.9591999203900886,0,0,0,2,27.000000000000068,27.000000000000135,0.004878048780487805,75.05383620260723
C,20260616_160533.csv,2026-06,3,207,0.0009999999999998899,0.9592901878914405,0,0,0,1,19.000000000000128,19.000000000000128,0.0,72.22881002087682
C,20260719_212912.csv,2026-07,3,138,0.0009999999999998899,0.9592408214063473,0,0,0,0,23.049999999999837,24.84999999999989,0.007633587786259542,75.2125077784692
C,20260716_180727.csv,2026-07,3,289,0.0009999999999998899,0.959193137027591,0,0,0,1,20.999999999999908,20.999999999999908,0.0,75.23103279490945
C,20260713_182953.csv,2026-07,3,328,0.0009999999999998899,0.9592011634550459,0,0,0,1,23.00000000000013,23.00000000000013,0.0031887755102040817,74.9122734119358
C,20260705_105038.csv,2026-07,3,201,0.0009999999999998899,0.9592442645074224,0,0,0,0,22.20000000000013,23.00000000000013,0.0,75.14372469635627
C,20260721_122503.csv,2026-07,3,185,0.0009999999999998899,0.9592284085927225,0,0,0,0,15.000000000000124,15.000000000000124,0.0,75.52729066199035
C,20260722_163339.csv,2026-07,3,144,0.0009999999999998899,0.9591533605644262,0,0,0,0,21.950000000000223,22.00000000000024,0.0,74.80579279613814
C,20260717_134302.csv,2026-07,3,239,0.0009999999999998899,0.9591728726420444,0,0,0,2,15.05000000000012,15.050000000000116,0.0,75.20731108002873
C,20260716_094756.csv,2026-07,3,376,0.0009999999999994458,0.9591924849757862,0,0,0,10,27.000000000000135,27.000000000000135,0.0034315127251930227,75.17432755703366
C,20260712_210439.csv,2026-07,3,306,0.0009999999999998899,0.9592092364666158,0,0,0,1,20.999999999999908,20.999999999999908,0.0053404539385847796,75.34593181570635
C,20260718_163414.csv,2026-07,3,325,0.0009999999999998899,0.9591936588707309,0,0,0,3,32.00000000000003,32.00000000000003,0.003001200480192077,75.19233780213328
C,20260718_220312.csv,2026-07,3,178,0.0009999999999998899,0.9591913141145638,0,0,0,0,25.949999999999804,26.99999999999969,0.0,75.3466866342194
C,20260723_211841.csv,2026-07,3,231,0.0009999999999998899,0.95919455927457,0,0,0,0,22.75000000000016,23.00000000000013,0.0,75.56620882784371
C,20260725_140026.csv,2026-07,3,447,0.0009999999999994458,0.9600456421631125,68,0,0,9,28.999999999999915,28.999999999999915,0.0018942153577152848,78.18902492271687
C,20260720_204835.csv,2026-07,3,452,0.0009999999999994458,0.9591887863110822,0,0,0,8,29.999999999999805,29.999999999999805,0.0006138735420503376,74.9951647856096
C,20260718_203313.csv,2026-07,3,300,0.0009999999999998899,0.9591668285103904,0,0,0,1,25.00000000000031,25.000000000000355,0.002380952380952381,75.24844630025248
C,20260714_145846.csv,2026-07,3,243,0.0009999999999998899,0.9592290585618977,0,0,0,0,22.999999999999687,22.999999999999687,0.0,52.58209785025945
C,20260726_200146.csv,2026-07,3,385,0.0009999999999994458,0.9610515295214802,91,0,0,8,29.999999999999805,29.999999999999805,0.0018070928393946238,78.33798157711833
C,20260725_163749.csv,2026-07,3,266,0.0009999999999994458,0.9611660079051383,10,0,0,0,33.00000000000007,33.00000000000034,0.0,78.59239130434783
C,20260721_193330.csv,2026-07,3,128,0.0009999999999998899,0.9591611479028698,0,0,0,0,19.400000000000084,20.999999999999908,0.0,75.54746136865342
C,20260716_224347.csv,2026-07,3,156,0.0009999999999998899,0.9591742055207608,0,0,0,0,20.650000000000187,22.00000000000024,0.002840909090909091,75.25144977963349
C,20260713_203027.csv,2026-07,3,263,0.0009999999999998899,0.9591874422899354,0,0,0,0,20.000000000000018,20.000000000000018,0.004524886877828055,75.21024930747923
C,20260726_103326.csv,2026-07,3,434,0.0009999999999994458,0.9597296634800574,59,0,0,17,27.000000000000135,27.000000000000135,0.0017391304347826088,77.4912981055433
C,20260714_165014.csv,2026-07,3,197,0.0009999999999998899,0.9591380896071475,0,0,0,0,23.00000000000013,23.00000000000013,0.0,75.54789121009065
C,20260720_113826.csv,2026-07,3,440,0.0009999999999994458,0.9591703056768559,0,0,0,0,25.000000000000355,25.000000000000355,0.0015360983102918587,75.25807860262009
C,20260711_160253.csv,2026-07,3,453,0.0009999999999994458,0.9591926889201801,0,0,0,8,27.000000000000135,27.000000000000135,0.0038340099233198015,74.5889174190342
C,20260724_174828.csv,2026-07,3,413,0.0009999999999994458,0.9593946836746821,7,0,0,3,27.99999999999965,27.999999999999737,0.0024390243902439024,78.10185001782672
C,20260720_190055.csv,2026-07,3,284,0.0009999999999998899,0.9592009003939224,0,0,0,1,28.999999999999915,28.999999999999915,0.002955665024630542,75.27309269233861
C,20260721_114246.csv,2026-07,3,399,0.0009999999999994458,0.959174974982395,0,0,0,1,25.000000000000355,25.000000000000355,0.0018181818181818182,75.24635854860828
C,20260722_204810.csv,2026-07,3,80,0.0009999999999998899,0.9591022443890275,0,0,0,0,24.949999999999783,25.9999999999998,0.0,75.92219451371571
C,20260714_113619.csv,2026-07,3,174,0.0009999999999998899,0.9592195121951219,0,0,0,0,27.55,28.000000000000025,0.0,75.14673170731707
C,20260721_194652.csv,2026-07,3,204,0.0009999999999998899,0.9591022443890275,0,0,0,0,23.00000000000013,23.00000000000013,0.0,75.36375727348296
C,20260712_105413.csv,2026-07,3,357,0.0009999999999998899,0.9591950570668497,0,0,0,2,24.00000000000002,24.00000000000002,0.004210526315789474,75.1549815498155
C,20260714_161833.csv,2026-07,3,344,0.0009999999999994458,0.9591793718822454,0,0,0,2,27.000000000000135,27.000000000000135,0.0017211703958691911,75.29122461884353
C,20260724_114905.csv,2026-07,3,196,0.0009999999999998899,0.9595402298850575,0,0,0,1,29.349999999999874,30.999999999999694,0.005681818181818182,78.8422988505747
C,20260713_132033.csv,2026-07,3,389,0.0009999999999994458,0.9591999824845645,0,0,0,11,22.00000000000024,22.00000000000024,0.0013430029546065002,74.98369969785874
C,20260724_165858.csv,2026-07,3,389,0.0009999999999998899,0.9592007210217406,0,0,0,4,26.000000000000245,26.000000000000245,0.003232758620689655,78.31812886065376
C,20260714_123712.csv,2026-07,3,317,0.0009999999999994458,0.9591595146493045,0,0,0,1,25.999999999999513,25.99999999999978,0.004842615012106538,75.50152905198777
C,20260725_125221.csv,2026-07,3,312,0.0009999999999998899,0.9592184368737475,1,0,0,0,24.99999999999991,24.99999999999991,0.0,78.15681362725451
C,20260803_215920.csv,2026-08,3,322,0.0009999999999998899,0.9595255903408484,4,0,0,3,21.000000000000284,21.00000000000035,0.0010559662090813093,78.22929800192328
C,20260816_165356.csv,2026-08,3,295,0.0009999999999998899,0.862184384777705,0,0,0,1,23.60000000000006,24.00000000000002,0.0010559662090813093,133.32798515607945
C,20260804_215437.csv,2026-08,3,381,0.0009999999999994458,0.959190983990521,0,0,0,5,31.00000000000014,31.00000000000014,0.001688048615800135,78.18528009699375
C,20260818_140544.csv,2026-08,3,954,0.0009999999999994458,0.8732661104570815,0,0,0,6,25.9999999999998,25.9999999999998,0.0016155088852988692,131.1702922659569
C,20260820_225027.csv,2026-08,3,599,0.0009999999999994458,0.8710943890070343,0,0,0,1,30.799999999999976,32.00000000000003,0.0,132.0031081302143
C,20260802_163037.csv,2026-08,3,228,0.0009999999999998899,0.9592128557810159,0,0,0,0,22.65000000000017,23.00000000000013,0.0,78.45778292251123
C,20260822_102139.csv,2026-08,3,432,0.0009999999999998899,0.8620894394515964,0,0,0,2,21.999999999999954,22.00000000000022,0.0,135.39826734677354
C,20260819_135903.csv,2026-08,3,1011,0.0009999999999994458,0.8830212630910822,0,0,0,3,22.00000000000024,22.00000000000024,0.001447178002894356,129.2876547127896
C,20260808_130411.csv,2026-08,3,144,0.0009999999999998899,0.9613857016769638,5,0,0,0,17.800000000000082,19.000000000000128,0.0,77.80913503971756
C,20260816_171638.csv,2026-08,3,796,0.0009999999999994458,0.8622142631412619,0,0,0,2,23.00000000000013,23.00000000000013,0.0,136.21131359949436
C,20260806_155444.csv,2026-08,3,396,0.0009999999999994458,0.9592106265715084,0,0,0,7,24.00000000000002,24.00000000000002,0.003740648379052369,78.49980951413406
C,20260809_120000.csv,2026-08,3,218,0.0009999999999998899,0.9592152016066738,0,0,0,1,19.39999999999972,19.799999999999756,0.003816793893129771,76.01884752046965
C,20260820_214927.csv,2026-08,3,447,0.0009999999999998899,0.8619929275409087,0,0,0,4,21.999999999999797,21.999999999999797,0.000779423226812159,134.1042717115082
C,20260821_225137.csv,2026-08,3,456,0.0009999999999998899,0.8620093513025028,0,0,0,5,22.000000000000195,22.00000000000024,0.0007593014426727411,133.54210050685631
C,20260817_181818.csv,2026-08,3,606,0.0009999999999994458,0.8624719101123596,0,0,0,1,18.849999999999703,18.999999999999684,0.004357298474945534,133.978202247191
C,20260819_124907.csv,2026-08,3,492,0.0009999999999998899,0.8619941274096771,0,0,0,6,23.00000000000013,23.00000000000013,0.001850481125092524,133.79211030256607
C,20260817_084821.csv,2026-08,3,525,0.0009999999999994458,0.8620689655172414,0,0,0,0,20.000000000000018,20.000000000000018,0.0012944983818770227,133.13826516974072
C,20260826_203739.csv,2026-08,3,528,0.0009999999999998899,0.8777237415524537,0,0,0,10,21.999999999999797,21.999999999999797,0.0022967386311437757,130.44148297858902
C,20260822_173539.csv,2026-08,3,362,0.0009999999999998899,0.8620611997860541,0,0,0,2,18.000000000000238,18.000000000000238,0.0,134.29397854910903
C,20260829_194121.csv,2026-08,3,590,0.0009999999999994458,0.8623481781376517,0,0,0,1,21.000000000000064,21.00000000000035,0.00392156862745098,133.884008097166
C,20260808_160215.csv,2026-08,3,377,0.0009999999999994458,0.959367602941735,7,0,0,6,24.99999999999991,24.99999999999991,0.0006232471174820816,78.3728180655941
C,20260823_152957.csv,2026-08,3,519,0.0009999999999998899,0.8620416824009638,0,0,0,8,21.000000000000217,21.00000000000035,0.0020855057351407717,134.96504288719856
C,20260814_102213.csv,2026-08,3,300,0.0009999999999994458,0.8470035901684617,0,0,0,1,29.899999999999988,32.00000000000003,0.0,133.71168185584094
C,20260820_105758.csv,2026-08,3,525,0.0009999999999994458,0.8712145766999053,0,0,0,12,21.999999999999797,21.999999999999797,0.0009869719699960521,131.757173635341
C,20260809_124523.csv,2026-08,3,104,0.0009999999999998899,0.9603110753553231,5,0,0,0,15.900000000000025,16.000000000000014,0.006756756756756757,78.9930276213462
C,20260802_132422.csv,2026-08,3,406,0.0009999999999994458,0.9592071827884127,1,0,0,12,24.00000000000002,24.00000000000002,0.0026578073089701,78.25163476198543
C,20260823_161315.csv,2026-08,3,983,0.0009999999999994458,0.8620949307516472,0,0,0,2,23.999999999999975,24.00000000000002,0.0015600624024961,134.07244856797095
C,20260804_200003.csv,2026-08,3,270,0.0009999999999994458,0.959235514696988,0,0,0,0,19.949999999999996,20.000000000000018,0.0,78.44211926938429
C,20260821_193713.csv,2026-08,3,283,0.0009999999999998899,0.8620923205168282,0,0,0,2,16.999999999999904,16.999999999999904,0.0030257186081694403,134.84073147858706
H,20260829_191404.csv,2026-08,3,292,0.0009999999999998899,0.8621515306995041,0,0,0,1,17.900000000000002,19.000000000000128,0.0024813895781637717,133.58568496664955
H,20260829_193046.csv,2026-08,3,401,0.0009999999999998899,0.8627010849233071,0,0,0,0,21.999999999999886,22.000000000000043,0.0,136.90544332211
H,20260830_121043.csv,2026-08,3,443,0.0009999999999998899,0.8624140087554721,0,0,0,2,18.700000000000156,19.000000000000128,0.004545454545454545,134.7506253908693
H,20260830_122801.csv,2026-08,3,533,0.0009999999999998899,0.8620663391599072,0,0,0,2,25.00000000000022,25.000000000000355,0.0011043622308117063,135.42711070490117
H,20260830_125410.csv,2026-08,3,1006,0.0009999999999994458,0.8753591249176088,0,0,0,14,30.700000000000102,31.899999999999675,0.0024220894558372357,133.32681248018838
H,20260830_155318.csv,2026-08,3,441,0.0009999999999998899,0.8989791860002652,0,0,0,14,28.299999999999947,28.699999999999765,0.0023330417031204435,128.2421229395908
H,20260830_165926.csv,2026-08,3,980,0.0009999999999994458,0.8988711407976062,0,0,0,13,28.000000000000025,28.000000000000025,0.0031885213232363493,128.2676167016759
H,20260830_190907.csv,2026-08,3,695,0.0009999999999994458,0.8621770889007662,0,0,0,2,28.600000000000087,29.60000000000017,0.0010351966873706005,134.75905932656335
H,20260830_192834.csv,2026-08,3,482,0.0009999999999994458,0.8621123008093298,0,0,0,2,36.00000000000003,36.00000000000003,0.0007293946024799417,134.05926707887195
H,20260830_200617.csv,2026-08,3,633,0.0009999999999994458,0.8624476231758417,0,0,0,0,25.949999999999804,26.99999999999969,0.0,135.3469874295622
H,20260831_134403.csv,2026-08,3,360,0.0009999999999998899,0.8621277254947524,0,0,0,2,20.699999999999935,20.999999999999908,0.0,133.32508423376322
H,20260901_080956.csv,2026-09,3,225,0.0009999999999998899,0.8622550745042825,0,0,0,1,12.69999999999989,12.9999999999999,0.0,133.28141499472017
H,20260902_074300.csv,2026-09,3,229,0.0009999999999998899,0.8624568169036716,0,0,0,0,13.99999999999979,13.99999999999979,0.0,134.33116413593638
H,20260902_075316.csv,2026-09,3,936,0.0009999999999994458,0.8620307214551101,0,0,0,2,21.450000000000106,21.999999999999797,0.0005359056806002144,131.86352797648755
H,20260902_201704.csv,2026-09,3,646,0.0009999999999994458,0.8631491109827332,0,0,0,0,22.999999999999687,22.999999999999687,0.0,134.1738879260543
H,20260902_203318.csv,2026-09,3,430,0.0009999999999994458,0.8629492777964393,0,0,0,1,13.44999999999985,13.99999999999979,0.0,134.9099764863957
H,20260902_204646.csv,2026-09,3,889,0.0009999999999994458,0.8838664684615244,0,0,0,4,20.000000000000018,20.000000000000018,0.0012642225031605564,129.7201453504377
H,20260902_211511.csv,2026-09,3,701,0.0009999999999994458,0.8620812862885217,0,0,0,4,25.850000000000225,26.000000000000245,0.0017271157167530224,133.59517641804376
H,20260903_074822.csv,2026-09,3,303,0.0009999999999998899,0.8624497991967871,0,0,0,1,18.849999999999763,18.999999999999684,0.0020876826722338203,134.973752151463
H,20260903_080232.csv,2026-09,3,294,0.0009999999999994458,0.8629395852119025,0,0,0,0,24.799999999999933,24.99999999999991,0.0,134.39044183949505
H,20260903_082326.csv,2026-09,3,520,0.0009999999999994458,0.862468039294846,0,0,0,1,17.54999999999984,17.999999999999794,0.0019569471624266144,134.97476786435203
H,20260903_200514.csv,2026-09,3,592,0.0009999999999994458,0.8624693011832999,0,0,0,1,23.599999999999948,23.599999999999763,0.0,133.34516633177049
H,20260903_213855.csv,2026-09,3,943,0.0009999999999994458,0.8620673537591438,0,0,0,1,19.950000000000014,20.000000000000018,0.002033898305084746,133.8418986188039
H,20260904_075123.csv,2026-09,3,333,0.0009999999999998899,0.8627002288329519,0,0,0,0,17.899999999999803,17.999999999999794,0.0,134.71675565725909
H,20260905_104841.csv,2026-09,3,676,0.0009999999999994458,0.8622837370242215,0,0,0,1,21.2999999999999,21.599999999999895,0.0033500837520938024,134.8143598615917
H,20260905_110415.csv,2026-09,3,713,0.0009999999999994458,0.8624053394942882,0,0,0,2,19.000000000000128,19.000000000000128,0.0018656716417910447,133.96053138236428
H,20260905_122311.csv,2026-09,3,632,0.0009999999999994458,0.8622525370154716,0,0,0,1,17.849999999999877,17.999999999999794,0.00322061191626409,134.49359507569457
H,20260905_123511.csv,2026-09,3,247,0.0009999999999994458,0.8631762652705062,0,0,0,0,22.999999999999687,22.999999999999687,0.0,135.85602094240838
H,20260905_162310.csv,2026-09,3,633,0.0009999999999994458,0.8624813153961136,0,0,0,0,21.24999999999988,20.999999999999908,0.0,134.30176734370878
H,20260905_163145.csv,2026-09,3,566,0.0009999999999994458,0.8625579492773384,0,0,0,1,21.14999999999989,21.349999999999863,0.0026455026455026454,134.5996727570221
H,20260905_164824.csv,2026-09,3,883,0.0009999999999994458,0.8620511686205118,0,0,0,4,22.999999999999865,23.00000000000013,0.0005344735435595938,133.968701614687
H,20260905_172322.csv,2026-09,3,887,0.0009999999999994458,0.8620857304918564,0,0,0,2,24.00000000000002,24.00000000000002,0.003134796238244514,134.27793533749292
H,20260905_183226.csv,2026-09,3,608,0.0009999999999994458,0.8640255591054312,0,0,0,1,23.40000000000008,24.00000000000002,0.0,132.53597444089456
H,20260906_121520.csv,2026-09,3,404,0.0009999999999998899,0.8625056535504297,0,0,0,0,20.000000000000018,20.000000000000018,0.0,135.12735026167863
H,20260906_122920.csv,2026-09,3,487,0.0009999999999994458,0.8734718826405867,0,0,0,1,53.49999999999988,64.99999999999994,0.0,132.78346577017115
H,20260906_130754.csv,2026-09,3,430,0.0009999999999994458,0.9511539585159218,0,0,0,1,16.000000000000014,16.000000000000014,0.0,118.31218229623137
H,20260906_131945.csv,2026-09,3,566,0.0009999999999994458,0.9510383507654995,0,0,0,0,21.099999999999895,21.199999999999882,0.0,118.16155070486585
H,20260906_195140.csv,2026-09,3,644,0.0009999999999994458,0.9510484884567044,0,0,0,1,16.94999999999991,16.999999999999904,0.0,117.68247668188133
H,20260906_201552.csv,2026-09,3,903,0.0009999999999994458,0.95101672989433,0,0,0,1,22.799999999999795,22.999999999999687,0.0,117.84764313434788
H,20260907_074534.csv,2026-09,3,413,0.0009999999999994458,0.9510466988727858,0,0,0,0,20.60000000000039,21.60000000000028,0.002631578947368421,119.05400966183575
H,20260907_081855.csv,2026-09,3,394,0.0009999999999994458,0.951035781544256,0,0,0,0,21.500000000000185,22.00000000000024,0.0,118.09322033898304
H,20260907_171659.csv,2026-09,3,450,0.0009999999999994458,0.9510049551806693,0,0,0,0,17.99999999999986,17.99999999999995,0.0,117.95306497411057
H,20260907_172745.csv,2026-09,3,211,0.0009999999999994458,0.9514535704205476,0,0,0,0,22.99999999999995,24.99999999999991,0.0,119.30948348856901
H,20260907_174600.csv,2026-09,3,430,0.0009999999999994458,0.9510305284363861,0,0,0,0,17.649999999999988,17.999999999999794,0.004219409282700422,118.09840384317371
H,20260908_074435.csv,2026-09,3,391,0.0009999999999994458,0.9510433105383131,0,0,0,1,26.400000000000126,27.000000000000135,0.0,119.3242503945292
H,20260908_085530.csv,2026-09,3,717,0.0009999999999994458,0.9509970490923724,0,0,0,1,28.999999999999915,28.999999999999915,0.0012165450121654502,118.49275686309576
H,20260908_123156.csv,2026-09,3,464,0.0009999999999994458,0.9510183036865172,0,0,0,1,20.749999999999993,21.74999999999995,0.0035087719298245615,117.93683939159577
H,20260909_073950.csv,2026-09,3,337,0.0009999999999998899,0.9510753421543218,0,0,0,0,23.250000000000103,24.00000000000002,0.0,119.0602919110626
H,20260909_133503.csv,2026-09,3,461,0.0009999999999994458,0.9511319553007933,0,0,0,0,22.300000000000207,22.80000000000015,0.004739336492890996,117.98940420357825
H,20260909_140527.csv,2026-09,3,225,0.0009999999999994458,0.951338199513382,0,0,0,0,17.65000000000012,18.000000000000238,0.0,119.17135905457073
H,20260909_143711.csv,2026-09,3,509,0.0009999999999994458,0.9510796221322537,0,0,0,0,18.10000000000023,18.10000000000022,0.0034482758620689655,117.86943319838056
H,20260909_154548.csv,2026-09,3,598,0.0009999999999994458,0.9510831586303284,0,0,0,0,20.599999999999945,20.999999999999908,0.0,118.24272070812951
H,20260910_075908.csv,2026-09,3,304,0.0009999999999994458,0.9512135626295889,0,0,0,0,14.99999999999968,14.99999999999968,0.0,118.30772045371387
H,20260910_081613.csv,2026-09,3,451,0.0009999999999994458,0.9511837418814163,0,0,0,0,18.999999999999726,18.999999999999773,0.0,118.03142677561283
H,2026-09-11_19-37-40.csv,2026-09,3,610,0.0009999999999994458,0.9509927293064876,0,0,0,2,19.50000000000007,20.29999999999997,0.0,118.28743708053692
H,2026-09-12_13-25-13.csv,2026-09,3,230,0.0009999999999998899,0.9512118350645262,0,0,0,1,16.000000000000014,16.000000000000014,0.012903225806451613,119.41406987724268
H,2026-09-12_14-15-41.csv,2026-09,3,585,0.0009999999999994458,0.9510166358595193,0,0,0,0,22.00000000000024,22.00000000000024,0.0,117.9630314232902
H,2026-09-12_14-48-27.csv,2026-09,3,252,0.0009999999999998899,0.9510740459944403,0,0,0,0,24.899999999999878,24.99999999999991,0.0,119.24003032600454
H,2026-09-12_15-01-43.csv,2026-09,3,406,0.0009999999999994458,0.9510071288455099,0,0,0,0,24.099999999999874,24.99999999999991,0.0,119.46806372900818
H,2026-09-13_11-48-59.csv,2026-09,3,320,0.0009999999999998899,0.9510739856801909,0,0,0,1,22.20000000000022,22.500000000000185,0.0,119.28729116945108
H,2026-09-13_12-01-09.csv,2026-09,3,324,0.0009999999999994458,0.9511558538404176,0,0,0,0,20.34999999999998,20.94999999999991,0.0,119.07438478747204
H,2026-09-13_12-08-25.csv,2026-09,3,234,0.0009999999999994458,0.9510398098633392,0,0,0,1,18.749999999999687,18.999999999999684,0.0,119.37254901960785
H,2026-09-13_12-22-44.csv,2026-09,3,518,0.0009999999999994458,0.9511256172064608,0,0,0,0,18.000000000000238,18.000000000000238,0.010273972602739725,118.89919658548833
H,2026-09-13_13-46-17.csv,2026-09,3,841,0.0009999999999994458,0.9510000743549707,0,0,0,5,28.999999999999915,28.999999999999915,0.0020232675771370764,119.13352293850843
H,2026-09-13_17-11-06.csv,2026-09,3,357,0.0009999999999998899,0.9510262873604609,0,0,0,0,22.999999999999776,22.999999999999908,0.002178649237472767,118.63617812987637
H,2026-09-13_19-00-19.csv,2026-09,3,320,0.0009999999999994458,0.9509880058676331,0,0,0,0,21.050000000000058,22.85000000000011,0.0,118.99792907067047
H,2026-09-13_19-10-18.csv,2026-09,3,339,0.0009999999999998899,0.9510440930080503,0,0,0,0,20.000000000000018,20.000000000000018,0.0,119.06797842344
H,2026-09-13_19-45-44.csv,2026-09,3,935,0.0009999999999994458,0.9510080413361197,0,0,0,3,24.99999999999991,24.99999999999991,0.0011043622308117063,119.20512508369347
H,2026-09-13_20-30-29.csv,2026-09,3,1040,0.0009999999999994458,0.9510059471086928,0,0,0,6,26.550000000000168,27.000000000000135,0.0013774104683195593,118.13248133620144
H,2026-09-14_07-36-58.csv,2026-09,3,640,0.0009999999999994458,0.9510204081632653,0,0,0,1,20.549999999999955,20.999999999999908,0.0,118.4369553226696
H,2026-09-14_16-56-10.csv,2026-09,3,281,0.0009999999999998899,0.9510819230445399,0,0,0,1,21.69999999999983,21.999999999999797,0.0,118.47499368527406
H,2026-09-14_17-08-07.csv,2026-09,3,696,0.0009999999999994458,0.9509949153220963,0,0,0,2,20.449999999999964,20.999999999999908,0.0,118.27525323297434
H,2026-09-14_18-49-32.csv,2026-09,3,618,0.0009999999999994458,0.9510123456790124,0,0,0,0,26.899999999999693,26.99999999999969,0.002688172043010753,117.824
H,2026-09-15_07-49-33.csv,2026-09,3,390,0.0009999999999994458,0.9510663160969909,0,0,0,1,19.049999999999834,20.849999999999888,0.0,119.11262050832603
H,2026-09-15_08-06-11.csv,2026-09,3,313,0.0009999999999998899,0.9510252147409255,0,0,0,0,30.6,32.999999999999915,0.0014144271570014145,118.43682460515379
H,2026-09-15_14-44-40.csv,2026-09,3,258,0.0009999999999998899,0.9511627906976744,0,0,0,0,19.150000000000045,19.349999999999927,0.003968253968253968,119.06220930232558
H,2026-09-16_07-35-39.csv,2026-09,3,356,0.0009999999999994458,0.9509975019676283,0,0,0,0,23.800000000000484,25.000000000000355,0.0,119.3220408582281
H,2026-09-16_07-49-37.csv,2026-09,3,618,0.0009999999999994458,0.9510658914728682,0,0,0,0,24.7000000000001,25.900000000000226,0.0019801980198019802,118.52841569767442
H,2026-09-16_14-40-56.csv,2026-09,3,489,0.0009999999999994458,0.9510696572655267,0,0,0,0,19.00000000000008,19.000000000000128,0.0,118.89151676660005
H,2026-09-16_18-07-46.csv,2026-09,3,323,0.0009999999999994458,0.951174573929065,0,0,0,1,16.000000000000014,16.000000000000014,0.0,118.44380469829572
H,2026-09-16_18-17-21.csv,2026-09,3,364,0.0009999999999994458,0.9510620220900594,0,0,0,1,19.2499999999999,22.24999999999986,0.0,118.19167374681393
H,2026-09-16_19-29-42.csv,2026-09,3,816,0.0009999999999994458,0.9510306958322081,0,0,0,3,24.99999999999991,24.99999999999991,0.0010504201680672268,118.61517688360789
H,2026-09-17_07-42-09.csv,2026-09,3,356,0.0009999999999994458,0.9510593852581319,0,0,0,0,21.649999999999835,21.999999999999797,0.0,119.3341539838854
H,2026-09-17_08-17-51.csv,2026-09,3,445,0.0009999999999994458,0.9511649399289849,0,0,0,0,23.250000000000103,24.00000000000002,0.00398406374501992,118.14650518021304
H,2026-09-17_18-50-09.csv,2026-09,3,202,0.0009999999999994458,0.9513487475915222,0,0,0,0,14.750000000000107,15.000000000000124,0.0,120.54949421965318
H,2026-09-17_19-54-00.csv,2026-09,3,814,0.0009999999999994458,0.9509954058192956,0,0,0,2,20.000000000000018,20.000000000000018,0.0006720430107526882,118.63990021241911
H,2026-09-18_07-43-41.csv,2026-09,3,273,0.0009999999999998899,0.9510475969172378,0,0,0,1,20.000000000000018,20.000000000000018,0.0,119.2169164633438
H,2026-09-19_09-36-29.csv,2026-09,3,306,0.0009999999999998899,0.9510636355336438,0,0,0,1,19.000000000000128,19.000000000000128,0.0,118.94015338263489
H,2026-09-19_12-04-29.csv,2026-09,3,225,0.0009999999999998899,0.9512785595400212,0,0,0,1,18.199999999999946,20.000000000000018,0.0,119.88878801634135
H,2026-09-19_12-17-53.csv,2026-09,3,549,0.0009999999999994458,0.9510218012713852,0,0,0,1,23.00000000000013,23.00000000000013,0.0,119.34391398950467
H,2026-09-19_12-56-56.csv,2026-09,3,392,0.0009999999999994458,0.9510688449971552,0,0,0,1,21.600000000000012,21.999999999999797,0.0033222591362126247,119.59278224823214
H,2026-09-19_15-44-41.csv,2026-09,3,743,0.0009999999999994458,0.9510471301566046,0,0,0,1,19.10000000000011,19.200000000000095,0.00303951367781155,118.93427072871332
H,2026-09-19_17-22-21.csv,2026-09,3,413,0.0009999999999994458,0.9510674525212836,0,0,0,1,25.399999999999853,30.49999999999997,0.0,117.73917485265225
H,2026-09-20_06-44-20.csv,2026-09,3,458,0.0009999999999994458,0.9510028882267658,0,0,0,1,22.000000000000085,22.00000000000024,0.0,118.62389122915168
H,2026-09-20_10-38-25.csv,2026-09,3,255,0.0009999999999998899,0.9510755758614126,0,0,0,0,22.99999999999986,24.499999999999964,0.0,119.20017133066818
H,2026-09-20_11-23-27.csv,2026-09,3,236,0.0009999999999998899,0.9510141599693839,0,0,0,1,22.050000000000214,22.05000000000021,0.0,119.22994915532229
H,2026-09-20_18-02-44.csv,2026-09,3,273,0.0009999999999998899,0.9510628785107507,0,0,0,1,22.85000000000008,23.00000000000013,0.0,119.14717717351543
H,2026-09-20_19-27-18.csv,2026-09,3,385,0.0009999999999994458,0.9510957324106113,0,0,0,1,14.200000000000124,14.499999999999957,0.0,119.04221453287197
H,2026-09-20_20-25-25.csv,2026-09,3,444,0.0009999999999994458,0.9510922725790675,0,0,0,0,18.00000000000008,18.000000000000238,0.0,119.86452559504401
H,2026-09-20_20-52-42.csv,2026-09,3,174,0.0009999999999994458,0.9510848126232742,0,0,0,0,12.949999999999905,12.9999999999999,0.0,119.66074950690336
H,2026-09-20_20-59-21.csv,2026-09,3,441,0.0009999999999994458,0.9511178204298756,0,0,0,1,20.399999999999878,24.00000000000002,0.0029411764705882353,119.10825965063619
H,2026-09-21_07-36-37.csv,2026-09,3,305,0.0009999999999998899,0.9511054421768708,0,0,0,1,18.39999999999975,18.999999999999684,0.0,119.24564200680273
H,2026-09-21_07-50-20.csv,2026-09,3,583,0.0009999999999994458,0.9510772112939917,0,0,0,1,21.350000000000065,23.00000000000013,0.0,118.49160979526295
H,2026-09-21_20-35-24.csv,2026-09,3,341,0.0009999999999998899,0.9510703363914373,0,0,0,1,22.700000000000163,23.00000000000013,0.0027472527472527475,118.84726282891421
H,2026-09-21_20-55-26.csv,2026-09,3,954,0.0009999999999994458,0.951031126901985,0,0,0,2,24.00000000000002,24.00000000000002,0.002103049421661409,117.82505599752838
H,2026-09-22_07-45-42.csv,2026-09,3,366,0.0009999999999994458,0.9510424229851675,0,0,0,0,20.649999999999945,20.999999999999908,0.0,119.58759464785811
H,2026-09-22_11-55-57.csv,2026-09,3,826,0.0009999999999994458,0.950997968208438,0,0,0,0,20.899999999999874,20.999999999999908,0.0,118.6660690809131
H,2026-09-22_16-13-42.csv,2026-09,3,383,0.0009999999999994458,0.9511737089201878,0,0,0,0,17.750000000000156,18.000000000000238,0.00641025641025641,118.72300469483568
H,2026-09-22_21-59-14.csv,2026-09,3,339,0.0009999999999994458,0.9511373209772537,0,0,0,0,18.000000000000217,18.000000000000238,0.007662835249042145,118.66821117663578
