file,date,km,Eg,Egt,Et,ceo,cd,fail
20260515_075207.csv,2026-05-15,1.5,0.0,0.0,0.17570291666666668,0.1732,0.0906,False
20260603_122008.csv,2026-06-03,2.3,0.0,0.0,0.2723529166666666,0.2302,0.1949,False
20260812_085229.csv,2026-08-12,2.3,0.4342675953461056,0.13034094788927747,0.488005125537123,0.2275,0.1512,False
20260812_093511.csv,2026-08-12,2.5,0.3911210338885194,0.20966579810901034,0.49807303757303595,0.13,0.1593,False
20260813_115220.csv,2026-08-13,4.5,0.909650494131922,0.2721838803838361,0.6737646624070762,0.5455,0.1571,False
20260814_101007.csv,2026-08-14,0.7,0.3234479436738461,0.11877853091607976,0.18164455719600658,0.1938,0.0037,False
20260814_102213.csv,2026-08-14,0.8,0.0,0.0,0.1358240993699084,0.0,0.0,False
20260814_121438.csv,2026-08-14,2.6,0.5046594598277641,0.26426295741723377,0.6041312534572202,0.1598,0.1874,False
20260814_122308.csv,2026-08-14,2.7,0.3594225313068035,0.16986765516631094,0.4921825954735348,0.0942,0.2303,False
20260814_182203.csv,2026-08-14,34.1,5.380094714152488,3.9073250228255847,6.104186367987463,1.2029,0.4545,False
20260814_213416.csv,2026-08-14,34.2,5.14657113702555,3.470533198877048,5.910848900877121,1.4573,0.3508,False
20260816_165356.csv,2026-08-16,3.3,0.9176099288680939,0.32918621416578825,0.9313110869949156,0.3505,0.3272,False
20260816_171638.csv,2026-08-16,10.8,2.2173649977338816,1.398914346871805,2.2950957464817825,0.5142,0.4936,False
20260816_173527.csv,2026-08-16,0.8,0.24967500693878994,0.09419298414594732,0.21640519233468006,0.0817,0.119,False
20260816_174235.csv,2026-08-16,1.1,0.2701262170120848,0.06460137712157085,0.24481472389920617,0.1311,0.1301,False
20260817_084821.csv,2026-08-17,10.9,1.4402365704564766,0.6849679529348034,1.960362459381999,0.6594,0.1712,False
20260817_175652.csv,2026-08-17,1.4,0.41505060395768134,0.15206649131201005,0.43843571432023654,0.1477,0.1831,False
20260817_181818.csv,2026-08-17,1.8,0.385828649309931,0.12866746398722526,0.5117595861198102,0.1589,0.1456,False
20260817_183543.csv,2026-08-17,38.3,5.521131579362918,2.716864171238346,6.994709918220202,2.1668,0.8983,False
20260818_092516.csv,2026-08-18,9.1,0.9229855434625472,0.3340136520910622,1.1906141088104003,0.4523,0.2533,False
20260818_111200.csv,2026-08-18,20.8,3.5464593472035832,1.7810216533909158,3.922183807816068,1.5373,0.2794,False
20260818_124141.csv,2026-08-18,2.1,0.4366319665554558,0.2402882719643866,0.5768962754566243,0.1011,0.1511,False
20260818_140544.csv,2026-08-18,9.5,2.0116408474667353,1.0271413250646555,2.5482732206527574,0.6077,0.5819,False
20260818_150110.csv,2026-08-18,3.0,0.7335981488663189,0.28896338829856977,0.804227703417646,0.2027,0.3282,False
20260819_123747.csv,2026-08-19,0.6,0.375837667887379,0.12666563248099041,0.2693768475177305,0.149,0.1165,False
20260819_124907.csv,2026-08-19,18.8,2.48882618638985,1.1506495915710662,3.613343933582876,0.968,0.6783,False
20260819_135903.csv,2026-08-19,14.7,3.0903340067935336,1.333480074418115,3.678063057590235,1.2227,0.7086,False
20260820_105758.csv,2026-08-20,44.6,5.932846534541721,2.9506903066410333,6.708249326040744,2.529,0.6782,False
20260820_201853.csv,2026-08-20,25.2,3.6851120191584714,2.1643059843881693,4.624954043445926,1.181,0.5938,False
20260820_214927.csv,2026-08-20,23.1,3.6168099148605095,2.0521876982321268,3.9867325273862684,1.2244,0.4327,False
20260820_225027.csv,2026-08-20,3.6,0.4696529528465335,0.19650040965681959,0.5957110093715038,0.212,0.103,False
20260821_081939.csv,2026-08-21,25.1,4.147500281202771,2.1432222295027676,4.8817946042243054,1.523,0.6413,False
20260821_193713.csv,2026-08-21,2.5,0.8131813045510182,0.31704540215433696,0.794858545491367,0.3362,0.2065,False
20260821_205225.csv,2026-08-21,9.2,1.6236187441709475,0.8010642848131123,2.1095478359294773,0.5593,0.3808,False
20260821_225137.csv,2026-08-21,27.3,3.701146037893861,2.068183728498884,4.166286292257519,1.3857,0.3186,False
20260822_102139.csv,2026-08-22,14.3,1.9163452953115823,1.018780016346528,2.0832003970686888,0.6947,0.2909,False
20260822_110317.csv,2026-08-22,24.0,3.5723038853299927,1.531439759332119,4.411881794912401,1.5193,0.8033,False
20260822_141715.csv,2026-08-22,12.7,2.6773465830044234,1.4409470625442449,2.8415535358611437,0.9239,0.3733,False
20260822_173539.csv,2026-08-22,5.7,1.4257065194495058,0.6964470078070663,1.5175765053624521,0.4577,0.3704,False
20260822_191324.csv,2026-08-22,6.9,1.3451934912110173,0.5408425911261152,1.4123635956311889,0.6021,0.2558,False
20260822_205359.csv,2026-08-22,3.9,0.9189843182841947,0.34992377630354343,0.8053996263077812,0.3791,0.2629,False
20260822_215052.csv,2026-08-22,26.0,3.473091308298467,1.7795968436701388,3.8671360682129334,1.3416,0.4867,False
20260823_152957.csv,2026-08-23,17.5,2.4356948264879015,1.5017502076884488,3.0456061199243187,0.7868,0.3129,False
20260823_161315.csv,2026-08-23,9.1,1.6537028312218818,0.8591686022720437,2.138316384952291,0.509,0.4768,False
20260823_210116.csv,2026-08-23,27.8,3.453768170265236,1.6524885282401132,4.19807138389935,1.6009,0.3037,False
20260824_081823.csv,2026-08-24,19.6,2.198516953090381,1.0565111676625731,2.651720554555645,1.0153,0.2181,False
20260824_104612.csv,2026-08-24,9.6,1.685180012601681,0.7737918983311413,2.2805427343109836,0.579,0.5266,False
20260824_133602.csv,2026-08-24,5.4,0.5005106946785335,0.15821801815799963,0.7589202697833328,0.2427,0.1692,False
20260824_174511.csv,2026-08-24,12.0,1.5974092719817754,0.7325717906064814,2.0832864091201846,0.6752,0.3563,False
20260824_202635.csv,2026-08-24,13.5,2.0382417869331615,0.9417483404651908,2.2693093161192155,0.9197,0.275,False
20260824_212048.csv,2026-08-24,27.7,3.712756128225084,2.1957772624113825,4.427133200690793,1.2919,0.3078,False
20260824_222425.csv,2026-08-24,2.4,0.4154363786976059,0.1946747403834237,0.43555970056767307,0.2112,0.0235,False
20260825_102604.csv,2026-08-25,19.5,2.3226071609545276,1.257866123918003,2.8648442396591456,0.9385,0.1851,False
20260825_123247.csv,2026-08-25,7.7,2.0934643650639564,0.9723087967478872,2.175891165073178,0.6857,0.6272,False
20260825_183427.csv,2026-08-25,26.8,4.275363853200885,2.2669841484086404,5.329426061902482,1.5262,0.7763,False
20260826_203739.csv,2026-08-26,32.1,4.708903366537487,2.3954344156901155,5.637253650351553,1.936,0.5837,False
20260826_224518.csv,2026-08-26,30.9,4.391888731909698,2.655432535301268,5.320271808001569,1.3995,0.4907,False
20260828_202030.csv,2026-08-28,43.8,5.43204321965673,2.530591156929253,6.001636098261394,2.6368,0.3155,False
20260829_100447.csv,2026-08-29,44.7,5.435389670882417,2.8198835795320414,6.2320331242374465,2.2852,0.5307,False
20260829_191404.csv,2026-08-29,1.5,0.4757967400602274,0.18181453710611994,0.487947425547095,0.24,0.0781,False
20260829_193046.csv,2026-08-29,3.3,0.7826166818002342,0.3101223381642175,0.6723251198227965,0.3777,0.199,False
20260829_194121.csv,2026-08-29,1.8,0.34812511845347566,0.13468097748617522,0.5860928756371393,0.0752,0.2365,False
20260830_121043.csv,2026-08-30,3.9,0.6030925711781084,0.22056782738755557,0.6910625293815263,0.2915,0.2023,False
20260830_122801.csv,2026-08-30,19.4,2.608332458102797,1.5078413845524583,3.01032048764745,0.9717,0.1929,False
20260830_125410.csv,2026-08-30,118.0,20.10961968079705,16.794830252539537,21.123226314512046,2.7894,0.7027,False
20260830_155318.csv,2026-08-30,82.6,14.721064086891014,12.285864801536471,15.159115037667858,2.0353,0.5868,False
20260830_165926.csv,2026-08-30,101.0,16.973193526739884,13.626673583110884,19.49136897405403,2.7533,0.8226,False
20260830_190907.csv,2026-08-30,5.0,0.9050047152176974,0.4729891185506531,1.0117858335167078,0.3205,0.1441,False
20260830_192834.csv,2026-08-30,10.6,2.0887508591823973,1.4858426632955606,2.445287661213185,0.4842,0.1828,False
20260830_200617.csv,2026-08-30,1.7,0.3271029243069722,0.0972311024813883,0.36223688470089044,0.1272,0.1758,False
20260831_134403.csv,2026-08-31,2.5,0.5449177291376441,0.18253579459429045,0.8083899531797083,0.2205,0.222,False
20260831_201658.csv,2026-08-31,2.6,0.3261747318575694,0.11559340282145494,0.5758705710808272,0.1435,0.1192,False
20260831_203855.csv,2026-08-31,16.7,2.274817274158844,0.8145045590167528,2.786768841170011,1.2089,0.3452,False
20260901_074917.csv,2026-09-01,1.2,0.36088264359841077,0.10432900845701405,0.30718160590315013,0.2303,0.0202,False
20260901_080956.csv,2026-09-01,1.3,0.2996835309046885,0.07190577050791531,0.24482222965533573,0.1751,0.0829,False
20260901_111543.csv,2026-09-01,2.3,0.5839896851840913,0.18133622289842785,0.6100798636096086,0.2615,0.2112,False
20260901_112814.csv,2026-09-01,2.0,0.3713949258904296,0.1090177822545386,0.41958854684188857,0.1787,0.1567,False
20260902_074300.csv,2026-09-02,1.2,0.2040913391590136,0.0888729149365309,0.32440813027548404,0.0846,0.0302,False
20260902_075316.csv,2026-09-02,4.7,0.809553213113682,0.16178510473910374,0.8935986536357999,0.5406,0.1902,False
20260902_201704.csv,2026-09-02,2.4,0.5027703657901896,0.16579416509786268,0.4553534334100927,0.2389,0.1565,False
20260902_203318.csv,2026-09-02,0.9,0.18037849550411916,0.04854298960546821,0.18754666520193033,0.0627,0.0966,False
20260902_204646.csv,2026-09-02,12.2,1.4751330022829496,0.6850673909016277,1.8763838557510057,0.7008,0.1409,False
20260902_211511.csv,2026-09-02,4.7,0.8017813672429449,0.22816395890884716,0.8449811490881248,0.4476,0.1918,False
20260903_074822.csv,2026-09-03,1.2,0.5081789731858397,0.13329271945020457,0.2905211555899357,0.3116,0.0823,False
20260903_080232.csv,2026-09-03,0.6,0.0,0.0,0.1337408812160363,0.0,0.0,False
20260903_082326.csv,2026-09-03,1.5,0.2783526600991271,0.054270974004282074,0.23119969212903468,0.18,0.0645,False
20260903_200514.csv,2026-09-03,1.8,0.37556093412679625,0.08942617956246028,0.29498947967372924,0.2214,0.112,False
20260903_213855.csv,2026-09-03,11.0,1.4955390139034317,0.8533551300886764,1.9935098097914754,0.5164,0.2031,False
20260904_075123.csv,2026-09-04,1.2,0.4489950850290816,0.13269596989828752,0.29870341091541674,0.2103,0.1337,False
20260904_080352.csv,2026-09-04,1.1,0.09081232774183672,0.04920415463265183,0.23421964301649376,0.0346,0.004,False
20260904_203411.csv,2026-09-04,18.3,2.6308710083443767,1.2801299035285933,3.5034628421278913,1.1062,0.4063,False
20260905_103157.csv,2026-09-05,2.1,0.510535790179972,0.15913831501060383,0.40995935812637074,0.2756,0.1267,False
20260905_104841.csv,2026-09-05,2.8,0.38646277178478006,0.1287854364182116,0.5688263002486826,0.1326,0.2199,False
20260905_110415.csv,2026-09-05,2.5,0.45659919174063657,0.19222963559540762,0.6373065935223009,0.1205,0.244,False
20260905_122311.csv,2026-09-05,2.7,0.31576821741144845,0.08494609411525132,0.5021969078680324,0.1299,0.1913,False
20260905_123511.csv,2026-09-05,0.4,0.07087184190136053,0.008923045969553045,0.06961402083865639,0.0485,0.0127,False
20260905_124450.csv,2026-09-05,2.2,0.479657423346673,0.1727602575098541,0.438376490328253,0.1933,0.1575,False
20260905_162310.csv,2026-09-05,1.9,0.4726151384467979,0.1475696075834231,0.37391535962851485,0.2496,0.1701,False
20260905_163145.csv,2026-09-05,1.9,0.32115299746083475,0.08148003917562903,0.3680874939345858,0.159,0.1488,False
20260905_164824.csv,2026-09-05,7.2,1.1878307111005932,0.56770001311335,1.5190465953118364,0.4787,0.2137,False
20260905_172322.csv,2026-09-05,10.6,1.9562048098390732,1.4436294272841055,2.4081850841923087,0.4347,0.1442,False
20260905_175245.csv,2026-09-05,1.4,0.33894460618377975,0.07473937116639522,0.2722905934909756,0.1366,0.2009,False
20260905_183226.csv,2026-09-05,3.4,0.35539770028771916,0.1267665432337138,0.665833458328828,0.1675,0.1119,False
20260906_121520.csv,2026-09-06,2.5,0.4893285594933043,0.17026168188538648,0.5804347259771021,0.186,0.2133,False
20260906_122920.csv,2026-09-06,0.44,0.26520377073203144,0.054280421671645956,0.2098336138608972,0.1466,0.0507,False
20260906_130754.csv,2026-09-06,1.5,0.247661758707372,0.07279156192532846,0.30815487614977605,0.128,0.0757,False
20260906_131945.csv,2026-09-06,1.9,0.41108113255611173,0.11303601944738419,0.33165152766198086,0.2611,0.0759,False
20260906_134827.csv,2026-09-06,1.2,0.216549337934624,0.07696751676368663,0.28820022459553685,0.0938,0.0917,False
20260906_195140.csv,2026-09-06,2.5,0.6256457777354735,0.17396222101067396,0.47853870689625017,0.3656,0.1173,False
20260906_201552.csv,2026-09-06,7.9,0.9471956403137353,0.22382246947271944,1.2850398760179784,0.6486,0.1675,False
20260907_074534.csv,2026-09-07,2.4,0.7955289686501779,0.22918426278312504,0.4534587633966427,0.4097,0.2406,False
20260907_080214.csv,2026-09-07,0.6,0.0,0.0,0.1490202851347905,0.0,0.0,False
20260907_081855.csv,2026-09-07,1.5,0.035350838398129254,0.024943956693589626,0.26825423095989004,0.0109,0.0,False
20260907_082522.csv,2026-09-07,0.6,0.0,0.0,0.10309141267614835,0.0,0.0,False
20260907_165532.csv,2026-09-07,2.5,0.46498664063179773,0.16379933256370569,0.47855454653059787,0.2293,0.1217,False
20260907_171659.csv,2026-09-07,1.3,0.24001414338258217,0.07981068186126555,0.2772913033286021,0.0987,0.1015,False
20260907_172745.csv,2026-09-07,0.7,0.0,0.0,0.13877341808770352,0.0,0.0,False
20260907_174600.csv,2026-09-07,2.0,0.32139463260424006,0.0940489178560339,0.3671982864954764,0.1036,0.1964,False
20260908_074435.csv,2026-09-08,2.4,0.9020414955458768,0.2908726747729598,0.4709560594095459,0.4735,0.2129,False
20260908_075934.csv,2026-09-08,2.4,0.23694240706743194,0.10481727465473749,0.5111882523143753,0.0765,0.115,False
20260908_085530.csv,2026-09-08,4.1,0.50302277843055,0.11509528754589475,0.8156785974587453,0.3204,0.095,False
20260908_123156.csv,2026-09-08,2.4,0.3166381513119898,0.11605089448445395,0.49771265717304725,0.171,0.0648,False
20260908_124726.csv,2026-09-08,2.5,0.605667628087066,0.14101802309554506,0.5154162187126909,0.3981,0.0934,False
20260909_073950.csv,2026-09-09,2.4,0.6674665760197278,0.22674314426356165,0.43033679275421655,0.2776,0.2618,False
20260909_075611.csv,2026-09-09,2.5,0.30212754291486676,0.09230495146642587,0.4592068250832641,0.1901,0.0417,False
20260909_133503.csv,2026-09-09,1.6,0.3645569247924602,0.14129344891048948,0.44662654811640323,0.1448,0.1296,False
20260909_140527.csv,2026-09-09,0.4,0.07859744493316324,0.03527859282147064,0.19604219448560334,0.0264,0.0121,False
20260909_143711.csv,2026-09-09,2.2,0.47801756090579994,0.14318853885461916,0.4757170973475854,0.2257,0.1425,False
20260909_153731.csv,2026-09-09,2.4,0.5331530812725552,0.18121321036282168,0.605642037412431,0.2633,0.1163,False
20260909_154548.csv,2026-09-09,2.5,0.768750573513008,0.27245849219099444,0.6699685686314605,0.2669,0.3714,False
20260910_074344.csv,2026-09-10,2.4,0.49271792707246576,0.14544933917926267,0.44611521689280925,0.2392,0.1645,False
20260910_075908.csv,2026-09-10,0.7,0.06680179165391156,0.04362550899350452,0.20035553251565577,0.0208,0.0,False
20260910_081613.csv,2026-09-10,1.8,0.2697821662772543,0.09518918475962578,0.35822873508889896,0.091,0.1301,False
20260910_135648.csv,2026-09-10,2.4,0.37014592687880615,0.15479848624176964,0.5564831132931723,0.0869,0.2242,False
20260910_143202.csv,2026-09-10,4.4,0.763394031062389,0.2342397655508518,1.0062969975084637,0.3469,0.2589,False
2026-09-11_07-42-27.csv,2026-09-11,2.4,0.6863153391524518,0.13248790499891686,0.3710643236140283,0.4867,0.123,False
2026-09-11_08-01-27.csv,2026-09-11,2.5,0.25037159690041094,0.0924310615783286,0.48518865415677814,0.1542,0.0126,False
2026-09-11_15-04-47.csv,2026-09-11,1.7,0.32567377660005703,0.07149094098276257,0.3375611797823103,0.1749,0.1361,False
2026-09-11_15-23-18.csv,2026-09-11,2.2,0.3356134383925603,0.08698246915866546,0.463603159667661,0.1785,0.1086,False
2026-09-11_19-24-41.csv,2026-09-11,2.6,0.4200044602134495,0.13922003423253718,0.5340268337324139,0.2563,0.0866,False
2026-09-11_19-37-40.csv,2026-09-11,3.2,0.6683699366469187,0.1641845841982827,0.6792769425936498,0.3434,0.2625,False
2026-09-11_21-57-07.csv,2026-09-11,20.9,2.3360216196635073,0.6000392015400863,2.7362490723961694,1.4756,0.4118,False
2026-09-12_13-25-13.csv,2026-09-12,1.1,0.3270938841744756,0.13345818982824295,0.30309721879905976,0.0768,0.1605,False
2026-09-12_13-33-36.csv,2026-09-12,3.9,0.44398498695186683,0.12494763624593822,0.7650299718183965,0.1925,0.2367,False
2026-09-12_13-57-02.csv,2026-09-12,1.7,0.3378897210211876,0.09622416134168923,0.31665429322751276,0.1747,0.1533,False
2026-09-12_14-15-41.csv,2026-09-12,2.4,0.4477780153843289,0.10769709506148392,0.41103556956542764,0.2998,0.111,False
2026-09-12_14-48-27.csv,2026-09-12,2.0,0.28581927001391366,0.10818506972104565,0.3890689012920913,0.0911,0.2079,False
2026-09-12_15-01-43.csv,2026-09-12,2.0,0.0,0.0,0.3491008053784289,0.0,0.0,False
2026-09-12_16-59-34.csv,2026-09-12,17.5,2.4204919103731224,1.1569937543712725,3.247755957215468,0.9826,0.4318,False
2026-09-13_11-48-59.csv,2026-09-13,2.2,0.5526383060117347,0.2628522214228873,0.44841299941674734,0.1717,0.2026,False
2026-09-13_12-01-09.csv,2026-09-13,0.7,0.22700120907219382,0.09036501970635684,0.20760588406169395,0.0957,0.0795,False
2026-09-13_12-08-25.csv,2026-09-13,0.6,0.0,0.0,0.10935932654365853,0.0,0.0,False
2026-09-13_12-22-44.csv,2026-09-13,2.0,0.23824966916995458,0.038981100239538075,0.34625167906989995,0.1458,0.0835,False
2026-09-13_13-01-46.csv,2026-09-13,33.0,4.902805355120246,2.8978188284680275,5.536675982928318,1.6982,0.4638,False
2026-09-13_13-46-17.csv,2026-09-13,48.2,6.570952427152712,4.649454628623282,7.900488724260632,1.7784,0.2452,False
2026-09-13_17-11-06.csv,2026-09-13,6.8,1.0833887671313331,0.3498439073435645,1.4885069519674448,0.483,0.4833,False
2026-09-13_19-00-19.csv,2026-09-13,0.8,0.236735886686678,0.060752006775058015,0.19761702771057546,0.1224,0.1012,False
2026-09-13_19-10-18.csv,2026-09-13,6.2,1.1550589040406247,0.4188356239897458,1.425124331877719,0.4674,0.4344,False
2026-09-13_19-45-44.csv,2026-09-13,46.8,7.193946795034359,5.279222272190818,8.083446967366624,1.6482,0.3621,False
2026-09-13_20-30-29.csv,2026-09-13,33.0,4.444736944442167,3.027059415812723,5.7200276023616485,1.1593,0.5082,False
2026-09-14_07-36-58.csv,2026-09-14,2.4,0.7357966479905329,0.23228939154490746,0.45476633282717205,0.3373,0.2752,False
2026-09-14_07-50-59.csv,2026-09-14,2.5,0.3399606732014827,0.10911754569784675,0.5326628714197068,0.1944,0.0243,False
2026-09-14_16-56-10.csv,2026-09-14,2.4,0.3092988985272392,0.11948250999540756,0.519528256920279,0.0971,0.1287,False
2026-09-14_17-08-07.csv,2026-09-14,3.8,0.7843980926871473,0.28058550778709107,0.874235580341695,0.3374,0.2982,False
2026-09-14_18-09-48.csv,2026-09-14,3.5,0.38827196236341405,0.09048282713033477,0.7182985626311299,0.197,0.1581,False
2026-09-14_18-49-32.csv,2026-09-14,3.6,0.4410728087516908,0.17965898997939822,0.7935514883702827,0.2087,0.0939,False
2026-09-15_07-49-33.csv,2026-09-15,2.3,0.8019375713991886,0.22919901596551948,0.4391017823158601,0.4474,0.1943,False
2026-09-15_08-06-11.csv,2026-09-15,4.2,0.6472895004572385,0.22629352662973035,0.8774871847744318,0.2776,0.15,False
2026-09-15_14-44-40.csv,2026-09-15,2.1,0.29230031673710316,0.16229384886849213,0.49932347234487995,0.0773,0.1038,False
2026-09-16_07-35-39.csv,2026-09-16,2.4,0.9980948882692458,0.2809216126231585,0.46467967558022716,0.6161,0.1305,False
2026-09-16_07-49-37.csv,2026-09-16,2.6,0.36277335613874717,0.1243594998373316,0.5143580244140166,0.1556,0.1284,False
2026-09-16_13-54-36.csv,2026-09-16,0.6,0.0,0.0,0.15697431701044864,0.0,0.0,False
2026-09-16_14-01-15.csv,2026-09-16,2.1,0.2973733051972222,0.0908059637565066,0.4498525488254426,0.1394,0.0666,False
2026-09-16_14-40-56.csv,2026-09-16,2.8,0.3958596076300307,0.15095776113819134,0.5760730176683482,0.1956,0.0945,False
2026-09-16_18-07-46.csv,2026-09-16,1.0,0.17942538363703303,0.021291514262517564,0.1857993360280676,0.11,0.0708,False
2026-09-16_18-17-21.csv,2026-09-16,1.5,0.23000694980658057,0.03581893696332343,0.27622655706774546,0.0864,0.1515,False
2026-09-16_19-00-34.csv,2026-09-16,6.8,0.9584787493016554,0.46254588935507296,1.2192575668585743,0.3823,0.1847,False
2026-09-16_19-29-42.csv,2026-09-16,13.0,2.322809485889278,1.6792466483758803,3.0213054925680445,0.4082,0.304,False
2026-09-17_07-42-09.csv,2026-09-17,2.3,0.7684349393667658,0.22228546643703023,0.3997565811403158,0.4522,0.1661,False
2026-09-17_08-01-31.csv,2026-09-17,0.7,0.0,0.0,0.14934693042545852,0.0,0.0,False
2026-09-17_08-17-51.csv,2026-09-17,1.9,0.20866085519981817,0.06910214802020875,0.395937066915485,0.1044,0.0344,False
2026-09-17_18-42-24.csv,2026-09-17,1.0,0.29348959154563486,0.1019306075335194,0.2316808853112972,0.1271,0.132,False
2026-09-17_18-50-09.csv,2026-09-17,0.9,0.0,0.0,0.1579370713975261,0.0,0.0,False
2026-09-17_19-54-00.csv,2026-09-17,14.1,1.826682314211598,0.44150466981329994,2.2772127740152084,1.0475,0.5694,False
2026-09-18_07-43-41.csv,2026-09-18,2.4,0.6762728555047688,0.19227729227671528,0.3859793625628204,0.3925,0.1447,False
2026-09-18_08-01-32.csv,2026-09-18,2.5,0.24999469916339281,0.07426272522226737,0.3819660538819571,0.1614,0.0014,False
2026-09-19_09-36-29.csv,2026-09-19,2.1,0.527741874772299,0.13980633134836984,0.47992439084542915,0.2772,0.1434,False
2026-09-19_12-04-29.csv,2026-09-19,1.0,0.3330791603683674,0.09283709025764746,0.18980388979926804,0.1878,0.0864,False
2026-09-19_12-17-53.csv,2026-09-19,2.5,0.4316812866700729,0.11890831173690389,0.454924571383663,0.222,0.1591,False
2026-09-19_12-56-56.csv,2026-09-19,6.0,1.139606702191681,0.9513448373501702,1.3911974387438608,0.1452,0.1248,False
2026-09-19_13-06-20.csv,2026-09-19,3.6,0.39792603652610115,0.15563936257671895,0.7138773286524309,0.1359,0.1745,False
2026-09-19_15-44-41.csv,2026-09-19,4.7,0.8935266826584195,0.27622493370634293,1.160849338939877,0.4119,0.3209,False
2026-09-19_17-22-21.csv,2026-09-19,1.5,0.21923811437699828,0.05714025685984464,0.34853105382255023,0.0977,0.1305,False
2026-09-19_17-42-40.csv,2026-09-19,11.7,2.5329298997752083,1.9418734825994266,3.335363963753425,0.3917,0.4041,False
2026-09-20_06-44-20.csv,2026-09-20,3.9,1.2207833664886067,0.42736529608691115,0.9522285864879806,0.5613,0.3066,False
2026-09-20_10-38-25.csv,2026-09-20,1.8,0.2834451300392715,0.13300808955766247,0.48346745008056297,0.0918,0.1124,False
2026-09-20_11-23-27.csv,2026-09-20,1.5,0.23935014786078518,0.06882169673363037,0.3515125042315587,0.102,0.1152,False
2026-09-20_18-02-44.csv,2026-09-20,2.2,0.4789512745477421,0.14494992717604022,0.46652503415091756,0.2973,0.0751,False
2026-09-20_19-27-18.csv,2026-09-20,2.2,0.23858251028164143,0.08236312933932503,0.4039995606426298,0.0712,0.1409,False
2026-09-20_20-25-25.csv,2026-09-20,1.9,0.400731917311453,0.1463926885603503,0.398613636745679,0.144,0.1958,False
2026-09-20_20-52-42.csv,2026-09-20,0.4,0.0,0.0,0.09235588754922379,0.0,0.0,False
2026-09-20_20-59-21.csv,2026-09-20,2.4,0.3624869052939455,0.12661108147972133,0.4430175106054546,0.1743,0.1039,False
2026-09-21_07-36-37.csv,2026-09-21,2.3,0.6560583197246075,0.13846401545709855,0.3723652280163828,0.4826,0.0542,False
2026-09-21_07-50-20.csv,2026-09-21,2.5,0.34422514563272383,0.07948158095179446,0.5871643389614757,0.2574,0.0133,False
2026-09-21_12-02-22.csv,2026-09-21,1.8,0.5983154055377473,0.1810023428533482,0.4807233963294703,0.3021,0.1848,False
2026-09-21_20-35-24.csv,2026-09-21,2.6,0.6146661038716734,0.12420565738787008,0.41797915374156236,0.4325,0.1165,False
2026-09-21_20-55-26.csv,2026-09-21,11.3,1.1451685562762546,0.5668486776745965,1.7914567214209403,0.4661,0.2205,False
2026-09-22_07-45-42.csv,2026-09-22,1.2,0.8019670214507101,0.22740571286432226,0.32219017496873886,0.5068,0.0943,False
2026-09-22_07-59-37.csv,2026-09-22,1.3,0.22647034704456756,0.04775102278871301,0.247653567611614,0.1446,0.0632,False
2026-09-22_11-55-57.csv,2026-09-22,3.3,0.7572184795502541,0.3613214529850065,0.7536023534454066,0.2522,0.2326,False
2026-09-22_16-13-42.csv,2026-09-22,1.3,0.0,0.0,0.29238413067361385,0.0,0.0,False
2026-09-22_16-21-26.csv,2026-09-22,1.2,0.0,0.0,0.23328637639345423,0.0,0.0,False
2026-09-22_21-59-14.csv,2026-09-22,1.7,0.849110202828698,0.2601621257034782,0.3676982563168137,0.4839,0.1558,False
2026-09-22_22-14-10.csv,2026-09-22,16.5,1.593776564565869,0.5189754803497738,2.400389703684816,0.9796,0.2286,False
2026-09-23_07-39-38.csv,2026-09-23,1.3,0.7227311372408729,0.22242285743247434,0.353989899531875,0.4223,0.1513,False
2026-09-23_07-51-39.csv,2026-09-23,0.7,0.1579235965335034,0.052097756090463285,0.17185680035288986,0.0887,0.0252,False
2026-09-23_08-11-14.csv,2026-09-23,1.5,0.24465362517106007,0.05291296247427161,0.27489748366474487,0.1574,0.0715,False
2026-09-23_18-33-22.csv,2026-09-23,3.4,0.8239510962049099,0.24663225499688943,0.7283600545901532,0.457,0.2227,False
2026-09-24_20-27-48.csv,2026-09-24,7.0,0.9719562106463577,0.19871967770073953,1.037929936121495,0.6457,0.2154,False
2026-09-24_22-29-34.csv,2026-09-24,6.7,0.7570332994097587,0.2261575358682217,1.1524874327935029,0.3904,0.2575,False
2026-09-25_13-48-33.csv,2026-09-25,0.7,0.6899164728925503,0.15602255984655744,0.3140430479970011,0.3605,0.1692,False
2026-09-25_14-09-21.csv,2026-09-25,5.2,0.46661529317349343,0.2768794521294832,1.0288704335869896,0.1701,0.138,False
2026-09-25_14-30-29.csv,2026-09-25,5.7,0.782603137163975,0.3231533437287269,0.9837230985604923,0.4057,0.2086,False
2026-09-25_19-55-15.csv,2026-09-25,1.7,0.517823732131333,0.14329571184525164,0.39134930688177316,0.3019,0.1234,False
2026-09-25_20-14-16.csv,2026-09-25,1.7,0.2836906571748299,0.032912502642143154,0.27235157614104266,0.1996,0.0861,False
2026-09-26_12-07-59.csv,2026-09-26,3.3,0.5364080390282343,0.09662860393129942,0.691641837293121,0.3426,0.1487,False
2026-09-26_12-21-17.csv,2026-09-26,2.4,0.38457198198654313,0.1206356688791122,0.5474202401691256,0.1869,0.1785,False
2026-09-26_13-05-40.csv,2026-09-26,2.3,0.30376685494170924,0.13506751243705845,0.5439133442268079,0.0712,0.1885,False
2026-09-26_13-47-37.csv,2026-09-26,2.0,0.3145916236362161,0.10681969837787127,0.43256306763290453,0.1844,0.0551,False
2026-09-26_14-06-50.csv,2026-09-26,1.9,0.36118280297050376,0.13768118789671396,0.3639009013376868,0.1089,0.1991,False
2026-09-26_16-47-35.csv,2026-09-26,30.2,4.517012914806837,2.9903611480846606,5.788715781853288,1.0911,0.7125,False
2026-09-26_17-57-23.csv,2026-09-26,2.3,0.44402805556176594,0.15597524779006494,0.43427167156711916,0.1859,0.1608,False
2026-09-26_18-08-40.csv,2026-09-26,2.3,0.3709577701171875,0.09568273005755829,0.4298610379849792,0.2069,0.1256,False
2026-09-26_20-00-42.csv,2026-09-26,28.0,3.7871228017598084,2.2803095135353773,4.7063761118950636,1.2884,0.2876,False
2026-09-27_13-43-58.csv,2026-09-27,1.2,0.4440278131445294,0.18187842845637794,0.40044356734526687,0.1692,0.1518,False
2026-09-27_13-54-46.csv,2026-09-27,2.3,0.32609506161422896,0.1001567069517939,0.4597268059109046,0.1629,0.1523,False
2026-09-27_14-12-39.csv,2026-09-27,1.1,0.22776853338931013,0.0627818087059899,0.3289825619612461,0.1173,0.1092,False
2026-09-27_14-54-46.csv,2026-09-27,1.9,0.4023288368229556,0.12742560534694036,0.4012205811697288,0.1521,0.1975,False
2026-09-27_15-12-43.csv,2026-09-27,10.6,1.8142277195618688,1.202561355649979,2.2114993195315105,0.3919,0.3732,False
2026-09-27_16-50-42.csv,2026-09-27,2.9,0.5442741701604982,0.21388978162846412,0.6459766865054642,0.1925,0.2716,False
2026-09-27_17-01-21.csv,2026-09-27,1.9,0.3814175085977182,0.15739763778327423,0.4725586685277013,0.0775,0.2452,False
2026-09-27_17-15-25.csv,2026-09-27,1.7,0.0,0.0,0.32261698536961536,0.0,0.0,False
2026-09-27_17-34-35.csv,2026-09-27,2.2,0.5642479651127018,0.23875676685152789,0.6183626718001165,0.1764,0.2314,False
2026-09-27_17-49-23.csv,2026-09-27,1.2,0.36895371514614544,0.17477194796360077,0.4046295948645497,0.0963,0.1901,False
2026-09-27_19-57-33.csv,2026-09-27,5.4,0.9531427137970163,0.37597945750456674,1.1822149566017826,0.4069,0.3389,False
2026-09-27_22-04-51.csv,2026-09-27,3.5,0.49719173809744205,0.15158530709316423,0.6598229440915769,0.1778,0.2796,False
2026-09-28_21-24-27.csv,2026-09-28,18.9,2.565449568822527,1.1951313976719011,3.538228029611007,0.9794,0.7149,False
2026-09-29_10-00-34.csv,2026-09-29,1.3,0.4756233450014029,0.19903680340661223,0.4020617544184596,0.14,0.1997,False
2026-09-29_10-13-01.csv,2026-09-29,1.8,0.2756360340627761,0.059340151763673764,0.3806371511133874,0.1217,0.1486,False
2026-09-29_10-21-46.csv,2026-09-29,0.4,0.0,0.0,0.08370321984572526,0.0,0.0,False
2026-09-29_20-39-13.csv,2026-09-29,2.4,0.4941910814489793,0.17167504613685955,0.5403237147958376,0.1901,0.2559,False
2026-09-29_22-10-11.csv,2026-09-29,2.5,0.41763313695977883,0.12007813228887206,0.48517450596788947,0.1715,0.2155,False
2026-09-29_22-22-40.csv,2026-09-29,1.7,0.2382448387264597,0.028174283132125368,0.2503274159197581,0.1467,0.1281,False
2026-09-30_08-08-32.csv,2026-09-30,1.2,0.5317028337671201,0.181491019793092,0.3625975066907884,0.2212,0.1564,False
2026-09-30_08-21-17.csv,2026-09-30,1.3,0.09017094347193874,0.05320854716601979,0.2958079615969511,0.0298,0.0057,False
2026-09-30_10-39-05.csv,2026-09-30,1.3,0.32380425322382367,0.11631952835519094,0.32111748751051217,0.1344,0.1039,False
2026-09-30_10-51-47.csv,2026-09-30,1.3,0.2541630406548469,0.053241001266299486,0.2645671451075896,0.1173,0.1318,False
