ledger	row	token	old	new	master_value
sessionGroups	Sep 4	gross	5.6939	5.69	5.693900
sessionGroups	Sep 4	gtc	2.7113	2.71	2.711300
sessionGroups	Sep 4	net	-0.0229	-0.023	-0.022900
sessionGroups	Sep 5	gross	11.8267	11.83	11.826700
sessionGroups	Sep 5	gtc	5.6318	5.63	5.631800
sessionGroups	Sep 5	net	-0.3497	-0.35	-0.349700
sessionGroups	Sep 6	gross	6.1549	6.15	6.154900
sessionGroups	Sep 6	gtc	2.9309	2.93	2.930900
sessionGroups	Sep 6	net	-0.1410	-0.14	-0.141000
sessionGroups	Sep 7	gross	3.8741	3.87	3.874100
sessionGroups	Sep 7	gtc	1.8448	1.84	1.844800
sessionGroups	Sep 7	net	-0.0181	-0.018	-0.018100
sessionGroups	Sep 8	gross	4.8711	4.87	4.871100
sessionGroups	Sep 8	gtc	2.3195	2.32	2.319500
sessionGroups	Sep 8	net	-0.1087	-0.11	-0.108700
sessionGroups	Sep 9	gross	5.3429	5.34	5.342900
sessionGroups	Sep 9	gtc	2.5442	2.54	2.544200
sessionGroups	Sep 9	net	-0.3631	-0.36	-0.363100
sessionGroups	Sep 10	gross	4.1888	4.19	4.188800
sessionGroups	Sep 10	gtc	1.9946	1.99	1.994600
sessionGroups	Sep 10	net	+0.1811	+0.18	0.181100
sessionGroups	Sep 11	gross	10.2790	10.28	10.279000
sessionGroups	Sep 11	gtc	4.8948	4.89	4.894800
sessionGroups	Sep 11	net	-0.2980	-0.30	-0.298000
sessionGroups	Sep 12	gross	9.0925	9.09	9.092500
sessionGroups	Sep 12	gtc	4.3298	4.33	4.329800
sessionGroups	Sep 13	gross	31.6968	31.70	31.696800
sessionGroups	Sep 13	gtc	15.0937	15.09	15.093700
sessionGroups	Sep 14	gross	6.5248	6.52	6.524800
sessionGroups	Sep 15	gross	2.8442	2.84	2.844200
sessionGroups	Sep 15	gtc	1.3543	1.35	1.354300
sessionGroups	Sep 16	gtc	4.4281	4.43	4.428100
sessionGroups	Sep 17	gross	6.3591	6.36	6.359100
sessionGroups	Sep 17	gtc	3.0282	3.03	3.028200
sessionGroups	Sep 18	gross	1.4525	1.45	1.452500
sessionGroups	Sep 18	gtc	0.6916	0.69	0.691600
sessionGroups	Sep 19	gross	10.1807	10.18	10.180700
sessionGroups	Sep 19	gtc	4.8480	4.85	4.848000
sessionGroups	Sep 20	gross	5.9285	5.93	5.928500
sessionGroups	Sep 20	gtc	2.8232	2.82	2.823200
sessionGroups	Sep 21	gross	6.1949	6.19	6.194900
sessionGroups	Sep 21	gtc	2.9500	2.95	2.950000
sessionGroups	Sep 22	gross	7.5527	7.55	7.552700
sessionGroups	Sep 22	gtc	3.5965	3.60	3.596500
sessionGroups	Sep 23	gross	2.9316	2.93	2.931600
sessionGroups	Sep 23	gtc	1.3961	1.40	1.396100
sessionGroups	Sep 23	net	-0.6834	-0.68	-0.683400
sessionGroups	Sep 24	gross	3.9735	3.97	3.973500
sessionGroups	Sep 24	gtc	1.8921	1.89	1.892100
sessionGroups	Sep 24	net	+0.0010	+0.0010	0.001000
sessionGroups	Sep 25	gross	5.0002	5.00	5.000200
sessionGroups	Sep 25	gtc	2.3810	2.38	2.381000
sessionGroups	Sep 25	net	-0.2023	-0.20	-0.202300
sessionGroups	Sep 26	gross	17.1849	17.18	17.184900
sessionGroups	Sep 26	gtc	8.1832	8.18	8.183200
sessionGroups	Sep 26	net	+0.0275	+0.027	0.027500
sessionGroups	Sep 27	gross	12.0447	12.04	12.044700
sessionGroups	Sep 27	gtc	5.7355	5.74	5.735500
sessionGroups	Sep 27	net	-0.4294	-0.43	-0.429400
sessionGroups	Sep 28	gross	5.1208	5.12	5.120800
sessionGroups	Sep 28	gtc	2.4385	2.44	2.438500
sessionGroups	Sep 28	net	+0.0618	+0.062	0.061800
sessionGroups	Sep 29	gross	3.8489	3.85	3.848900
sessionGroups	Sep 29	gtc	1.8329	1.83	1.832900
sessionGroups	Sep 29	net	-0.3111	-0.31	-0.311100
sessionGroups	Sep 30	gross	1.9852	1.99	1.985200
sessionGroups	Sep 30	gtc	0.9453	0.95	0.945300
sessionGroups	Sep 30	net	-0.0288	-0.029	-0.028800
sessions	Sep 4	gross	5.6939	5.69	5.693900
sessions	Sep 4	gtc	2.7113	2.71	2.711300
sessions	Sep 4	net	-0.0229	-0.023	-0.022900
sessions	Sep 5	gross	11.8267	11.83	11.826700
sessions	Sep 5	gtc	5.6318	5.63	5.631800
sessions	Sep 5	net	-0.3497	-0.35	-0.349700
sessions	Sep 6	gross	6.1549	6.15	6.154900
sessions	Sep 6	gtc	2.9309	2.93	2.930900
sessions	Sep 6	net	-0.1410	-0.14	-0.141000
sessions	Sep 7	gross	3.8741	3.87	3.874100
sessions	Sep 7	gtc	1.8448	1.84	1.844800
sessions	Sep 7	net	-0.0181	-0.018	-0.018100
sessions	Sep 8	gross	4.8711	4.87	4.871100
sessions	Sep 8	gtc	2.3195	2.32	2.319500
sessions	Sep 8	net	-0.1087	-0.11	-0.108700
sessions	Sep 9	gross	5.3429	5.34	5.342900
sessions	Sep 9	gtc	2.5442	2.54	2.544200
sessions	Sep 9	net	-0.3631	-0.36	-0.363100
sessions	Sep 10	gross	4.1888	4.19	4.188800
sessions	Sep 10	gtc	1.9946	1.99	1.994600
sessions	Sep 10	net	+0.1811	+0.18	0.181100
sessions	Sep 11	gross	10.2790	10.28	10.279000
sessions	Sep 11	gtc	4.8948	4.89	4.894800
sessions	Sep 11	net	-0.2980	-0.30	-0.298000
sessions	Sep 17	gross	6.3591	6.36	6.359100
sessions	Sep 17	gtc	3.0282	3.03	3.028200
sessions	Sep 18	gross	1.4525	1.45	1.452500
sessions	Sep 18	gtc	0.6916	0.69	0.691600
sessions	Sep 18	net	-0.2276	-0.23	-0.227600
sessions	Sep 19	gross	10.1807	10.18	10.180700
sessions	Sep 19	gtc	4.8480	4.85	4.848000
sessions	Sep 20	gross	5.9285	5.93	5.928500
sessions	Sep 20	gtc	2.8232	2.82	2.823200
sessions	Sep 20	net	-0.0409	-0.041	-0.040900
sessions	Sep 21	gross	6.1949	6.19	6.194900
sessions	Sep 21	gtc	2.9500	2.95	2.950000
sessions	Sep 22	gross	7.5527	7.55	7.552700
sessions	Sep 22	gtc	3.5965	3.60	3.596500
sessions	Sep 23	gross	2.9316	2.93	2.931600
sessions	Sep 23	gtc	1.3961	1.40	1.396100
sessions	Sep 23	net	-0.6834	-0.68	-0.683400
sessions	Sep 24	gross	3.9735	3.97	3.973500
sessions	Sep 24	gtc	1.8921	1.89	1.892100
sessions	Sep 24	net	+0.0010	+0.0010	0.001000
sessions	Sep 25	gross	5.0002	5.00	5.000200
sessions	Sep 25	gtc	2.3810	2.38	2.381000
sessions	Sep 25	net	-0.2023	-0.20	-0.202300
sessions	Sep 26	gross	17.1849	17.18	17.184900
sessions	Sep 26	gtc	8.1832	8.18	8.183200
sessions	Sep 26	net	+0.0275	+0.027	0.027500
sessions	Sep 27	gross	12.0447	12.04	12.044700
sessions	Sep 27	gtc	5.7355	5.74	5.735500
sessions	Sep 27	net	-0.4294	-0.43	-0.429400
sessions	Sep 28	gross	5.1208	5.12	5.120800
sessions	Sep 28	gtc	2.4385	2.44	2.438500
sessions	Sep 28	net	+0.0618	+0.062	0.061800
sessions	Sep 29	gross	3.8489	3.85	3.848900
sessions	Sep 29	gtc	1.8329	1.83	1.832900
sessions	Sep 29	net	-0.3111	-0.31	-0.311100
sessions	Sep 30	gross	1.9852	1.99	1.985200
sessions	Sep 30	gtc	0.9453	0.95	0.945300
sessions	Sep 30	net	-0.0288	-0.029	-0.028800
