ledger	row	token	literal	reason
sessionGroups	Jul 14	gtc	4.9944	differs from master 7.6228
sessionGroups	Jul 20	gtc	13.3524	differs from master 27.8064
sessionGroups	Aug 1	gtc	1.9104	differs from master 1.9594
sessionGroups	Aug 3	gtc	7.8346	differs from master 7.9868
sessionGroups	Aug 4	gtc	15.4169	differs from master 15.8873
sessionGroups	Aug 4	gtc	7.7981	differs from master 15.8873
sessionGroups	Aug 6	gtc	2.8857	differs from master 2.9959
sessionGroups	Aug 9	gtc	2.2003	differs from master 2.2185
sessionGroups	Aug 10	gtc	0.7798	differs from master 0.7865
sessionGroups	Aug 12	gtc	0.6974	differs from master 0.7124
sessionGroups	Aug 13	gtc	0.6924	differs from master 0.7000
sessionGroups	Aug 14	gross	1.9724	differs from master 12.1435
sessionGroups	Aug 14	gtc	0.9392	differs from master 5.7826
sessionGroups	Aug 14	gtc	4.7848	differs from master 5.7826
sessionGroups	Aug 16	gross	4.4278	differs from master 4.4597
sessionGroups	Aug 16	gtc	2.1085	differs from master 2.1237
sessionGroups	Aug 17	gtc	8.3410	differs from master 6.3925
sessionGroups	Aug 18	gross	12.0732	differs from master 12.2435
sessionGroups	Aug 18	gtc	5.7492	differs from master 5.8302
sessionGroups	Aug 19	gross	11.0868	differs from master 11.1997
sessionGroups	Aug 19	gtc	5.2794	differs from master 5.3332
sessionGroups	Aug 20	gross	18.7228	differs from master 19.1976
sessionGroups	Aug 20	gtc	8.9247	differs from master 9.1416
sessionGroups	Aug 21	gross	14.9158	differs from master 15.0148
sessionGroups	Aug 21	gtc	7.1028	differs from master 7.1499
sessionGroups	Aug 22	gross	21.5706	differs from master 21.7578
sessionGroups	Aug 22	gtc	10.2717	differs from master 10.3609
sessionGroups	Aug 23	gross	11.7754	differs from master 11.8771
sessionGroups	Aug 23	gtc	5.6073	differs from master 5.6557
sessionGroups	Aug 24	gross	19.9668	differs from master 20.1209
sessionGroups	Aug 24	gtc	9.5080	differs from master 9.5814
sessionGroups	Aug 25	gross	13.1516	differs from master 13.3071
sessionGroups	Aug 26	gross	12.9421	differs from master 13.0935
sessionGroups	Aug 26	gtc	6.1629	differs from master 6.2350
sessionGroups	Aug 29	gross	10.1885	differs from master 10.2708
sessionGroups	Aug 29	gtc	4.8516	differs from master 4.8909
sessionGroups	Aug 30	gross	36.6891	differs from master 37.4037
sessionGroups	Aug 31	gross	6.4103	differs from master 6.4756
sessionGroups	Aug 31	gtc	3.0526	differs from master 3.0837
sessionGroups	Sep 1	gross	2.8568	differs from master 2.8752
sessionGroups	Sep 1	gtc	1.3605	differs from master 1.3691
sessionGroups	Sep 2	gross	7.4415	differs from master 7.5199
sessionGroups	Sep 2	gtc	3.5436	differs from master 3.5809
sessionGroups	Sep 3	gross	4.3663	differs from master 4.3877
sessionGroups	Sep 3	gtc	2.0792	differs from master 2.0894
sessions	Jul 14	gtc	0.3685	differs from master 7.6228
sessions	Jul 14	gtc	0.3779	differs from master 7.6228
sessions	Jul 14	gtc	0.7300	differs from master 7.6228
sessions	Jul 14	gtc	0.9790	differs from master 7.6228
sessions	Jul 14	gtc	+2.4554	differs from master 7.6228
sessions	Jul 15	gtc	3.4406	differs from master 7.2727
sessions	Jul 15	gtc	3.6716	differs from master 7.2727
sessions	Jul 16	gtc	1.9231	differs from master 31.3057
sessions	Jul 16	gtc	6.7416	differs from master 31.3057
sessions	Jul 16	gtc	6.8513	differs from master 31.3057
sessions	Jul 16	gtc	11.2626	differs from master 31.3057
sessions	Jul 16	gtc	1.7354	differs from master 31.3057
sessions	Jul 16	gtc	0.6538	differs from master 31.3057
sessions	Jul 16	gtc	0.8965	differs from master 31.3057
sessions	Jul 16	gtc	0.2518	differs from master 31.3057
sessions	Jul 17	gtc	1.0771	differs from master 2.2170
sessions	Jul 17	gtc	0.7546	differs from master 2.2170
sessions	Jul 17	gtc	0.3374	differs from master 2.2170
sessions	Jul 19	gtc	2.4193	differs from master 7.3561
sessions	Jul 19	gtc	0.2790	differs from master 7.3561
sessions	Jul 19	gtc	1.4133	differs from master 7.3561
sessions	Jul 19	gtc	2.4240	differs from master 7.3561
sessions	Jul 19	gtc	0.2267	differs from master 7.3561
sessions	Jul 19	gtc	0.4283	differs from master 7.3561
sessions	Jul 20	gtc	1.0920	differs from master 27.8064
sessions	Jul 20	gtc	13.3524	differs from master 27.8064
sessions	Jul 20	gtc	3.7996	differs from master 27.8064
sessions	Jul 20	gtc	2.1055	differs from master 27.8064
sessions	Jul 20	gtc	1.3714	differs from master 27.8064
sessions	Jul 20	gtc	5.1275	differs from master 27.8064
sessions	Jul 21	gtc	1.5000	differs from master 4.7690
sessions	Jul 21	gtc	0.2937	differs from master 4.7690
sessions	Jul 21	gtc	1.6146	differs from master 4.7690
sessions	Jul 21	gtc	0.1895	differs from master 4.7690
sessions	Jul 21	gtc	0.4183	differs from master 4.7690
sessions	Jul 21	gtc	0.6359	differs from master 4.7690
sessions	Jul 22	gtc	0.2890	differs from master 2.2865
sessions	Jul 22	gtc	0.6443	differs from master 2.2865
sessions	Jul 22	gtc	0.2525	differs from master 2.2865
sessions	Jul 22	gtc	0.5772	differs from master 2.2865
sessions	Jul 22	gtc	0.1204	differs from master 2.2865
sessions	Jul 22	gtc	0.3665	differs from master 2.2865
sessions	Jul 23	gtc	6.1520	differs from master 17.6507
sessions	Jul 23	gtc	0.9172	differs from master 17.6507
sessions	Jul 23	gtc	3.7527	differs from master 17.6507
sessions	Jul 23	gtc	0.0872	differs from master 17.6507
sessions	Jul 23	gtc	0.9737	differs from master 17.6507
sessions	Jul 23	gtc	0.6636	differs from master 17.6507
sessions	Jul 23	gtc	4.6421	differs from master 17.6507
sessions	Jul 25	gtc	2.6975	differs from master 19.3854
sessions	Jul 25	gtc	0.6950	differs from master 19.3854
sessions	Jul 25	gtc	0.5025	differs from master 19.3854
sessions	Jul 25	gtc	0.2500	differs from master 19.3854
sessions	Aug 1	gtc	1.9104	differs from master 1.9594
sessions	Aug 2	gtc	0.4829	differs from master 18.3390
sessions	Aug 2	gtc	0.5442	differs from master 18.3390
sessions	Aug 2	gtc	10.4002	differs from master 18.3390
sessions	Aug 2	gtc	1.6177	differs from master 18.3390
sessions	Aug 2	gtc	0.5545	differs from master 18.3390
sessions	Aug 2	gtc	1.3688	differs from master 18.3390
sessions	Aug 2	gtc	2.3369	differs from master 18.3390
sessions	Aug 2	gtc	0.5828	differs from master 18.3390
sessions	Aug 3	gtc	7.8346	differs from master 7.9868
sessions	Aug 3	gtc	2.3677	differs from master 7.9868
sessions	Aug 3	gtc	2.3709	differs from master 7.9868
sessions	Aug 4	gtc	15.4169	differs from master 15.8873
sessions	Aug 4	gtc	0.8875	differs from master 15.8873
sessions	Aug 4	gtc	0.7808	differs from master 15.8873
sessions	Aug 4	gtc	0.3205	differs from master 15.8873
sessions	Aug 4	gtc	0.3170	differs from master 15.8873
sessions	Aug 4	gtc	0.5654	differs from master 15.8873
sessions	Aug 4	gtc	4.7476	differs from master 15.8873
sessions	Aug 4	gtc	7.7981	differs from master 15.8873
sessions	Aug 6	gtc	2.8857	differs from master 2.9959
sessions	Aug 9	gtc	2.2003	differs from master 2.2185
sessions	Aug 10	gtc	0.7798	differs from master 0.7865
sessions	Aug 12	gtc	0.6974	differs from master 0.7124
sessions	Aug 13	gtc	0.6924	differs from master 0.7000
sessions	Aug 14	gross	1.9724	differs from master 12.1435
sessions	Aug 14	gtc	0.9392	differs from master 5.7826
sessions	Aug 14	gtc	4.7848	differs from master 5.7826
sessions	Aug 16	gross	4.4278	differs from master 4.4597
sessions	Aug 16	gtc	2.1085	differs from master 2.1237
sessions	Aug 17	gtc	8.3410	differs from master 6.3925
sessions	Aug 18	gross	12.0732	differs from master 12.2435
sessions	Aug 18	gtc	5.7492	differs from master 5.8302
sessions	Aug 19	gross	11.0868	differs from master 11.1997
sessions	Aug 19	gtc	5.2794	differs from master 5.3332
sessions	Aug 20	gross	18.7228	differs from master 19.1976
sessions	Aug 20	gtc	8.9247	differs from master 9.1416
sessions	Aug 21	gross	14.9158	differs from master 15.0148
sessions	Aug 21	gtc	7.1028	differs from master 7.1499
sessions	Aug 22	gross	21.5706	differs from master 21.7578
sessions	Aug 22	gtc	10.2717	differs from master 10.3609
sessions	Aug 23	gross	11.7754	differs from master 11.8771
sessions	Aug 23	gtc	5.6073	differs from master 5.6557
sessions	Aug 24	gross	19.9668	differs from master 20.1209
sessions	Aug 24	gtc	9.5080	differs from master 9.5814
sessions	Aug 25	gross	13.1516	differs from master 13.3071
sessions	Aug 26	gross	12.9421	differs from master 13.0935
sessions	Aug 26	gtc	6.1629	differs from master 6.2350
sessions	Aug 28	gross	7.6335	differs from master 7.7039
sessions	Aug 29	gross	10.1885	differs from master 10.2708
sessions	Aug 29	gtc	4.8516	differs from master 4.8909
sessions	Aug 30	gross	36.6891	differs from master 37.4037
sessions	Aug 30	gtc	4.4874	differs from master 17.8112
sessions	Aug 31	gross	6.4103	differs from master 6.4756
sessions	Aug 31	gtc	3.0526	differs from master 3.0837
sessions	Sep 1	gross	2.8568	differs from master 2.8752
sessions	Sep 1	gtc	1.3605	differs from master 1.3691
sessions	Sep 2	gross	7.4415	differs from master 7.5199
sessions	Sep 2	gtc	3.5436	differs from master 3.5809
sessions	Sep 3	gross	4.3663	differs from master 4.3877
sessions	Sep 3	gtc	2.0792	differs from master 2.0894
sessions	Sep 12	net	0.0284	differs from master 0.0246
sessions	Sep 13	net	-0.2132	differs from master -0.2245
sessions	Sep 14	net	+0.1388	differs from master 0.1358
sessions	Sep 15	net	-0.0326	differs from master -0.0341
sessions	Sep 16	gross	407.6018	differs from master 9.2990
sessions	Sep 16	gtc	670.2865	differs from master 4.4281
sessions	Sep 16	net	-0.0727	differs from master -0.0773
sessions	Sep 17	net	-0.0678	differs from master -0.0679
sessions	Sep 19	net	-0.4406	differs from master -0.4408
sessions	Sep 21	net	-0.3279	differs from master -0.3281
sessions	Sep 22	net	-0.1393	differs from master -0.1396
