time,"[BMS] HV Battery Current (A)","[BMS] HV Battery Current (High) (A)","[BMS] HV Battery Current (Low) (A)","[BMS] HV Battery Intake Air Temperature (℃)","[BMS] HV Battery Temperature Sensor 1 (℃)","[BMS] HV Battery Temperature Sensor 2 (℃)","[BMS] HV Battery Temperature Sensor 3 (℃)","[BMS] HV Battery Temperature Sensor 4 (℃)","[BMS] HV Battery voltage (V)","[BMS] HV State of charge (%)","[BMS] Max Cell Voltage (V)","[BMS] Min Cell Voltage (V)","[VCM] HV Battery Available Charge Display (%)","[VCM] HV Coolant Temperature (℃)","[VCM] Motor RPM (rpm)","[VCM] Motor Torque (N⋅m)","[VCM] Target Motor Torque (N⋅m)","[VCM] Traction motor temperature (℃)","[VCM] Vehicle Speed (km/h)","Абсолютне значення навантаження на двигун (%)","Оберти двигуна (rpm)","Оберти двигуна x1000 (rpm)","Прискорення (g)","Пройдений шлях (km)","Пройдений шлях (Сьогодні) (km)","Пройдений шлях (Тиждень) (km)","Пройдений шлях(загальний) (km)","Розрахункове значення навантаження на двигун (%)","Розрахунковий наддув (bar)","Середня швидкість (km/h)","Температура олії у двигуні (℃)","Температура охолодної рідини (℃)","Тиск у впускному колекторі (абсолютний) (kPa)","Швидкість автомобіля (km/h)",Latitude,Longtitude,
17:53:20.546,,,,,,,,,,,,,,,,,,,,,,,,,,,,0,,,,,,,49.2890382,31.4364929,
17:53:20.801,,,,,,,,,,,,,,,,,,,,,,,,,,,,,,,,53,,,49.2890382,31.4364929,
17:53:21.065,,,,,,,,,,,,,,,,,,,,,0,0,,,,,,,,,,,,,49.2890363,31.4364963,
17:53:21.154,,,,,,,,,,,,,,,,,,,,0,,,,,,,,,,,,,,,49.2890363,31.4364963,
17:53:21.290,,,,,,,,,,,,,,,,,,,,,,,,,,,,,,,42,,,,49.2890363,31.4364963,
17:53:21.424,,,,,,,,,,,,,,,,,,,,,,,-0,,,,,,,,,,,0,49.2890363,31.4364963,
17:53:21.628,,,,,,,,,,,,,,,,,,,,,,,,,,,,,-0.023250000000000028,,,,99,,49.2890363,31.4364963,
17:53:21.921,,,,,,,,,,60.5,,,,,,,,,,,,,,,,,,,,,,,,,49.2890363,31.4364963,
17:53:22.112,,,,,,,,,355.81,,,,,,,,,,,,,,,,,,,,,,,,,,49.2890365,31.4364994,
17:53:22.317,,,,,,,,,,,3.71,,,,,,,,,,,,,,,,,,,,,,,,49.2890365,31.4364994,
17:53:22.497,,,,,,,,,,,,3.7,,,,,,,,,,,,,,,,,,,,,,,49.2890365,31.4364994,
17:53:22.616,-7.349999999999909,,,,,,,,,,,,,,,,,,,,,,,,,,,,,,,,,,49.2890365,31.4364994,
17:53:22.833,,,-7.349999999999909,,,,,,,,,,,,,,,,,,,,,,,,,,,,,,,,49.2890365,31.4364994,
17:53:23.061,,-7.2999999999999545,,,,,,,,,,,,,,,,,,,,,,,,,,,,,,,,,49.2890358,31.4365002,
17:53:23.205,,,,,24,,,,,,,,,,,,,,,,,,,,,,,,,,,,,,49.2890358,31.4365002,
17:53:23.480,,,,,,24,,,,,,,,,,,,,,,,,,,,,,,,,,,,,49.2890358,31.4365002,
17:53:23.614,,,,,,,24,,,,,,,,,,,,,,,,,,,,,,,,,,,,49.2890357,31.4365003,
17:53:23.965,,,,,,,,24,,,,,,,,,,,,,,,,,,,,,,,,,,,49.2890382,31.436499,
17:53:24.074,,,,23,,,,,,,,,,,,,,,,,,,,,,,,,,,,,,,49.2890382,31.436499,
17:53:24.366,,,,,,,,,,,,,,,,,,36,,,,,,,,,,,,,,,,,49.2890382,31.436499,
17:53:24.436,,,,,,,,,,,,,,35,,,,,,,,,,,,,,,,,,,,,49.2890382,31.436499,
17:53:24.534,,,,,,,,,,,,,,,,,0,,,,,,,,,,,,,,,,,,49.2890382,31.436499,
17:53:24.641,,,,,,,,,,,,,49,,,,,,,,,,,,,,,,,,,,,,49.2890382,31.436499,
17:53:24.796,,,,,,,,,,,,,,,0,0,,,,,,,,,,,,,,,,,,,49.2890382,31.436499,
17:53:24.957,,,,,,,,,,,,,,,,,,,0,,,,,,,,,,,,,,,,49.2890383,31.4364988,
17:53:25.257,,,,,,,,,,,,,,,,,,,,,,,,,,,,0,,,,,,,49.2890383,31.4364988,
17:53:25.401,,,,,,,,,,,,,,,,,,,,,0,0,,,,,,,,,,,,,49.2890383,31.4364988,
17:53:25.510,,,,,,,,,,,,,,,,,,,,0,,,,,,,,,,,,,,,49.2890383,31.4364988,
17:53:25.713,,,,,,,,,,,,,,,,,,,,,,,,,,,,,,,42,,,,49.2890383,31.4364988,
17:53:25.857,,,,,,,,,,,,,,,,,,,,,,,-0,0,2.193651,2.193651,2952.8056579999993,,,0,,,,0,49.2890383,31.4364988,
17:53:25.916,,,,,,,,,,,,,,,,,,,,,,,,,,,,,-0.023250000000000028,,,,99,,49.2890383,31.4364988,
17:53:26.133,,,,,,,,,,60.5,,,,,,,,,,,,,,,,,,,,,,,,,49.2890381,31.4364988,
17:53:26.290,,,,,,,,,355.97,,,,,,,,,,,,,,,,,,,,,,,,,,49.2890381,31.4364988,
17:53:26.386,,,,,,,,,,,3.709,,,,,,,,,,,,,,,,,,,,,,,,49.2890381,31.4364988,
17:53:26.530,,,,,,,,,,,,3.701,,,,,,,,,,,,,,,,,,,,,,,49.2890381,31.4364988,
17:53:26.686,-7.099999999999909,,,,,,,,,,,,,,,,,,,,,,,,,,,,,,,,,,49.2890381,31.4364988,
17:53:26.830,,,-7.149999999999864,,,,,,,,,,,,,,,,,,,,,,,,,,,,,,,,49.2890381,31.4364988,
17:53:26.997,,-7.0499999999999545,,,,,,,,,,,,,,,,,,,,,,,,,,,,,,,,,49.289038,31.4364988,
17:53:27.152,,,,,24,,,,,,,,,,,,,,,,,,,,,,,,,,,,,,49.289038,31.4364988,
17:53:27.249,,,,,,24,,,,,,,,,,,,,,,,,,,,,,,,,,,,,49.289038,31.4364988,
17:53:27.406,,,,,,,24,,,,,,,,,,,,,,,,,,,,,,,,,,,,49.289038,31.4364988,
17:53:27.552,,,,,,,,24,,,,,,,,,,,,,,,,,,,,,,,,,,,49.289038,31.4364988,
17:53:27.661,,,,23,,,,,,,,,,,,,,,,,,,,,,,,,,,,,,,49.289038,31.4364988,
17:53:27.962,,,,,,,,,,,,,,,,,,36,,,,,,,,,,,,,,,,,49.2890379,31.4364987,
17:53:28.225,,,,,,,,,,,,,,35,,,,,,,,,,,,,,,,,,,,,49.2890379,31.4364987,
17:53:28.470,,,,,,,,,,,,,,,,,0,,,,,,,,,,,,,,,,,,49.2890379,31.4364987,
17:53:28.624,,,,,,,,,,,,,49,,,,,,,,,,,,,,,,,,,,,,49.2890379,31.4364987,
17:53:28.733,,,,,,,,,,,,,,,0,0,,,,,,,,,,,,,,,,,,,49.2890379,31.4364987,
17:53:28.830,,,,,,,,,,,,,,,,,,,0,,,,,,,,,,,,,,,,49.2890379,31.4364987,
17:53:29.034,,,,,,,,,,,,,,,,,,,,,,,,,,,,0,,,,,,,49.2890377,31.4364987,
17:53:29.188,,,,,,,,,,,,,,,,,,,,,,,,,,,,,,,,52,,,49.2890377,31.4364987,
17:53:29.358,,,,,,,,,,,,,,,,,,,,,0,0,,,,,,,,,,,,,49.2890377,31.4364987,
17:53:29.436,,,,,,,,,,,,,,,,,,,,0,,,,,,,,,,,,,,,49.2890377,31.4364987,
17:53:29.498,,,,,,,,,,,,,,,,,,,,,,,,,,,,,,,42,,,,49.2890377,31.4364987,
17:53:29.589,,,,,,,,,,,,,,,,,,,,,,,-0,0,2.193651,2.193651,2952.8056579999993,,,0,,,,0,49.2890377,31.4364987,
17:53:29.648,,,,,,,,,,,,,,,,,,,,,,,,,,,,,-0.023250000000000028,,,,99,,49.2890377,31.4364987,
17:53:29.866,,,,,,,,,,60,,,,,,,,,,,,,,,,,,,,,,,,,49.2890377,31.4364987,
17:53:29.949,,,,,,,,,355.64,,,,,,,,,,,,,,,,,,,,,,,,,,49.2890376,31.4364987,
17:53:30.117,,,,,,,,,,,3.709,,,,,,,,,,,,,,,,,,,,,,,,49.2890376,31.4364987,
17:53:30.200,,,,,,,,,,,,3.7,,,,,,,,,,,,,,,,,,,,,,,49.2890376,31.4364987,
17:53:30.321,-7.0499999999999545,,,,,,,,,,,,,,,,,,,,,,,,,,,,,,,,,,49.2890376,31.4364987,
17:53:30.460,,,-7.199999999999818,,,,,,,,,,,,,,,,,,,,,,,,,,,,,,,,49.2890376,31.4364987,
17:53:30.533,,-6.849999999999909,,,,,,,,,,,,,,,,,,,,,,,,,,,,,,,,,49.2890376,31.4364987,
17:53:30.665,,,,,24,,,,,,,,,,,,,,,,,,,,,,,,,,,,,,49.2890376,31.4364987,
17:53:30.785,,,,,,24,,,,,,,,,,,,,,,,,,,,,,,,,,,,,49.2890376,31.4364987,
17:53:30.833,,,,,,,24,,,,,,,,,,,,,,,,,,,,,,,,,,,,49.2890376,31.4364987,
17:53:30.881,,,,,,,,24,,,,,,,,,,,,,,,,,,,,,,,,,,,49.2890376,31.4364988,
17:53:31.001,,,,23,,,,,,,,,,,,,,,,,,,,,,,,,,,,,,,49.2890376,31.4364988,
17:53:31.194,,,,,,,,,,,,,,,,,,36,,,,,,,,,,,,,,,,,49.2890376,31.4364988,
17:53:31.342,,,,,,,,,,,,,,35,,,,,,,,,,,,,,,,,,,,,49.2890376,31.4364988,
17:53:31.437,,,,,,,,,,,,,,,,,0,,,,,,,,,,,,,,,,,,49.2890376,31.4364988,
17:53:31.654,,,,,,,,,,,,,49,,,,,,,,,,,,,,,,,,,,,,49.2890376,31.4364988,
17:53:31.753,,,,,,,,,,,,,,,0,0,,,,,,,,,,,,,,,,,,,49.2890376,31.4364988,
17:53:31.850,,,,,,,,,,,,,,,,,,,0,,,,,,,,,,,,,,,,49.2890376,31.4364988,
17:53:32.112,,,,,,,,,,,,,,,,,,,,,,,,,,,,0,,,,,,,49.2890395,31.4364974,
17:53:32.221,,,,,,,,,,,,,,,,,,,,,0,0,,,,,,,,,,,,,49.2890395,31.4364974,
17:53:32.378,,,,,,,,,,,,,,,,,,,,0,,,,,,,,,,,,,,,49.2890395,31.4364974,
17:53:32.462,,,,,,,,,,,,,,,,,,,,,,,,,,,,,,,42,,,,49.2890395,31.4364974,
17:53:32.630,,,,,,,,,,,,,,,,,,,,,,,-0,0,2.193651,2.193651,2952.8056579999993,,,0,,,,0,49.2890395,31.4364974,
17:53:32.881,,,,,,,,,,,,,,,,,,,,,,,,,,,,,-0.023250000000000028,,,,99,,49.2890395,31.4364974,
17:53:33.137,,,,,,,,,,60,,,,,,,,,,,,,,,,,,,,,,,,,49.2890394,31.4364974,
17:53:33.245,,,,,,,,,355.48,,,,,,,,,,,,,,,,,,,,,,,,,,49.2890394,31.4364974,
17:53:33.341,,,,,,,,,,,3.707,,,,,,,,,,,,,,,,,,,,,,,,49.2890394,31.4364974,
17:53:33.449,,,,,,,,,,,,3.697,,,,,,,,,,,,,,,,,,,,,,,49.2890394,31.4364974,
17:53:33.545,-7.149999999999864,,,,,,,,,,,,,,,,,,,,,,,,,,,,,,,,,,49.2890394,31.4364974,
17:53:33.701,,,-7.149999999999864,,,,,,,,,,,,,,,,,,,,,,,,,,,,,,,,49.2890394,31.4364974,
17:53:33.797,,-6.849999999999909,,,,,,,,,,,,,,,,,,,,,,,,,,,,,,,,,49.2890394,31.4364974,
17:53:34.013,,,,,24,,,,,,,,,,,,,,,,,,,,,,,,,,,,,,49.2890392,31.4364979,
17:53:34.170,,,,,,24,,,,,,,,,,,,,,,,,,,,,,,,,,,,,49.2890392,31.4364979,
17:53:34.302,,,,,,,24,,,,,,,,,,,,,,,,,,,,,,,,,,,,49.2890392,31.4364979,
17:53:34.362,,,,,,,,24,,,,,,,,,,,,,,,,,,,,,,,,,,,49.2890392,31.4364979,
17:53:34.409,,,,23,,,,,,,,,,,,,,,,,,,,,,,,,,,,,,,49.2890392,31.4364979,
17:53:34.685,,,,,,,,,,,,,,,,,,36,,,,,,,,,,,,,,,,,49.2890392,31.4364979,
17:53:34.829,,,,,,,,,,,,,,35,,,,,,,,,,,,,,,,,,,,,49.2890392,31.4364979,
17:53:34.925,,,,,,,,,,,,,,,,,0,,,,,,,,,,,,,,,,,,49.2890392,31.4364979,
17:53:35.094,,,,,,,,,,,,,49,,,,,,,,,,,,,,,,,,,,,,49.2890391,31.4364979,
17:53:35.185,,,,,,,,,,,,,,,0,0,,,,,,,,,,,,,,,,,,,49.2890391,31.4364979,
17:53:35.294,,,,,,,,,,,,,,,,,,,0,,,,,,,,,,,,,,,,49.2890391,31.4364979,
17:53:35.677,,,,,,,,,,,,,,,,,,,,,,,,,,,,0,,,,,,,49.2890391,31.4364979,
17:53:35.857,,,,,,,,,,,,,,,,,,,,,,,,,,,,,,,,52,,,49.2890391,31.4364979,
17:53:36.461,,,,,,,,,,,,,,,,,,,,,0,0,,,,,,,,,,,,,49.289039,31.4364978,
17:53:36.761,,,,,,,,,,,,,,,,,,,,0,,,,,,,,,,,,,,,49.289039,31.4364978,
17:53:36.818,,,,,,,,,,,,,,,,,,,,,,,,,,,,,,,42,,,,49.289039,31.4364978,
17:53:36.881,,,,,,,,,,,,,,,,,,,,,,,0,0,2.193651,2.193651,2952.8056579999993,,,0,,,,0,49.289039,31.4364978,
17:53:36.966,,,,,,,,,,,,,,,,,,,,,,,,,,,,,-0.023250000000000028,,,,99,,49.2890389,31.4364977,
17:53:37.165,,,,,,,,,,60,,,,,,,,,,,,,,,,,,,,,,,,,49.2890389,31.4364977,
17:53:37.288,,,,,,,,,355.32,,,,,,,,,,,,,,,,,,,,,,,,,,49.2890389,31.4364977,
17:53:37.364,,,,,,,,,,,3.706,,,,,,,,,,,,,,,,,,,,,,,,49.2890389,31.4364977,
17:53:37.449,,,,,,,,,,,,3.698,,,,,,,,,,,,,,,,,,,,,,,49.2890389,31.4364977,
17:53:37.574,-7.0499999999999545,,,,,,,,,,,,,,,,,,,,,,,,,,,,,,,,,,49.2890389,31.4364977,
17:53:37.636,,,-6.949999999999818,,,,,,,,,,,,,,,,,,,,,,,,,,,,,,,,49.2890389,31.4364977,
17:53:37.746,,-6.849999999999909,,,,,,,,,,,,,,,,,,,,,,,,,,,,,,,,,49.2890389,31.4364977,
17:53:37.856,,,,,24,,,,,,,,,,,,,,,,,,,,,,,,,,,,,,49.2890389,31.4364977,
17:53:37.966,,,,,,24,,,,,,,,,,,,,,,,,,,,,,,,,,,,,49.2890388,31.4364976,
17:53:38.056,,,,,,,24,,,,,,,,,,,,,,,,,,,,,,,,,,,,49.2890388,31.4364976,
17:53:38.189,,,,,,,,24,,,,,,,,,,,,,,,,,,,,,,,,,,,49.2890388,31.4364976,
17:53:38.267,,,,23,,,,,,,,,,,,,,,,,,,,,,,,,,,,,,,49.2890388,31.4364976,
17:53:38.430,,,,,,,,,,,,,,,,,,36,,,,,,,,,,,,,,,,,49.2890388,31.4364976,
17:53:38.500,,,,,,,,,,,,,,35,,,,,,,,,,,,,,,,,,,,,49.2890388,31.4364976,
17:53:38.605,,,,,,,,,,,,,,,,,0,,,,,,,,,,,,,,,,,,49.2890388,31.4364976,
17:53:38.713,,,,,,,,,,,,,49,,,,,,,,,,,,,,,,,,,,,,49.2890388,31.4364976,
17:53:38.918,,,,,,,,,,,,,,,0,0,,,,,,,,,,,,,,,,,,,49.2890388,31.4364976,
17:53:39.012,,,,,,,,,,,,,,,,,,,0,,,,,,,,,,,,,,,,49.2890388,31.4364974,
17:53:39.181,,,,,,,,,,,,,,,,,,,,,,,,,,,,0,,,,,,,49.2890388,31.4364974,
17:53:39.280,,,,,,,,,,,,,,,,,,,,,0,0,,,,,,,,,,,,,49.2890388,31.4364974,
17:53:39.389,,,,,,,,,,,,,,,,,,,,0,,,,,,,,,,,,,,,49.2890388,31.4364974,
17:53:39.532,,,,,,,,,,,,,,,,,,,,,,,,,,,,,,,42,,,,49.2890388,31.4364974,
17:53:39.641,,,,,,,,,,,,,,,,,,,,,,,0,0,2.193651,2.193651,2952.8056579999993,,,0,,,,0,49.2890388,31.4364974,
17:53:39.797,,,,,,,,,,,,,,,,,,,,,,,,,,,,,-0.023250000000000028,,,,99,,49.2890388,31.4364974,
17:53:40.158,,,,,,,,,,59.5,,,,,,,,,,,,,,,,,,,,,,,,,49.2890388,31.4364972,
17:53:40.265,,,,,,,,,355.16,,,,,,,,,,,,,,,,,,,,,,,,,,49.2890388,31.4364972,
17:53:40.529,,,,,,,,,,,3.705,,,,,,,,,,,,,,,,,,,,,,,,49.2890388,31.4364972,
17:53:40.936,,,,,,,,,,,,3.696,,,,,,,,,,,,,,,,,,,,,,,49.2890388,31.4364972,
17:53:41.081,-7.099999999999909,,,,,,,,,,,,,,,,,,,,,,,,,,,,,,,,,,49.2890388,31.436497,
17:53:41.237,,,-7.0499999999999545,,,,,,,,,,,,,,,,,,,,,,,,,,,,,,,,49.2890388,31.436497,
17:53:41.430,,-6.849999999999909,,,,,,,,,,,,,,,,,,,,,,,,,,,,,,,,,49.2890388,31.436497,
17:53:41.645,,,,,24,,,,,,,,,,,,,,,,,,,,,,,,,,,,,,49.2890388,31.436497,
17:53:41.849,,,,,,24,,,,,,,,,,,,,,,,,,,,,,,,,,,,,49.2890388,31.436497,
17:53:42.306,,,,,,,24,,,,,,,,,,,,,,,,,,,,,,,,,,,,49.2890387,31.4364967,
17:53:42.376,,,,,,,,24,,,,,,,,,,,,,,,,,,,,,,,,,,,49.2890387,31.4364967,
17:53:42.425,,,,23,,,,,,,,,,,,,,,,,,,,,,,,,,,,,,,49.2890387,31.4364967,
17:53:42.856,,,,,,,,,,,,,,,,,,35,,,,,,,,,,,,,,,,,49.2890387,31.4364967,
17:53:42.965,,,,,,,,,,,,,,35,,,,,,,,,,,,,,,,,,,,,49.2890388,31.4364964,
17:53:43.170,,,,,,,,,,,,,,,,,0,,,,,,,,,,,,,,,,,,49.2890388,31.4364964,
17:53:43.232,,,,,,,,,,,,,46,,,,,,,,,,,,,,,,,,,,,,49.2890388,31.4364964,
17:53:43.473,,,,,,,,,,,,,,,0,0,,,,,,,,,,,,,,,,,,,49.2890388,31.4364964,
17:53:43.557,,,,,,,,,,,,,,,,,,,0,,,,,,,,,,,,,,,,49.2890388,31.4364964,
17:53:43.882,,,,,,,,,,,,,,,,,,,,,,,,,,,,0,,,,,,,49.2890388,31.4364964,
17:53:44.041,,,,,,,,,,,,,,,,,,,,,,,,,,,,,,,,52,,,49.2890385,31.4364959,
17:53:44.137,,,,,,,,,,,,,,,,,,,,,0,0,,,,,,,,,,,,,49.2890385,31.4364959,
17:53:44.305,,,,,,,,,,,,,,,,,,,,0,,,,,,,,,,,,,,,49.2890385,31.4364959,
17:53:44.450,,,,,,,,,,,,,,,,,,,,,,,,,,,,,,,42,,,,49.2890385,31.4364959,
17:53:44.557,,,,,,,,,,,,,,,,,,,,,,,0,0,2.193651,2.193651,2952.8056579999993,,,0,,,,0,49.2890385,31.4364959,
17:53:44.654,,,,,,,,,,,,,,,,,,,,,,,,,,,,,-0.023250000000000028,,,,99,,49.2890385,31.4364959,
17:53:44.906,,,,,,,,,,59.5,,,,,,,,,,,,,,,,,,,,,,,,,49.2890385,31.4364959,
17:53:45.026,,,,,,,,,355.64,,,,,,,,,,,,,,,,,,,,,,,,,,49.2890383,31.4364954,
17:53:45.192,,,,,,,,,,,3.703,,,,,,,,,,,,,,,,,,,,,,,,49.2890383,31.4364954,
17:53:45.265,,,,,,,,,,,,3.695,,,,,,,,,,,,,,,,,,,,,,,49.2890383,31.4364954,
17:53:45.374,-6.899999999999864,,,,,,,,,,,,,,,,,,,,,,,,,,,,,,,,,,49.2890383,31.4364954,
17:53:45.445,,,-6.849999999999909,,,,,,,,,,,,,,,,,,,,,,,,,,,,,,,,49.2890383,31.4364954,
17:53:45.493,,-6.449999999999818,,,,,,,,,,,,,,,,,,,,,,,,,,,,,,,,,49.2890383,31.4364954,
17:53:45.553,,,,,24,,,,,,,,,,,,,,,,,,,,,,,,,,,,,,49.2890383,31.4364954,
17:53:45.673,,,,,,24,,,,,,,,,,,,,,,,,,,,,,,,,,,,,49.2890383,31.4364954,
17:53:45.901,,,,,,,24,,,,,,,,,,,,,,,,,,,,,,,,,,,,49.2890383,31.4364954,
17:53:46.081,,,,,,,,24,,,,,,,,,,,,,,,,,,,,,,,,,,,49.2890377,31.4364942,
17:53:46.250,,,,23,,,,,,,,,,,,,,,,,,,,,,,,,,,,,,,49.2890377,31.4364942,
17:53:46.514,,,,,,,,,,,,,,,,,,35,,,,,,,,,,,,,,,,,49.2890377,31.4364942,
17:53:46.597,,,,,,,,,,,,,,35,,,,,,,,,,,,,,,,,,,,,49.2890377,31.4364942,
17:53:46.705,,,,,,,,,,,,,,,,,67.4375,,,,,,,,,,,,,,,,,,49.2890377,31.4364942,
17:53:46.801,,,,,,,,,,,,,46,,,,,,,,,,,,,,,,,,,,,,49.2890377,31.4364942,
17:53:46.956,,,,,,,,,,,,,,,7072,0.421875,,,,,,,,,,,,,,,,,,,49.2890376,31.4364936,
17:53:47.124,,,,,,,,,,,,,,,,,,,0,,,,,,,,,,,,,,,,49.2890376,31.4364936,
17:53:47.306,,,,,,,,,,,,,,,,,,,,,,,,,,,,0,,,,,,,49.2890376,31.4364936,
17:53:47.425,,,,,,,,,,,,,,,,,,,,,0,0,,,,,,,,,,,,,49.2890376,31.4364936,
17:53:47.570,,,,,,,,,,,,,,,,,,,,0,,,,,,,,,,,,,,,49.2890376,31.4364936,
17:53:47.628,,,,,,,,,,,,,,,,,,,,,,,,,,,,,,,42,,,,49.2890376,31.4364936,
17:53:47.726,,,,,,,,,,,,,,,,,,,,,,,0,0,2.193651,2.193651,2952.8056579999993,,,0,,,,0,49.2890376,31.4364936,
17:53:47.894,,,,,,,,,,,,,,,,,,,,,,,,,,,,,-0.023250000000000028,,,,99,,49.2890376,31.4364936,
17:53:48.205,,,,,,,,,,59.5,,,,,,,,,,,,,,,,,,,,,,,,,49.2890376,31.4364934,
17:53:48.336,,,,,,,,,355.64,,,,,,,,,,,,,,,,,,,,,,,,,,49.2890376,31.4364934,
17:53:48.505,,,,,,,,,,,3.696,,,,,,,,,,,,,,,,,,,,,,,,49.2890376,31.4364934,
17:53:48.649,,,,,,,,,,,,3.685,,,,,,,,,,,,,,,,,,,,,,,49.2890376,31.4364934,
17:53:48.697,-12.849999999999909,,,,,,,,,,,,,,,,,,,,,,,,,,,,,,,,,,49.2890376,31.4364934,
17:53:48.817,,,-13.5,,,,,,,,,,,,,,,,,,,,,,,,,,,,,,,,49.2890376,31.4364934,
17:53:48.950,,-14.549999999999955,,,,,,,,,,,,,,,,,,,,,,,,,,,,,,,,,49.2890376,31.4364934,
17:53:49.049,,,,,24,,,,,,,,,,,,,,,,,,,,,,,,,,,,,,49.2890379,31.4364933,
17:53:49.109,,,,,,24,,,,,,,,,,,,,,,,,,,,,,,,,,,,,49.2890379,31.4364933,
17:53:49.265,,,,,,,24,,,,,,,,,,,,,,,,,,,,,,,,,,,,49.2890379,31.4364933,
17:53:49.421,,,,,,,,24,,,,,,,,,,,,,,,,,,,,,,,,,,,49.2890379,31.4364933,
17:53:49.564,,,,23,,,,,,,,,,,,,,,,,,,,,,,,,,,,,,,49.2890379,31.4364933,
17:53:49.876,,,,,,,,,,,,,,,,,,36,,,,,,,,,,,,,,,,,49.2890379,31.4364933,
17:53:50.046,,,,,,,,,,,,,,35,,,,,,,,,,,,,,,,,,,,,49.2890383,31.4364919,
17:53:50.177,,,,,,,,,,,,,,,,,88.453125,,,,,,,,,,,,,,,,,,49.2890383,31.4364919,
17:53:50.286,,,,,,,,,,,,,46,,,,,,,,,,,,,,,,,,,,,,49.2890383,31.4364919,
17:53:50.344,,,,,,,,,,,,,,,5632,0.34375,,,,,,,,,,,,,,,,,,,49.2890383,31.4364919,
17:53:50.488,,,,,,,,,,,,,,,,,,,6,,,,,,,,,,,,,,,,49.2890383,31.4364919,
17:53:50.706,,,,,,,,,,,,,,,,,,,,,,,,,,,,0,,,,,,,49.2890383,31.4364919,
17:53:50.885,,,,,,,,,,,,,,,,,,,,,,,,,,,,,,,,52,,,49.2890383,31.4364919,
17:53:51.018,,,,,,,,,,,,,,,,,,,,,0,0,,,,,,,,,,,,,49.2890384,31.4364984,
17:53:51.185,,,,,,,,,,,,,,,,,,,,0,,,,,,,,,,,,,,,49.2890384,31.4364984,
17:53:51.305,,,,,,,,,,,,,,,,,,,,,,,,,,,,,,,42,,,,49.2890384,31.4364984,
17:53:51.509,,,,,,,,,,,,,,,,,,,,,,,0.015491144137682942,0.008407484,2.202058,2.202058,2952.814064999999,,,1.0060473141492075,,,,8,49.2890384,31.4364984,
17:53:51.705,,,,,,,,,,,,,,,,,,,,,,,,,,,,,-0.023250000000000028,,,,99,,49.2890384,31.4364984,
17:53:51.910,,,,,,,,,,59,,,,,,,,,,,,,,,,,,,,,,,,,49.2890384,31.4364984,
17:53:52.030,,,,,,,,,352.91,,,,,,,,,,,,,,,,,,,,,,,,,,49.2890357,31.4365168,
17:53:52.129,,,,,,,,,,,3.669,,,,,,,,,,,,,,,,,,,,,,,,49.2890357,31.4365168,
17:53:52.428,,,,,,,,,,,,3.659,,,,,,,,,,,,,,,,,,,,,,,49.2890357,31.4365168,
17:53:52.514,-23.09999999999991,,,,,,,,,,,,,,,,,,,,,,,,,,,,,,,,,,49.2890357,31.4365168,
17:53:52.644,,,-22.799999999999955,,,,,,,,,,,,,,,,,,,,,,,,,,,,,,,,49.2890357,31.4365168,
17:53:52.825,,-22.449999999999818,,,,,,,,,,,,,,,,,,,,,,,,,,,,,,,,,49.2890347,31.4365155,
17:53:52.862,,,,,24,,,,,,,,,,,,,,,,,,,,,,,,,,,,,,49.2890347,31.4365155,
17:53:52.897,,,,,,24,,,,,,,,,,,,,,,,,,,,,,,,,,,,,49.2890347,31.4365155,
17:53:52.957,,,,,,,24,,,,,,,,,,,,,,,,,,,,,,,,,,,,49.2890347,31.4365155,
17:53:53.125,,,,,,,,24,,,,,,,,,,,,,,,,,,,,,,,,,,,49.2890347,31.4365155,
17:53:53.246,,,,23,,,,,,,,,,,,,,,,,,,,,,,,,,,,,,,49.2890347,31.4365155,
17:53:53.450,,,,,,,,,,,,,,,,,,36,,,,,,,,,,,,,,,,,49.2890347,31.4365155,
17:53:53.545,,,,,,,,,,,,,,35,,,,,,,,,,,,,,,,,,,,,49.2890347,31.4365155,
17:53:53.617,,,,,,,,,,,,,,,,,107.125,,,,,,,,,,,,,,,,,,49.2890347,31.4365155,
17:53:53.761,,,,,,,,,,,,,44,,,,,,,,,,,,,,,,,,,,,,49.2890347,31.4365155,
17:53:53.869,,,,,,,,,,,,,,,7136,0.421875,,,,,,,,,,,,,,,,,,,49.2890347,31.4365155,
17:53:53.990,,,,,,,,,,,,,,,,,,,14,,,,,,,,,,,,,,,,49.2890381,31.4365776,
17:53:54.374,,,,,,,,,,,,,,,,,,,,,,,,,,,,0,,,,,,,49.2890381,31.4365776,
17:53:54.444,,,,,,,,,,,,,,,,,,,,,0,0,,,,,,,,,,,,,49.2890381,31.4365776,
17:53:54.542,,,,,,,,,,,,,,,,,,,,0,,,,,,,,,,,,,,,49.2890381,31.4365776,
17:53:54.637,,,,,,,,,,,,,,,,,,,,,,,,,,,,,,,42,,,,49.2890381,31.4365776,
17:53:54.768,,,,,,,,,,,,,,,,,,,,,,,0.0280859086415247,0.021987553583333333,2.215638,2.215638,2952.8276449999994,,,2.37388007895436,,,,15,49.2890381,31.4365776,
17:53:54.842,,,,,,,,,,,,,,,,,,,,,,,,,,,,,-0.023250000000000028,,,,99,,49.2890381,31.4365776,
17:53:55.057,,,,,,,,,,58.5,,,,,,,,,,,,,,,,,,,,,,,,,49.2889877,31.4365889,
17:53:55.165,,,,,,,,,355.64,,,,,,,,,,,,,,,,,,,,,,,,,,49.2889877,31.4365889,
17:53:55.261,,,,,,,,,,,3.701,,,,,,,,,,,,,,,,,,,,,,,,49.2889877,31.4365889,
17:53:55.406,,,,,,,,,,,,3.69,,,,,,,,,,,,,,,,,,,,,,,49.2889877,31.4365889,
17:53:55.512,1.550000000000182,,,,,,,,,,,,,,,,,,,,,,,,,,,,,,,,,,49.2889877,31.4365889,
17:53:55.621,,,0.15000000000009095,,,,,,,,,,,,,,,,,,,,,,,,,,,,,,,,49.2889877,31.4365889,
17:53:55.717,,0,,,,,,,,,,,,,,,,,,,,,,,,,,,,,,,,,49.2889877,31.4365889,
17:53:55.813,,,,,24,,,,,,,,,,,,,,,,,,,,,,,,,,,,,,49.2889877,31.4365889,
17:53:55.873,,,,,,24,,,,,,,,,,,,,,,,,,,,,,,,,,,,,49.2889877,31.4365889,
17:53:56.016,,,,,,,24,,,,,,,,,,,,,,,,,,,,,,,,,,,,49.2889272,31.4365641,
17:53:56.126,,,,,,,,24,,,,,,,,,,,,,,,,,,,,,,,,,,,49.2889272,31.4365641,
17:53:56.186,,,,23,,,,,,,,,,,,,,,,,,,,,,,,,,,,,,,49.2889272,31.4365641,
17:53:56.437,,,,,,,,,,,,,,,,,,36,,,,,,,,,,,,,,,,,49.2889272,31.4365641,
17:53:56.606,,,,,,,,,,,,,,35,,,,,,,,,,,,,,,,,,,,,49.2889272,31.4365641,
17:53:56.738,,,,,,,,,,,,,,,,,-27.0625,,,,,,,,,,,,,,,,,,49.2889272,31.4365641,
17:53:56.893,,,,,,,,,,,,,44,,,,,,,,,,,,,,,,,,,,,,49.2889272,31.4365641,
17:53:57.001,,,,,,,,,,,,,,,-1440,-0.09375,,,,,,,,,,,,,,,,,,,49.2888858,31.4365407,
17:53:57.110,,,,,,,,,,,,,,,,,,,11,,,,,,,,,,,,,,,,49.2888858,31.4365407,
17:53:57.361,,,,,,,,,,,,,,,,,,,,,,,,,,,,0,,,,,,,49.2888858,31.4365407,
17:53:57.469,,,,,,,,,,,,,,,,,,,,,,,,,,,,,,,,51,,,49.2888858,31.4365407,
17:53:57.613,,,,,,,,,,,,,,,,,,,,,0,0,,,,,,,,,,,,,49.2888858,31.4365407,
17:53:57.718,,,,,,,,,,,,,,,,,,,,0,,,,,,,,,,,,,,,49.2888858,31.4365407,
17:53:57.825,,,,,,,,,,,,,,,,,,,,,,,,,,,,,,,42,,,,49.2888858,31.4365407,
17:53:57.920,,,,,,,,,,,,,,,,,,,,,,,,0.029867240083333333,2.223518,2.223518,2952.835524999999,,,2.9461247560910633,,,,9,49.2888858,31.4365407,
17:53:58.076,,,,,,,,,,,,,,,,,,,,,,,,,,,,,-0.023250000000000028,,,,99,,49.2888529,31.4365254,
17:53:58.438,,,,,,,,,,58.5,,,,,,,,,,,,,,,,,,,,,,,,,49.2888529,31.4365254,
17:53:58.545,,,,,,,,,353.07,,,,,,,,,,,,,,,,,,,,,,,,,,49.2888529,31.4365254,
17:53:58.677,,,,,,,,,,,3.692,,,,,,,,,,,,,,,,,,,,,,,,49.2888529,31.4365254,
17:53:58.749,,,,,,,,,,,,3.682,,,,,,,,,,,,,,,,,,,,,,,49.2888529,31.4365254,
17:53:58.844,-7.199999999999818,,,,,,,,,,,,,,,,,,,,,,,,,,,,,,,,,,49.2888529,31.4365254,
17:53:58.988,,,-7.2999999999999545,,,,,,,,,,,,,,,,,,,,,,,,,,,,,,,,49.2888268,31.4365112,
17:53:59.050,,-7.0499999999999545,,,,,,,,,,,,,,,,,,,,,,,,,,,,,,,,,49.2888268,31.4365112,
17:53:59.158,,,,,24,,,,,,,,,,,,,,,,,,,,,,,,,,,,,,49.2888268,31.4365112,
17:53:59.397,,,,,,24,,,,,,,,,,,,,,,,,,,,,,,,,,,,,49.2888268,31.4365112,
17:53:59.493,,,,,,,24,,,,,,,,,,,,,,,,,,,,,,,,,,,,49.2888268,31.4365112,
17:53:59.613,,,,,,,,24,,,,,,,,,,,,,,,,,,,,,,,,,,,49.2888268,31.4365112,
17:53:59.757,,,,23,,,,,,,,,,,,,,,,,,,,,,,,,,,,,,,49.2888268,31.4365112,
17:54:00.081,,,,,,,,,,,,,,,,,,37,,,,,,,,,,,,,,,,,49.2888032,31.4364944,
17:54:00.381,,,,,,,,,,,,,,35,,,,,,,,,,,,,,,,,,,,,49.2888032,31.4364944,
17:54:00.526,,,,,,,,,,,,,,,,,35.703125,,,,,,,,,,,,,,,,,,49.2888032,31.4364944,
17:54:00.837,,,,,,,,,,,,,44,,,,,,,,,,,,,,,,,,,,,,49.2888032,31.4364944,
17:54:01.006,,,,,,,,,,,,,,,256,0.015625,,,,,,,,,,,,,,,,,,,49.2887843,31.4364848,
17:54:01.138,,,,,,,,,,,,,,,,,,,9,,,,,,,,,,,,,,,,49.2887843,31.4364848,
17:54:01.294,,,,,,,,,,,,,,,,,,,,,,,,,,,,0,,,,,,,49.2887843,31.4364848,
17:54:01.438,,,,,,,,,,,,,,,,,,,,,0,0,,,,,,,,,,,,,49.2887843,31.4364848,
17:54:01.654,,,,,,,,,,,,,,,,,,,,0,,,,,,,,,,,,,,,49.2887843,31.4364848,
17:54:01.824,,,,,,,,,,,,,,,,,,,,,,,,,,,,,,,42,,,,49.2887843,31.4364848,
17:54:01.908,,,,,,,,,,,,,,,,,,,,,,,,0.03651395958333333,2.230165,2.230165,2952.842171999999,,,3.246957470267505,,,,6,49.2887843,31.4364848,
17:54:02.029,,,,,,,,,,,,,,,,,,,,,,,,,,,,,-0.023250000000000028,,,,99,,49.2887602,31.436489,
17:54:02.329,,,,,,,,,,58.5,,,,,,,,,,,,,,,,,,,,,,,,,49.2887602,31.436489,
17:54:02.473,,,,,,,,,353.71,,,,,,,,,,,,,,,,,,,,,,,,,,49.2887602,31.436489,
17:54:02.689,,,,,,,,,,,3.703,,,,,,,,,,,,,,,,,,,,,,,,49.2887602,31.436489,
17:54:02.893,,,,,,,,,,,,3.69,,,,,,,,,,,,,,,,,,,,,,,49.2887602,31.436489,
17:54:02.990,-2.6499999999998636,,,,,,,,,,,,,,,,,,,,,,,,,,,,,,,,,,49.2887406,31.4365091,
17:54:03.194,,,-3.1499999999998636,,,,,,,,,,,,,,,,,,,,,,,,,,,,,,,,49.2887406,31.4365091,
17:54:03.301,,-2.7999999999999545,,,,,,,,,,,,,,,,,,,,,,,,,,,,,,,,,49.2887406,31.4365091,
17:54:03.398,,,,,24,,,,,,,,,,,,,,,,,,,,,,,,,,,,,,49.2887406,31.4365091,
17:54:03.553,,,,,,24,,,,,,,,,,,,,,,,,,,,,,,,,,,,,49.2887406,31.4365091,
17:54:03.697,,,,,,,24,,,,,,,,,,,,,,,,,,,,,,,,,,,,49.2887406,31.4365091,
17:54:03.817,,,,,,,,24,,,,,,,,,,,,,,,,,,,,,,,,,,,49.2887406,31.4365091,
17:54:03.912,,,,23,,,,,,,,,,,,,,,,,,,,,,,,,,,,,,,49.2887406,31.4365091,
17:54:04.260,,,,,,,,,,,,,,,,,,37,,,,,,,,,,,,,,,,,49.2887396,31.4365203,
17:54:04.309,,,,,,,,,,,,,,35,,,,,,,,,,,,,,,,,,,,,49.2887396,31.4365203,
17:54:04.417,,,,,,,,,,,,,,,,,-93.546875,,,,,,,,,,,,,,,,,,49.2887396,31.4365203,
17:54:04.574,,,,,,,,,,,,,44,,,,,,,,,,,,,,,,,,,,,,49.2887396,31.4365203,
17:54:04.741,,,,,,,,,,,,,,,-5536,-0.34375,,,,,,,,,,,,,,,,,,,49.2887396,31.4365203,
17:54:04.933,,,,,,,,,,,,,,,,,,,3,,,,,,,,,,,,,,,,49.2887396,31.4365203,
17:54:05.113,,,,,,,,,,,,,,,,,,,,,,,,,,,,0,,,,,,,49.2887418,31.4365232,
17:54:05.172,,,,,,,,,,,,,,,,,,,,,,,,,,,,,,,,51,,,49.2887418,31.4365232,
17:54:05.342,,,,,,,,,,,,,,,,,,,,,0,0,,,,,,,,,,,,,49.2887418,31.4365232,
17:54:05.425,,,,,,,,,,,,,,,,,,,,0,,,,,,,,,,,,,,,49.2887418,31.4365232,
17:54:05.485,,,,,,,,,,,,,,,,,,,,,,,,,,,,,,,42,,,,49.2887418,31.4365232,
17:54:05.713,,,,,,,,,,,,,,,,,,,,,,,-0.007976763742806729,0.04074160858333333,2.234393,2.234393,2952.8463999999994,,,3.311651604542309,,,,4,49.2887418,31.4365232,
17:54:05.797,,,,,,,,,,,,,,,,,,,,,,,,,,,,,-0.023250000000000028,,,,99,,49.2887418,31.4365232,
17:54:06.060,,,,,,,,,,58,,,,,,,,,,,,,,,,,,,,,,,,,49.2887538,31.4365239,
17:54:06.240,,,,,,,,,354.36,,,,,,,,,,,,,,,,,,,,,,,,,,49.2887538,31.4365239,
17:54:06.312,,,,,,,,,,,3.699,,,,,,,,,,,,,,,,,,,,,,,,49.2887538,31.4365239,
17:54:06.409,,,,,,,,,,,,3.689,,,,,,,,,,,,,,,,,,,,,,,49.2887538,31.4365239,
17:54:06.517,-3.449999999999818,,,,,,,,,,,,,,,,,,,,,,,,,,,,,,,,,,49.2887538,31.4365239,
17:54:06.552,,,-3.5,,,,,,,,,,,,,,,,,,,,,,,,,,,,,,,,49.2887538,31.4365239,
17:54:06.673,,-3.449999999999818,,,,,,,,,,,,,,,,,,,,,,,,,,,,,,,,,49.2887538,31.4365239,
17:54:06.829,,,,,24,,,,,,,,,,,,,,,,,,,,,,,,,,,,,,49.2887538,31.4365239,
17:54:06.938,,,,,,24,,,,,,,,,,,,,,,,,,,,,,,,,,,,,49.2887538,31.4365239,
17:54:07.058,,,,,,,24,,,,,,,,,,,,,,,,,,,,,,,,,,,,49.2887631,31.4365255,
17:54:07.129,,,,,,,,24,,,,,,,,,,,,,,,,,,,,,,,,,,,49.2887631,31.4365255,
17:54:07.177,,,,23,,,,,,,,,,,,,,,,,,,,,,,,,,,,,,,49.2887631,31.4365255,
17:54:07.382,,,,,,,,,,,,,,,,,,37,,,,,,,,,,,,,,,,,49.2887631,31.4365255,
17:54:07.657,,,,,,,,,,,,,,35,,,,,,,,,,,,,,,,,,,,,49.2887631,31.4365255,
17:54:07.960,,,,,,,,,,,,,,,,,-20.921875,,,,,,,,,,,,,,,,,,49.2887741,31.4365169,
17:54:08.092,,,,,,,,,,,,,44,,,,,,,,,,,,,,,,,,,,,,49.2887741,31.4365169,
17:54:08.310,,,,,,,,,,,,,,,-1472,-0.09375,,,,,,,,,,,,,,,,,,,49.2887741,31.4365169,
17:54:08.465,,,,,,,,,,,,,,,,,,,3,,,,,,,,,,,,,,,,49.2887741,31.4365169,
17:54:08.717,,,,,,,,,,,,,,,,,,,,,,,,,,,,0,,,,,,,49.2887741,31.4365169,
17:54:08.825,,,,,,,,,,,,,,,,,,,,,0,0,,,,,,,,,,,,,49.2887741,31.4365169,
17:54:09.029,,,,,,,,,,,,,,,,,,,,0,,,,,,,,,,,,,,,49.2887786,31.4365147,
17:54:09.233,,,,,,,,,,,,,,,,,,,,,,,,,,,,,,,42,,,,49.2887786,31.4365147,
17:54:09.388,,,,,,,,,,,,,,,,,,,,,,,-0.029062013928742338,0.04074160858333333,2.234393,2.234393,2952.8463999999994,,,3.057909635637111,,,,0,49.2887786,31.4365147,
17:54:09.498,,,,,,,,,,,,,,,,,,,,,,,,,,,,,-0.023250000000000028,,,,99,,49.2887786,31.4365147,
17:54:09.689,,,,,,,,,,58,,,,,,,,,,,,,,,,,,,,,,,,,49.2887786,31.4365147,
17:54:09.736,,,,,,,,,355,,,,,,,,,,,,,,,,,,,,,,,,,,49.2887786,31.4365147,
17:54:09.856,,,,,,,,,,,3.696,,,,,,,,,,,,,,,,,,,,,,,,49.2887786,31.4365147,
17:54:10.050,,,,,,,,,,,,3.686,,,,,,,,,,,,,,,,,,,,,,,49.2887848,31.4365187,
17:54:10.158,-4.5499999999999545,,,,,,,,,,,,,,,,,,,,,,,,,,,,,,,,,,49.2887848,31.4365187,
17:54:10.254,,,-5.399999999999864,,,,,,,,,,,,,,,,,,,,,,,,,,,,,,,,49.2887848,31.4365187,
17:54:10.414,,-4.949999999999818,,,,,,,,,,,,,,,,,,,,,,,,,,,,,,,,,49.2887848,31.4365187,
17:54:10.669,,,,,24,,,,,,,,,,,,,,,,,,,,,,,,,,,,,,49.2887848,31.4365187,
17:54:10.829,,,,,,24,,,,,,,,,,,,,,,,,,,,,,,,,,,,,49.2887848,31.4365187,
17:54:10.937,,,,,,,24,,,,,,,,,,,,,,,,,,,,,,,,,,,,49.2887848,31.4365187,
17:54:11.020,,,,,,,,24,,,,,,,,,,,,,,,,,,,,,,,,,,,49.2887891,31.4365206,
17:54:11.166,,,,24,,,,,,,,,,,,,,,,,,,,,,,,,,,,,,,49.2887891,31.4365206,
17:54:11.440,,,,,,,,,,,,,,,,,,37,,,,,,,,,,,,,,,,,49.2887891,31.4365206,
17:54:11.548,,,,,,,,,,,,,,35,,,,,,,,,,,,,,,,,,,,,49.2887891,31.4365206,
17:54:11.597,,,,,,,,,,,,,,,,,135.640625,,,,,,,,,,,,,,,,,,49.2887891,31.4365206,
17:54:11.694,,,,,,,,,,,,,44,,,,,,,,,,,,,,,,,,,,,,49.2887891,31.4365206,
17:54:11.793,,,,,,,,,,,,,,,8832,0.53125,,,,,,,,,,,,,,,,,,,49.2887891,31.4365206,
17:54:11.902,,,,,,,,,,,,,,,,,,,5,,,,,,,,,,,,,,,,49.2887891,31.4365206,
17:54:12.093,,,,,,,,,,,,,,,,,,,,,,,,,,,,0,,,,,,,49.2887921,31.4365227,
17:54:12.201,,,,,,,,,,,,,,,,,,,,,,,,,,,,,,,,51,,,49.2887921,31.4365227,
17:54:12.320,,,,,,,,,,,,,,,,,,,,,0,0,,,,,,,,,,,,,49.2887921,31.4365227,
17:54:12.493,,,,,,,,,,,,,,,,,,,,0,,,,,,,,,,,,,,,49.2887921,31.4365227,
17:54:12.553,,,,,,,,,,,,,,,,,,,,,,,,,,,,,,,42,,,,49.2887921,31.4365227,
17:54:12.661,,,,,,,,,,,,,,,,,,,,,,,,0.047105775833333335,2.240757,2.240757,2952.8527639999993,,,3.309728542244902,,,,7,49.2887921,31.4365227,
17:54:12.745,,,,,,,,,,,,,,,,,,,,,,,,,,,,,-0.023250000000000028,,,,99,,49.2887921,31.4365227,
17:54:12.997,,,,,,,,,,58,,,,,,,,,,,,,,,,,,,,,,,,,49.2888018,31.4365299,
17:54:13.117,,,,,,,,,351.14,,,,,,,,,,,,,,,,,,,,,,,,,,49.2888018,31.4365299,
17:54:13.236,,,,,,,,,,,3.679,,,,,,,,,,,,,,,,,,,,,,,,49.2888018,31.4365299,
17:54:13.308,,,,,,,,,,,,3.674,,,,,,,,,,,,,,,,,,,,,,,49.2888018,31.4365299,
17:54:13.441,-6.899999999999864,,,,,,,,,,,,,,,,,,,,,,,,,,,,,,,,,,49.2888018,31.4365299,
17:54:13.574,,,-6.199999999999818,,,,,,,,,,,,,,,,,,,,,,,,,,,,,,,,49.2888018,31.4365299,
17:54:13.733,,-6,,,,,,,,,,,,,,,,,,,,,,,,,,,,,,,,,49.2888018,31.4365299,
17:54:13.842,,,,,24,,,,,,,,,,,,,,,,,,,,,,,,,,,,,,49.2888018,31.4365299,
17:54:13.937,,,,,,24,,,,,,,,,,,,,,,,,,,,,,,,,,,,,49.2888018,31.4365299,
17:54:14.045,,,,,,,24,,,,,,,,,,,,,,,,,,,,,,,,,,,,49.2888263,31.4365421,
17:54:14.153,,,,,,,,24,,,,,,,,,,,,,,,,,,,,,,,,,,,49.2888263,31.4365421,
17:54:14.249,,,,24,,,,,,,,,,,,,,,,,,,,,,,,,,,,,,,49.2888263,31.4365421,
17:54:14.514,,,,,,,,,,,,,,,,,,38,,,,,,,,,,,,,,,,,49.2888263,31.4365421,
17:54:14.706,,,,,,,,,,,,,,35,,,,,,,,,,,,,,,,,,,,,49.2888323,31.436542,
17:54:14.753,,,,,,,,,,,,,,,,,96.03125,,,,,,,,,,,,,,,,,,49.2888323,31.436542,
17:54:14.921,,,,,,,,,,,,,42,,,,,,,,,,,,,,,,,,,,,,49.2888323,31.436542,
17:54:15.077,,,,,,,,,,,,,,,7008,0.421875,,,,,,,,,,,,,,,,,,,49.2888581,31.4365534,
17:54:15.166,,,,,,,,,,,,,,,,,,,11,,,,,,,,,,,,,,,,49.2888581,31.4365534,
17:54:15.466,,,,,,,,,,,,,,,,,,,,,,,,,,,,0,,,,,,,49.2888581,31.4365534,
17:54:15.670,,,,,,,,,,,,,,,,,,,,,0,0,,,,,,,,,,,,,49.2888581,31.4365534,
17:54:15.850,,,,,,,,,,,,,,,,,,,,0,,,,,,,,,,,,,,,49.2888581,31.4365534,
17:54:15.946,,,,,,,,,,,,,,,,,,,,,,,,,,,,,,,43,,,,49.2888581,31.4365534,
17:54:16.046,,,,,,,,,,,,,,,,,,,,,,,,0.05932703827777778,2.252978,2.252978,2952.8649849999993,,,3.910138904555311,,,,13,49.2888783,31.4365585,
17:54:16.141,,,,,,,,,,,,,,,,,,,,,,,,,,,,,-0.023250000000000028,,,,99,,49.2888783,31.4365585,
17:54:16.405,,,,,,,,,,57.5,,,,,,,,,,,,,,,,,,,,,,,,,49.2888783,31.4365585,
17:54:16.503,,,,,,,,,348.88,,,,,,,,,,,,,,,,,,,,,,,,,,49.2888783,31.4365585,
17:54:16.672,,,,,,,,,,,3.626,,,,,,,,,,,,,,,,,,,,,,,,49.2888783,31.4365585,
17:54:16.757,,,,,,,,,,,,3.616,,,,,,,,,,,,,,,,,,,,,,,49.2888783,31.4365585,
17:54:16.878,-34.44999999999982,,,,,,,,,,,,,,,,,,,,,,,,,,,,,,,,,,49.2888783,31.4365585,
17:54:17.008,,,-28.5,,,,,,,,,,,,,,,,,,,,,,,,,,,,,,,,49.2889154,31.4365597,
17:54:17.180,,-26.75,,,,,,,,,,,,,,,,,,,,,,,,,,,,,,,,,49.2889154,31.4365597,
17:54:17.328,,,,,24,,,,,,,,,,,,,,,,,,,,,,,,,,,,,,49.2889154,31.4365597,
17:54:17.413,,,,,,24,,,,,,,,,,,,,,,,,,,,,,,,,,,,,49.2889154,31.4365597,
17:54:17.485,,,,,,,24,,,,,,,,,,,,,,,,,,,,,,,,,,,,49.2889154,31.4365597,
17:54:17.654,,,,,,,,24,,,,,,,,,,,,,,,,,,,,,,,,,,,49.2889154,31.4365597,
17:54:17.736,,,,24,,,,,,,,,,,,,,,,,,,,,,,,,,,,,,,49.2889154,31.4365597,
17:54:18.088,,,,,,,,,,,,,,,,,,38,,,,,,,,,,,,,,,,,49.2889803,31.436589,
17:54:18.148,,,,,,,,,,,,,,35,,,,,,,,,,,,,,,,,,,,,49.2889803,31.436589,
17:54:18.304,,,,,,,,,,,,,,,,,12.078125,,,,,,,,,,,,,,,,,,49.2889803,31.436589,
17:54:18.401,,,,,,,,,,,,,42,,,,,,,,,,,,,,,,,,,,,,49.2889803,31.436589,
17:54:18.508,,,,,,,,,,,,,,,288,0.015625,,,,,,,,,,,,,,,,,,,49.2889803,31.436589,
17:54:18.606,,,,,,,,,,,,,,,,,,,20,,,,,,,,,,,,,,,,49.2889803,31.436589,
17:54:18.702,,,,,,,,,,,,,,,,,,,,,,,,,,,,0,,,,,,,49.2889803,31.436589,
17:54:18.761,,,,,,,,,,,,,,,,,,,,,,,,,,,,,,,,51,,,49.2889803,31.436589,
17:54:18.844,,,,,,,,,,,,,,,,,,,,,0,0,,,,,,,,,,,,,49.2889803,31.436589,
17:54:18.916,,,,,,,,,,,,,,,,,,,,0,,,,,,,,,,,,,,,49.2889803,31.436589,
17:54:19.064,,,,,,,,,,,,,,,,,,,,,,,,,,,,,,,43,,,,49.28903,31.43659,
17:54:19.224,,,,,,,,,,,,,,,,,,,,,,,,0.07698629383333333,2.270637,2.270637,2952.8826439999993,,,4.794986978358385,,,,20,49.28903,31.43659,
17:54:19.368,,,,,,,,,,,,,,,,,,,,,,,,,,,,,-0.023250000000000028,,,,99,,49.28903,31.43659,
17:54:19.526,,,,,,,,,,57,,,,,,,,,,,,,,,,,,,,,,,,,49.28903,31.43659,
17:54:19.670,,,,,,,,,354.36,,,,,,,,,,,,,,,,,,,,,,,,,,49.28903,31.43659,
17:54:19.790,,,,,,,,,,,3.683,,,,,,,,,,,,,,,,,,,,,,,,49.28903,31.43659,
17:54:19.874,,,,,,,,,,,,3.686,,,,,,,,,,,,,,,,,,,,,,,49.28903,31.43659,
17:54:19.984,16.15000000000009,,,,,,,,,,,,,,,,,,,,,,,,,,,,,,,,,,49.2890766,31.4365925,
17:54:20.033,,,15.950000000000045,,,,,,,,,,,,,,,,,,,,,,,,,,,,,,,,49.2890766,31.4365925,
17:54:20.146,,16,,,,,,,,,,,,,,,,,,,,,,,,,,,,,,,,,49.2890766,31.4365925,
17:54:20.258,,,,,24,,,,,,,,,,,,,,,,,,,,,,,,,,,,,,49.2890766,31.4365925,
17:54:20.353,,,,,,24,,,,,,,,,,,,,,,,,,,,,,,,,,,,,49.2890766,31.4365925,
17:54:20.450,,,,,,,24,,,,,,,,,,,,,,,,,,,,,,,,,,,,49.2890766,31.4365925,
17:54:20.546,,,,,,,,24,,,,,,,,,,,,,,,,,,,,,,,,,,,49.2890766,31.4365925,
17:54:20.593,,,,24,,,,,,,,,,,,,,,,,,,,,,,,,,,,,,,49.2890766,31.4365925,
17:54:20.762,,,,,,,,,,,,,,,,,,39,,,,,,,,,,,,,,,,,49.2890766,31.4365925,
17:54:20.861,,,,,,,,,,,,,,35,,,,,,,,,,,,,,,,,,,,,49.2890766,31.4365925,
17:54:21.005,,,,,,,,,,,,,,,,,-59.765625,,,,,,,,,,,,,,,,,,49.2891198,31.436594,
17:54:21.066,,,,,,,,,,,,,42,,,,,,,,,,,,,,,,,,,,,,49.2891198,31.436594,
17:54:21.162,,,,,,,,,,,,,,,-3744,-0.234375,,,,,,,,,,,,,,,,,,,49.2891198,31.436594,
17:54:21.311,,,,,,,,,,,,,,,,,,,16,,,,,,,,,,,,,,,,49.2891198,31.436594,
17:54:21.516,,,,,,,,,,,,,,,,,,,,,,,,,,,,0,,,,,,,49.2891198,31.436594,
17:54:21.613,,,,,,,,,,,,,,,,,,,,,0,0,,,,,,,,,,,,,49.2891198,31.436594,
17:54:21.672,,,,,,,,,,,,,,,,,,,,0,,,,,,,,,,,,,,,49.2891198,31.436594,
17:54:21.721,,,,,,,,,,,,,,,,,,,,,,,,,,,,,,,43,,,,49.2891198,31.436594,
17:54:21.816,,,,,,,,,,,,,,,,,,,,,,,,0.08778537216666667,2.281436,2.281436,2952.8934429999995,,,5.232945578676322,,,,15,49.2891198,31.436594,
17:54:21.889,,,,,,,,,,,,,,,,,,,,,,,,,,,,,-0.023250000000000028,,,,99,,49.2891198,31.436594,
17:54:22.032,,,,,,,,,,57,,,,,,,,,,,,,,,,,,,,,,,,,49.2891586,31.4365921,
17:54:22.094,,,,,,,,,354.52,,,,,,,,,,,,,,,,,,,,,,,,,,49.2891586,31.4365921,
17:54:22.189,,,,,,,,,,,3.703,,,,,,,,,,,,,,,,,,,,,,,,49.2891586,31.4365921,
17:54:22.238,,,,,,,,,,,,3.694,,,,,,,,,,,,,,,,,,,,,,,49.2891586,31.4365921,
17:54:22.393,6.850000000000136,,,,,,,,,,,,,,,,,,,,,,,,,,,,,,,,,,49.2891586,31.4365921,
17:54:22.488,,,6.150000000000091,,,,,,,,,,,,,,,,,,,,,,,,,,,,,,,,49.2891586,31.4365921,
17:54:22.549,,6.400000000000091,,,,,,,,,,,,,,,,,,,,,,,,,,,,,,,,,49.2891586,31.4365921,
17:54:22.633,,,,,24,,,,,,,,,,,,,,,,,,,,,,,,,,,,,,49.2891586,31.4365921,
17:54:22.693,,,,,,24,,,,,,,,,,,,,,,,,,,,,,,,,,,,,49.2891586,31.4365921,
17:54:22.790,,,,,,,24,,,,,,,,,,,,,,,,,,,,,,,,,,,,49.2891586,31.4365921,
17:54:22.837,,,,,,,,24,,,,,,,,,,,,,,,,,,,,,,,,,,,49.2891586,31.4365921,
17:54:22.897,,,,24,,,,,,,,,,,,,,,,,,,,,,,,,,,,,,,49.2891586,31.4365921,
17:54:23.100,,,,,,,,,,,,,,,,,,39,,,,,,,,,,,,,,,,,49.2891895,31.4365933,
17:54:23.137,,,,,,,,,,,,,,35,,,,,,,,,,,,,,,,,,,,,49.2891895,31.4365933,
17:54:23.196,,,,,,,,,,,,,,,,,-158.140625,,,,,,,,,,,,,,,,,,49.2891895,31.4365933,
17:54:23.256,,,,,,,,,,,,,42,,,,,,,,,,,,,,,,,,,,,,49.2891895,31.4365933,
17:54:23.329,,,,,,,,,,,,,,,-9856,-0.609375,,,,,,,,,,,,,,,,,,,49.2891895,31.4365933,
17:54:23.438,,,,,,,,,,,,,,,,,,,9,,,,,,,,,,,,,,,,49.2891895,31.4365933,
17:54:23.654,,,,,,,,,,,,,,,,,,,,,,,,,,,,0,,,,,,,49.2891895,31.4365933,
17:54:23.858,,,,,,,,,,,,,,,,,,,,,,,,,,,,,,,,51,,,49.2891895,31.4365933,
17:54:23.959,,,,,,,,,,,,,,,,,,,,,0,0,,,,,,,,,,,,,49.2892086,31.4365912,
17:54:24.080,,,,,,,,,,,,,,,,,,,,0,,,,,,,,,,,,,,,49.2892086,31.4365912,
17:54:24.309,,,,,,,,,,,,,,,,,,,,,,,,,,,,,,,43,,,,49.2892086,31.4365912,
17:54:24.442,,,,,,,,,,,,,,,,,,,,,,,,0.08778537216666667,2.281436,2.281436,2952.8934429999995,,,5.014863496275533,,,,0,49.2892086,31.4365912,
17:54:24.597,,,,,,,,,,,,,,,,,,,,,,,,,,,,,-0.023250000000000028,,,,99,,49.2892086,31.4365912,
17:54:24.790,,,,,,,,,,57,,,,,,,,,,,,,,,,,,,,,,,,,49.2892086,31.4365912,
17:54:24.993,,,,,,,,,353.07,,,,,,,,,,,,,,,,,,,,,,,,,,49.2892082,31.4365925,
17:54:25.197,,,,,,,,,,,3.69,,,,,,,,,,,,,,,,,,,,,,,,49.2892082,31.4365925,
17:54:25.401,,,,,,,,,,,,3.671,,,,,,,,,,,,,,,,,,,,,,,49.2892082,31.4365925,
17:54:25.510,-18.84999999999991,,,,,,,,,,,,,,,,,,,,,,,,,,,,,,,,,,49.2892082,31.4365925,
17:54:25.714,,,-24.549999999999955,,,,,,,,,,,,,,,,,,,,,,,,,,,,,,,,49.2892082,31.4365925,
17:54:26.012,,-29.699999999999818,,,,,,,,,,,,,,,,,,,,,,,,,,,,,,,,,49.2892115,31.436593,
17:54:26.120,,,,,24,,,,,,,,,,,,,,,,,,,,,,,,,,,,,,49.2892115,31.436593,
17:54:26.317,,,,,,24,,,,,,,,,,,,,,,,,,,,,,,,,,,,,49.2892115,31.436593,
17:54:26.426,,,,,,,24,,,,,,,,,,,,,,,,,,,,,,,,,,,,49.2892115,31.436593,
17:54:26.533,,,,,,,,24,,,,,,,,,,,,,,,,,,,,,,,,,,,49.2892115,31.436593,
17:54:26.725,,,,24,,,,,,,,,,,,,,,,,,,,,,,,,,,,,,,49.2892115,31.436593,
17:54:27.038,,,,,,,,,,,,,,,,,,40,,,,,,,,,,,,,,,,,49.2892309,31.4365911,
17:54:27.245,,,,,,,,,,,,,,35,,,,,,,,,,,,,,,,,,,,,49.2892309,31.4365911,
17:54:27.452,,,,,,,,,,,,,,,,,53,,,,,,,,,,,,,,,,,,49.2892309,31.4365911,
17:54:27.645,,,,,,,,,,,,,42,,,,,,,,,,,,,,,,,,,,,,49.2892309,31.4365911,
17:54:27.752,,,,,,,,,,,,,,,-640,-0.046875,,,,,,,,,,,,,,,,,,,49.2892309,31.4365911,
17:54:27.861,,,,,,,,,,,,,,,,,,,13,,,,,,,,,,,,,,,,49.2892309,31.4365911,
17:54:28.270,,,,,,,,,,,,,,,,,,,,,,,,,,,,0,,,,,,,49.2892634,31.4365772,
17:54:28.377,,,,,,,,,,,,,,,,,,,,,0,0,,,,,,,,,,,,,49.2892634,31.4365772,
17:54:28.569,,,,,,,,,,,,,,,,,,,,0,,,,,,,,,,,,,,,49.2892634,31.4365772,
17:54:28.677,,,,,,,,,,,,,,,,,,,,,,,,,,,,,,,43,,,,49.2892634,31.4365772,
17:54:28.881,,,,,,,,,,,,,,,,,,,,,,,,0.1025793155,2.29623,2.29623,2952.908236999999,,,5.474439640693696,,,,12,49.2892634,31.4365772,
17:54:28.978,,,,,,,,,,,,,,,,,,,,,,,,,,,,,-0.023250000000000028,,,,99,,49.2892926,31.4365489,
17:54:29.289,,,,,,,,,,57,,,,,,,,,,,,,,,,,,,,,,,,,49.2892926,31.4365489,
17:54:29.398,,,,,,,,,353.71,,,,,,,,,,,,,,,,,,,,,,,,,,49.2892926,31.4365489,
17:54:29.590,,,,,,,,,,,3.691,,,,,,,,,,,,,,,,,,,,,,,,49.2892926,31.4365489,
17:54:29.722,,,,,,,,,,,,3.684,,,,,,,,,,,,,,,,,,,,,,,49.2892926,31.4365489,
17:54:29.914,3.150000000000091,,,,,,,,,,,,,,,,,,,,,,,,,,,,,,,,,,49.2892926,31.4365489,
17:54:30.117,,,3.1000000000001364,,,,,,,,,,,,,,,,,,,,,,,,,,,,,,,,49.2893135,31.4365081,
17:54:30.309,,13.200000000000045,,,,,,,,,,,,,,,,,,,,,,,,,,,,,,,,,49.2893135,31.4365081,
17:54:30.428,,,,,24,,,,,,,,,,,,,,,,,,,,,,,,,,,,,,49.2893135,31.4365081,
17:54:30.624,,,,,,24,,,,,,,,,,,,,,,,,,,,,,,,,,,,,49.2893135,31.4365081,
17:54:30.828,,,,,,,24,,,,,,,,,,,,,,,,,,,,,,,,,,,,49.2893135,31.4365081,
17:54:30.925,,,,,,,,24,,,,,,,,,,,,,,,,,,,,,,,,,,,49.2893135,31.4365081,
17:54:31.046,,,,24,,,,,,,,,,,,,,,,,,,,,,,,,,,,,,,49.2893255,31.4364673,
17:54:31.345,,,,,,,,,,,,,,,,,,41,,,,,,,,,,,,,,,,,49.2893255,31.4364673,
17:54:31.538,,,,,,,,,,,,,,35,,,,,,,,,,,,,,,,,,,,,49.2893255,31.4364673,
17:54:31.657,,,,,,,,,,,,,,,,,-56.140625,,,,,,,,,,,,,,,,,,49.2893255,31.4364673,
17:54:31.849,,,,,,,,,,,,,40,,,,,,,,,,,,,,,,,,,,,,49.2893255,31.4364673,
17:54:31.957,,,,,,,,,,,,,,,-4416,-0.28125,,,,,,,,,,,,,,,,,,,49.2893352,31.4364331,
17:54:32.162,,,,,,,,,,,,,,,,,,,9,,,,,,,,,,,,,,,,49.2893352,31.4364331,
17:54:32.377,,,,,,,,,,,,,,,,,,,,,,,,,,,,0,,,,,,,49.2893352,31.4364331,
17:54:32.569,,,,,,,,,,,,,,,,,,,,,,,,,,,,,,,,51,,,49.2893352,31.4364331,
17:54:32.773,,,,,,,,,,,,,,,,,,,,,0,0,,,,,,,,,,,,,49.2893352,31.4364331,
17:54:32.869,,,,,,,,,,,,,,,,,,,,0,,,,,,,,,,,,,,,49.2893352,31.4364331,
17:54:33.086,,,,,,,,,,,,,,,,,,,,,,,,,,,,,,,43,,,,49.2893448,31.4364068,
17:54:33.301,,,,,,,,,,,,,,,,,,,,,,,,0.11240314038888889,2.306054,2.306054,2952.9180609999994,,,5.6297715589510755,,,,8,49.2893448,31.4364068,
17:54:33.481,,,,,,,,,,,,,,,,,,,,,,,,,,,,,-0.023250000000000028,,,,99,,49.2893448,31.4364068,
17:54:33.793,,,,,,,,,,56.5,,,,,,,,,,,,,,,,,,,,,,,,,49.2893448,31.4364068,
17:54:33.888,,,,,,,,,350.65000000000003,,,,,,,,,,,,,,,,,,,,,,,,,,49.2893448,31.4364068,
17:54:34.116,,,,,,,,,,,3.659,,,,,,,,,,,,,,,,,,,,,,,,49.2893585,31.4363805,
17:54:34.418,,,,,,,,,,,,3.651,,,,,,,,,,,,,,,,,,,,,,,49.2893585,31.4363805,
17:54:34.513,-24,,,,,,,,,,,,,,,,,,,,,,,,,,,,,,,,,,49.2893585,31.4363805,
17:54:34.609,,,-26.09999999999991,,,,,,,,,,,,,,,,,,,,,,,,,,,,,,,,49.2893585,31.4363805,
17:54:34.826,,-29.09999999999991,,,,,,,,,,,,,,,,,,,,,,,,,,,,,,,,,49.2893585,31.4363805,
17:54:35.029,,,,,24,,,,,,,,,,,,,,,,,,,,,,,,,,,,,,49.2893811,31.4363543,
17:54:35.138,,,,,,24,,,,,,,,,,,,,,,,,,,,,,,,,,,,,49.2893811,31.4363543,
17:54:35.341,,,,,,,24,,,,,,,,,,,,,,,,,,,,,,,,,,,,49.2893811,31.4363543,
17:54:35.544,,,,,,,,24,,,,,,,,,,,,,,,,,,,,,,,,,,,49.2893811,31.4363543,
17:54:35.749,,,,24,,,,,,,,,,,,,,,,,,,,,,,,,,,,,,,49.2893811,31.4363543,
17:54:36.026,,,,,,,,,,,,,,,,,,41,,,,,,,,,,,,,,,,,49.2894162,31.4363398,
17:54:36.144,,,,,,,,,,,,,,35,,,,,,,,,,,,,,,,,,,,,49.2894162,31.4363398,
17:54:36.252,,,,,,,,,,,,,,,,,64.703125,,,,,,,,,,,,,,,,,,49.2894162,31.4363398,
17:54:36.362,,,,,,,,,,,,,40,,,,,,,,,,,,,,,,,,,,,,49.2894162,31.4363398,
17:54:36.469,,,,,,,,,,,,,,,2240,0.125,,,,,,,,,,,,,,,,,,,49.2894162,31.4363398,
17:54:36.661,,,,,,,,,,,,,,,,,,,16,,,,,,,,,,,,,,,,49.2894162,31.4363398,
17:54:36.973,,,,,,,,,,,,,,,,,,,,,,,,,,,,0,,,,,,,49.2894557,31.4363452,
17:54:37.070,,,,,,,,,,,,,,,,,,,,,0,0,,,,,,,,,,,,,49.2894557,31.4363452,
17:54:37.201,,,,,,,,,,,,,,,,,,,,0,,,,,,,,,,,,,,,49.2894557,31.4363452,
17:54:37.381,,,,,,,,,,,,,,,,,,,,,,,,,,,,,,,43,,,,49.2894557,31.4363452,
17:54:37.490,,,,,,,,,,,,,,,,,,,,,,,,0.12985427705555555,2.323505,2.323505,2952.935511999999,,,6.1457107221976655,,,,15,49.2894557,31.4363452,
17:54:37.681,,,,,,,,,,,,,,,,,,,,,,,,,,,,,-0.023250000000000028,,,,99,,49.2894557,31.4363452,
17:54:37.898,,,,,,,,,,56,,,,,,,,,,,,,,,,,,,,,,,,,49.2894557,31.4363452,
17:54:38.100,,,,,,,,,353.07,,,,,,,,,,,,,,,,,,,,,,,,,,49.2894937,31.4363583,
17:54:38.196,,,,,,,,,,,3.674,,,,,,,,,,,,,,,,,,,,,,,,49.2894937,31.4363583,
17:54:38.425,,,,,,,,,,,,3.663,,,,,,,,,,,,,,,,,,,,,,,49.2894937,31.4363583,
17:54:38.613,-4.349999999999909,,,,,,,,,,,,,,,,,,,,,,,,,,,,,,,,,,49.2894937,31.4363583,
17:54:38.914,,,0.8000000000001819,,,,,,,,,,,,,,,,,,,,,,,,,,,,,,,,49.2894937,31.4363583,
17:54:39.023,,2.1000000000001364,,,,,,,,,,,,,,,,,,,,,,,,,,,,,,,,,49.2895274,31.4363693,
17:54:39.217,,,,,24,,,,,,,,,,,,,,,,,,,,,,,,,,,,,,49.2895274,31.4363693,
17:54:39.324,,,,,,24,,,,,,,,,,,,,,,,,,,,,,,,,,,,,49.2895274,31.4363693,
17:54:39.528,,,,,,,24,,,,,,,,,,,,,,,,,,,,,,,,,,,,49.2895274,31.4363693,
17:54:39.638,,,,,,,,24,,,,,,,,,,,,,,,,,,,,,,,,,,,49.2895274,31.4363693,
17:54:39.842,,,,24,,,,,,,,,,,,,,,,,,,,,,,,,,,,,,,49.2895274,31.4363693,
17:54:40.248,,,,,,,,,,,,,,,,,,42,,,,,,,,,,,,,,,,,49.2895559,31.4363781,
17:54:40.356,,,,,,,,,,,,,,35,,,,,,,,,,,,,,,,,,,,,49.2895559,31.4363781,
17:54:40.550,,,,,,,,,,,,,,,,,-79.328125,,,,,,,,,,,,,,,,,,49.2895559,31.4363781,
17:54:40.656,,,,,,,,,,,,,40,,,,,,,,,,,,,,,,,,,,,,49.2895559,31.4363781,
17:54:40.754,,,,,,,,,,,,,,,-4992,-0.3125,,,,,,,,,,,,,,,,,,,49.2895559,31.4363781,
17:54:40.957,,,,,,,,,,,,,,,,,,,6,,,,,,,,,,,,,,,,49.2895758,31.4363845,
17:54:41.269,,,,,,,,,,,,,,,,,,,,,,,,,,,,0,,,,,,,49.2895758,31.4363845,
17:54:41.474,,,,,,,,,,,,,,,,,,,,,,,,,,,,,,,,51,,,49.2895758,31.4363845,
17:54:41.570,,,,,,,,,,,,,,,,,,,,,0,0,,,,,,,,,,,,,49.2895758,31.4363845,
17:54:41.700,,,,,,,,,,,,,,,,,,,,0,,,,,,,,,,,,,,,49.2895758,31.4363845,
17:54:41.881,,,,,,,,,,,,,,,,,,,,,,,,,,,,,,,43,,,,49.2895758,31.4363845,
17:54:41.989,,,,,,,,,,,,,,,,,,,,,,,,0.12985427705555555,2.323505,2.323505,2952.935511999999,,,5.802470303544512,,,,0,49.2895823,31.4363878,
17:54:42.085,,,,,,,,,,,,,,,,,,,,,,,,,,,,,-0.023250000000000028,,,,99,,49.2895823,31.4363878,
17:54:42.397,,,,,,,,,,56,,,,,,,,,,,,,,,,,,,,,,,,,49.2895823,31.4363878,
17:54:42.517,,,,,,,,,354.36,,,,,,,,,,,,,,,,,,,,,,,,,,49.2895823,31.4363878,
17:54:42.830,,,,,,,,,,,3.681,,,,,,,,,,,,,,,,,,,,,,,,49.2895823,31.4363878,
17:54:43.009,,,,,,,,,,,,3.673,,,,,,,,,,,,,,,,,,,,,,,49.2895811,31.436389,
17:54:43.225,-4.699999999999818,,,,,,,,,,,,,,,,,,,,,,,,,,,,,,,,,,49.2895811,31.436389,
17:54:43.416,,,-4.7999999999999545,,,,,,,,,,,,,,,,,,,,,,,,,,,,,,,,49.2895811,31.436389,
17:54:43.513,,-4.2999999999999545,,,,,,,,,,,,,,,,,,,,,,,,,,,,,,,,,49.2895811,31.436389,
17:54:43.644,,,,,24,,,,,,,,,,,,,,,,,,,,,,,,,,,,,,49.2895811,31.436389,
17:54:43.825,,,,,,24,,,,,,,,,,,,,,,,,,,,,,,,,,,,,49.2895811,31.436389,
17:54:43.946,,,,,,,24,,,,,,,,,,,,,,,,,,,,,,,,,,,,49.2895811,31.436389,
17:54:44.033,,,,,,,,24,,,,,,,,,,,,,,,,,,,,,,,,,,,49.2895781,31.4363926,
17:54:44.092,,,,24,,,,,,,,,,,,,,,,,,,,,,,,,,,,,,,49.2895781,31.4363926,
17:54:44.333,,,,,,,,,,,,,,,,,,42,,,,,,,,,,,,,,,,,49.2895781,31.4363926,
17:54:44.441,,,,,,,,,,,,,,35,,,,,,,,,,,,,,,,,,,,,49.2895781,31.4363926,
17:54:44.550,,,,,,,,,,,,,,,,,0,,,,,,,,,,,,,,,,,,49.2895781,31.4363926,
17:54:44.613,,,,,,,,,,,,,40,,,,,,,,,,,,,,,,,,,,,,49.2895781,31.4363926,
17:54:44.650,,,,,,,,,,,,,,,0,0,,,,,,,,,,,,,,,,,,,49.2895781,31.4363926,
17:54:44.738,,,,,,,,,,,,,,,,,,,0,,,,,,,,,,,,,,,,49.2895781,31.4363926,
17:54:45.052,,,,,,,,,,,,,,,,,,,,,,,,,,,,0,,,,,,,49.2895771,31.4363934,
17:54:45.160,,,,,,,,,,,,,,,,,,,,,0,0,,,,,,,,,,,,,49.2895771,31.4363934,
17:54:45.353,,,,,,,,,,,,,,,,,,,,0,,,,,,,,,,,,,,,49.2895771,31.4363934,
17:54:45.461,,,,,,,,,,,,,,,,,,,,,,,,,,,,,,,43,,,,49.2895771,31.4363934,
17:54:45.582,,,,,,,,,,,,,,,,,,,,,,,,0.12985427705555555,2.323505,2.323505,2952.935511999999,,,5.554763828486202,,,,0,49.2895771,31.4363934,
17:54:45.690,,,,,,,,,,,,,,,,,,,,,,,,,,,,,-0.023250000000000028,,,,99,,49.2895771,31.4363934,
17:54:45.886,,,,,,,,,,56,,,,,,,,,,,,,,,,,,,,,,,,,49.2895771,31.4363934,
17:54:46.090,,,,,,,,,353.07,,,,,,,,,,,,,,,,,,,,,,,,,,49.2895771,31.4363939,
17:54:46.292,,,,,,,,,,,3.689,,,,,,,,,,,,,,,,,,,,,,,,49.2895771,31.4363939,
17:54:46.390,,,,,,,,,,,,3.671,,,,,,,,,,,,,,,,,,,,,,,49.2895771,31.4363939,
17:54:46.509,-6.25,,,,,,,,,,,,,,,,,,,,,,,,,,,,,,,,,,49.2895771,31.4363939,
17:54:46.694,,,-8.699999999999818,,,,,,,,,,,,,,,,,,,,,,,,,,,,,,,,49.2895771,31.4363939,
17:54:46.893,,-13.699999999999818,,,,,,,,,,,,,,,,,,,,,,,,,,,,,,,,,49.2895771,31.4363939,
17:54:47.001,,,,,24,,,,,,,,,,,,,,,,,,,,,,,,,,,,,,49.2895765,31.436394,
17:54:47.113,,,,,,24,,,,,,,,,,,,,,,,,,,,,,,,,,,,,49.2895765,31.436394,
17:54:47.316,,,,,,,24,,,,,,,,,,,,,,,,,,,,,,,,,,,,49.2895765,31.436394,
17:54:47.414,,,,,,,,24,,,,,,,,,,,,,,,,,,,,,,,,,,,49.2895765,31.436394,
17:54:47.617,,,,24,,,,,,,,,,,,,,,,,,,,,,,,,,,,,,,49.2895765,31.436394,
17:54:47.844,,,,,,,,,,,,,,,,,,42,,,,,,,,,,,,,,,,,49.2895765,31.436394,
17:54:48.036,,,,,,,,,,,,,,35,,,,,,,,,,,,,,,,,,,,,49.2895844,31.4363968,
17:54:48.242,,,,,,,,,,,,,,,,,109.484375,,,,,,,,,,,,,,,,,,49.2895844,31.4363968,
17:54:48.445,,,,,,,,,,,,,39,,,,,,,,,,,,,,,,,,,,,,49.2895844,31.4363968,
17:54:48.649,,,,,,,,,,,,,,,5856,0.34375,,,,,,,,,,,,,,,,,,,49.2895844,31.4363968,
17:54:48.841,,,,,,,,,,,,,,,,,,,9,,,,,,,,,,,,,,,,49.2895844,31.4363968,
17:54:49.049,,,,,,,,,,,,,,,,,,,,,,,,,,,,0,,,,,,,49.2896042,31.4364023,
17:54:49.254,,,,,,,,,,,,,,,,,,,,,,,,,,,,,,,,51,,,49.2896042,31.4364023,
17:54:49.362,,,,,,,,,,,,,,,,,,,,,0,0,,,,,,,,,,,,,49.2896042,31.4364023,
17:54:49.565,,,,,,,,,,,,,,,,,,,,0,,,,,,,,,,,,,,,49.2896042,31.4364023,
17:54:49.672,,,,,,,,,,,,,,,,,,,,,,,,,,,,,,,43,,,,49.2896042,31.4364023,
17:54:49.878,,,,,,,,,,,,,,,,,,,,,,,,0.14178880205555555,2.33544,2.33544,2952.947446999999,,,5.7706799308244685,,,,10,49.2896042,31.4364023,
17:54:50.178,,,,,,,,,,,,,,,,,,,,,,,,,,,,,-0.023250000000000028,,,,99,,49.2896302,31.4364104,
17:54:50.405,,,,,,,,,,55.5,,,,,,,,,,,,,,,,,,,,,,,,,49.2896302,31.4364104,
17:54:50.585,,,,,,,,,352.91,,,,,,,,,,,,,,,,,,,,,,,,,,49.2896302,31.4364104,
17:54:50.705,,,,,,,,,,,3.667,,,,,,,,,,,,,,,,,,,,,,,,49.2896302,31.4364104,
17:54:50.898,,,,,,,,,,,,3.663,,,,,,,,,,,,,,,,,,,,,,,49.2896302,31.4364104,
17:54:51.017,-3.599999999999909,,,,,,,,,,,,,,,,,,,,,,,,,,,,,,,,,,49.2896574,31.4364203,
17:54:51.209,,,-3.7999999999999545,,,,,,,,,,,,,,,,,,,,,,,,,,,,,,,,49.2896574,31.4364203,
17:54:51.413,,-4.099999999999909,,,,,,,,,,,,,,,,,,,,,,,,,,,,,,,,,49.2896574,31.4364203,
17:54:51.522,,,,,24,,,,,,,,,,,,,,,,,,,,,,,,,,,,,,49.2896574,31.4364203,
17:54:51.821,,,,,,24,,,,,,,,,,,,,,,,,,,,,,,,,,,,,49.2896574,31.4364203,
17:54:51.918,,,,,,,24,,,,,,,,,,,,,,,,,,,,,,,,,,,,49.2896574,31.4364203,
17:54:52.038,,,,,,,,24,,,,,,,,,,,,,,,,,,,,,,,,,,,49.2896818,31.4364312,
17:54:52.228,,,,24,,,,,,,,,,,,,,,,,,,,,,,,,,,,,,,49.2896818,31.4364312,
17:54:52.530,,,,,,,,,,,,,,,,,,43,,,,,,,,,,,,,,,,,49.2896818,31.4364312,
17:54:52.638,,,,,,,,,,,,,,35,,,,,,,,,,,,,,,,,,,,,49.2896818,31.4364312,
17:54:52.734,,,,,,,,,,,,,,,,,39.65625,,,,,,,,,,,,,,,,,,49.2896818,31.4364312,
17:54:52.840,,,,,,,,,,,,,39,,,,,,,,,,,,,,,,,,,,,,49.2896818,31.4364312,
17:54:52.950,,,,,,,,,,,,,,,3264,0.1875,,,,,,,,,,,,,,,,,,,49.2897029,31.4364453,
17:54:53.141,,,,,,,,,,,,,,,,,,,9,,,,,,,,,,,,,,,,49.2897029,31.4364453,
17:54:53.345,,,,,,,,,,,,,,,,,,,,,,,,,,,,0,,,,,,,49.2897029,31.4364453,
17:54:53.560,,,,,,,,,,,,,,,,,,,,,0,0,,,,,,,,,,,,,49.2897029,31.4364453,
17:54:53.656,,,,,,,,,,,,,,,,,,,,0,,,,,,,,,,,,,,,49.2897029,31.4364453,
17:54:53.861,,,,,,,,,,,,,,,,,,,,,,,,,,,,,,,43,,,,49.2897029,31.4364453,
17:54:53.970,,,,,,,,,,,,,,,,,,,,,,,,0.1531534403888889,2.346805,2.346805,2952.9588119999994,,,5.957651027796467,,,,10,49.2897207,31.4364673,
17:54:54.173,,,,,,,,,,,,,,,,,,,,,,,,,,,,,-0.023250000000000028,,,,99,,49.2897207,31.4364673,
17:54:54.377,,,,,,,,,,55,,,,,,,,,,,,,,,,,,,,,,,,,49.2897207,31.4364673,
17:54:54.473,,,,,,,,,349.04,,,,,,,,,,,,,,,,,,,,,,,,,,49.2897207,31.4364673,
17:54:54.689,,,,,,,,,,,3.647,,,,,,,,,,,,,,,,,,,,,,,,49.2897207,31.4364673,
17:54:54.904,,,,,,,,,,,,3.64,,,,,,,,,,,,,,,,,,,,,,,49.2897207,31.4364673,
17:54:55.014,-17.34999999999991,,,,,,,,,,,,,,,,,,,,,,,,,,,,,,,,,,49.2897361,31.4365036,
17:54:55.204,,,-12.199999999999818,,,,,,,,,,,,,,,,,,,,,,,,,,,,,,,,49.2897361,31.4365036,
17:54:55.397,,-6.449999999999818,,,,,,,,,,,,,,,,,,,,,,,,,,,,,,,,,49.2897361,31.4365036,
17:54:55.530,,,,,24,,,,,,,,,,,,,,,,,,,,,,,,,,,,,,49.2897361,31.4365036,
17:54:55.709,,,,,,24,,,,,,,,,,,,,,,,,,,,,,,,,,,,,49.2897361,31.4365036,
17:54:55.805,,,,,,,24,,,,,,,,,,,,,,,,,,,,,,,,,,,,49.2897361,31.4365036,
17:54:56.010,,,,,,,,24,,,,,,,,,,,,,,,,,,,,,,,,,,,49.2897427,31.4365488,
17:54:56.117,,,,24,,,,,,,,,,,,,,,,,,,,,,,,,,,,,,,49.2897427,31.4365488,
17:54:56.429,,,,,,,,,,,,,,,,,,43,,,,,,,,,,,,,,,,,49.2897427,31.4365488,
17:54:56.633,,,,,,,,,,,,,,35,,,,,,,,,,,,,,,,,,,,,49.2897427,31.4365488,
17:54:56.729,,,,,,,,,,,,,,,,,1.671875,,,,,,,,,,,,,,,,,,49.2897427,31.4365488,
17:54:56.849,,,,,,,,,,,,,39,,,,,,,,,,,,,,,,,,,,,,49.2897427,31.4365488,
17:54:56.958,,,,,,,,,,,,,,,416,0.015625,,,,,,,,,,,,,,,,,,,49.2897415,31.4365962,
17:54:57.137,,,,,,,,,,,,,,,,,,,12,,,,,,,,,,,,,,,,49.2897415,31.4365962,
17:54:57.353,,,,,,,,,,,,,,,,,,,,,,,,,,,,0,,,,,,,49.2897415,31.4365962,
17:54:57.653,,,,,,,,,,,,,,,,,,,,,,,,,,,,,,,,51,,,49.2897415,31.4365962,
17:54:57.761,,,,,,,,,,,,,,,,,,,,,0,0,,,,,,,,,,,,,49.2897415,31.4365962,
17:54:57.965,,,,,,,,,,,,,,,,,,,,0,,,,,,,,,,,,,,,49.2897377,31.4366414,
17:54:58.170,,,,,,,,,,,,,,,,,,,,,,,,,,,,,,,43,,,,49.2897377,31.4366414,
17:54:58.384,,,,,,,,,,,,,,,,,,,,,,,0.019004795479780765,0.16664197466666666,2.360294,2.360294,2952.9723009999993,,,6.1872216136377185,,,,11,49.2897377,31.4366414,
17:54:58.576,,,,,,,,,,,,,,,,,,,,,,,,,,,,,-0.023250000000000028,,,,99,,49.2897377,31.4366414,
17:54:58.781,,,,,,,,,,55,,,,,,,,,,,,,,,,,,,,,,,,,49.2897377,31.4366414,
17:54:58.876,,,,,,,,,345.82,,,,,,,,,,,,,,,,,,,,,,,,,,49.2897377,31.4366414,
17:54:58.984,,,,,,,,,,,3.618,,,,,,,,,,,,,,,,,,,,,,,,49.2897331,31.4366886,
17:54:59.081,,,,,,,,,,,,3.601,,,,,,,,,,,,,,,,,,,,,,,49.2897331,31.4366886,
17:54:59.190,-46.399999999999864,,,,,,,,,,,,,,,,,,,,,,,,,,,,,,,,,,49.2897331,31.4366886,
17:54:59.404,,,-1600,,,,,,,,,,,,,,,,,,,,,,,,,,,,,,,,49.2897331,31.4366886,
17:54:59.597,,-48.299999999999955,,,,,,,,,,,,,,,,,,,,,,,,,,,,,,,,,49.2897331,31.4366886,
17:54:59.801,,,,,24,,,,,,,,,,,,,,,,,,,,,,,,,,,,,,49.2897331,31.4366886,
17:54:59.908,,,,,,24,,,,,,,,,,,,,,,,,,,,,,,,,,,,,49.2897331,31.4366886,
17:55:00.005,,,,,,,24,,,,,,,,,,,,,,,,,,,,,,,,,,,,49.2897275,31.43675,
17:55:00.125,,,,,,,,24,,,,,,,,,,,,,,,,,,,,,,,,,,,49.2897275,31.43675,
17:55:00.318,,,,24,,,,,,,,,,,,,,,,,,,,,,,,,,,,,,,49.2897275,31.43675,
17:55:00.641,,,,,,,,,,,,,,,,,,43,,,,,,,,,,,,,,,,,49.2897275,31.43675,
17:55:00.833,,,,,,,,,,,,,,35,,,,,,,,,,,,,,,,,,,,,49.2897275,31.43675,
17:55:01.049,,,,,,,,,,,,,,,,,71.453125,,,,,,,,,,,,,,,,,,49.2897223,31.436827,
17:55:01.242,,,,,,,,,,,,,37,,,,,,,,,,,,,,,,,,,,,,49.2897223,31.436827,
17:55:01.350,,,,,,,,,,,,,,,4416,0.265625,,,,,,,,,,,,,,,,,,,49.2897223,31.436827,
17:55:01.540,,,,,,,,,,,,,,,,,,,22,,,,,,,,,,,,,,,,49.2897223,31.436827,
17:55:01.745,,,,,,,,,,,,,,,,,,,,,,,,,,,,0,,,,,,,49.2897223,31.436827,
17:55:01.962,,,,,,,,,,,,,,,,,,,,,0,0,,,,,,,,,,,,,49.2897158,31.4369129,
17:55:02.152,,,,,,,,,,,,,,,,,,,,0,,,,,,,,,,,,,,,49.2897158,31.4369129,
17:55:02.262,,,,,,,,,,,,,,,,,,,,,,,,,,,,,,,43,,,,49.2897158,31.4369129,
17:55:02.369,,,,,,,,,,,,,,,,,,,,,,,0.03880839121988364,0.19210238433333332,2.385754,2.385754,2952.997760999999,,,6.850957937450264,,,,23,49.2897158,31.4369129,
17:55:02.572,,,,,,,,,,,,,,,,,,,,,,,,,,,,,-0.023250000000000028,,,,99,,49.2897158,31.4369129,
17:55:02.873,,,,,,,,,,54,,,,,,,,,,,,,,,,,,,,,,,,,49.2897158,31.4369129,
17:55:02.993,,,,,,,,,347.76,,,,,,,,,,,,,,,,,,,,,,,,,,49.2897113,31.4370085,
17:55:03.187,,,,,,,,,,,3.622,,,,,,,,,,,,,,,,,,,,,,,,49.2897113,31.4370085,
17:55:03.293,,,,,,,,,,,,3.612,,,,,,,,,,,,,,,,,,,,,,,49.2897113,31.4370085,
17:55:03.486,-25.549999999999955,,,,,,,,,,,,,,,,,,,,,,,,,,,,,,,,,,49.2897113,31.4370085,
17:55:03.605,,,-25.699999999999818,,,,,,,,,,,,,,,,,,,,,,,,,,,,,,,,49.2897113,31.4370085,
17:55:03.797,,-26.09999999999991,,,,,,,,,,,,,,,,,,,,,,,,,,,,,,,,,49.2897113,31.4370085,
17:55:03.905,,,,,24,,,,,,,,,,,,,,,,,,,,,,,,,,,,,,49.2897113,31.4370085,
17:55:04.001,,,,,,24,,,,,,,,,,,,,,,,,,,,,,,,,,,,,49.2897059,31.4371035,
17:55:04.110,,,,,,,24,,,,,,,,,,,,,,,,,,,,,,,,,,,,49.2897059,31.4371035,
17:55:04.205,,,,,,,,24,,,,,,,,,,,,,,,,,,,,,,,,,,,49.2897059,31.4371035,
17:55:04.301,,,,24,,,,,,,,,,,,,,,,,,,,,,,,,,,,,,,49.2897059,31.4371035,
17:55:04.517,,,,,,,,,,,,,,,,,,43,,,,,,,,,,,,,,,,,49.2897059,31.4371035,
17:55:04.613,,,,,,,,,,,,,,35,,,,,,,,,,,,,,,,,,,,,49.2897059,31.4371035,
17:55:04.817,,,,,,,,,,,,,,,,,36.875,,,,,,,,,,,,,,,,,,49.2897059,31.4371035,
17:55:05.034,,,,,,,,,,,,,37,,,,,,,,,,,,,,,,,,,,,,49.2896993,31.4372056,
17:55:05.240,,,,,,,,,,,,,,,2528,0.140625,,,,,,,,,,,,,,,,,,,49.2896993,31.4372056,
17:55:05.433,,,,,,,,,,,,,,,,,,,27,,,,,,,,,,,,,,,,49.2896993,31.4372056,
17:55:05.589,,,,,,,,,,,,,,,,,,,,,,,,,,,,0,,,,,,,49.2896993,31.4372056,
17:55:05.709,,,,,,,,,,,,,,,,,,,,,,,,,,,,,,,,50,,,49.2896993,31.4372056,
17:55:05.840,,,,,,,,,,,,,,,,,,,,,0,0,,,,,,,,,,,,,49.2896993,31.4372056,
17:55:05.937,,,,,,,,,,,,,,,,,,,,0,,,,,,,,,,,,,,,49.2896993,31.4372056,
17:55:06.009,,,,,,,,,,,,,,,,,,,,,,,,,,,,,,,43,,,,49.2896922,31.437307,
17:55:06.057,,,,,,,,,,,,,,,,,,,,,,,0.02976231781595882,0.21976546833333332,2.413417,2.413417,2953.0254239999995,,,7.561229093838033,,,,27,49.2896922,31.437307,
17:55:06.250,,,,,,,,,,,,,,,,,,,,,,,,,,,,,-0.023250000000000028,,,,99,,49.2896922,31.437307,
17:55:06.465,,,,,,,,,,53.5,,,,,,,,,,,,,,,,,,,,,,,,,49.2896922,31.437307,
17:55:06.668,,,,,,,,,348.72,,,,,,,,,,,,,,,,,,,,,,,,,,49.2896922,31.437307,
17:55:06.764,,,,,,,,,,,3.645,,,,,,,,,,,,,,,,,,,,,,,,49.2896922,31.437307,
17:55:06.970,,,,,,,,,,,,3.635,,,,,,,,,,,,,,,,,,,,,,,49.2896849,31.437417,
17:55:07.197,-10.75,,,,,,,,,,,,,,,,,,,,,,,,,,,,,,,,,,49.2896849,31.437417,
17:55:07.389,,,-15.349999999999909,,,,,,,,,,,,,,,,,,,,,,,,,,,,,,,,49.2896849,31.437417,
17:55:07.592,,-17.34999999999991,,,,,,,,,,,,,,,,,,,,,,,,,,,,,,,,,49.2896849,31.437417,
17:55:07.797,,,,,24,,,,,,,,,,,,,,,,,,,,,,,,,,,,,,49.2896849,31.437417,
17:55:07.892,,,,,,24,,,,,,,,,,,,,,,,,,,,,,,,,,,,,49.2896849,31.437417,
17:55:07.988,,,,,,,24,,,,,,,,,,,,,,,,,,,,,,,,,,,,49.2896808,31.4375247,
17:55:08.096,,,,,,,,24,,,,,,,,,,,,,,,,,,,,,,,,,,,49.2896808,31.4375247,
17:55:08.204,,,,24,,,,,,,,,,,,,,,,,,,,,,,,,,,,,,,49.2896808,31.4375247,
17:55:08.541,,,,,,,,,,,,,,,,,,44,,,,,,,,,,,,,,,,,49.2896808,31.4375247,
17:55:08.721,,,,,,,,,,,,,,35,,,,,,,,,,,,,,,,,,,,,49.2896808,31.4375247,
17:55:08.925,,,,,,,,,,,,,,,,,24.75,,,,,,,,,,,,,,,,,,49.2896808,31.4375247,
17:55:09.130,,,,,,,,,,,,,34,,,,,,,,,,,,,,,,,,,,,,49.2896726,31.4376346,
17:55:09.333,,,,,,,,,,,,,,,1568,0.09375,,,,,,,,,,,,,,,,,,,49.2896726,31.4376346,
17:55:09.529,,,,,,,,,,,,,,,,,,,29,,,,,,,,,,,,,,,,49.2896726,31.4376346,
17:55:09.745,,,,,,,,,,,,,,,,,,,,,,,,,,,,0,,,,,,,49.2896726,31.4376346,
17:55:09.936,,,,,,,,,,,,,,,,,,,,,0,0,,,,,,,,,,,,,49.2896726,31.4376346,
17:55:10.046,,,,,,,,,,,,,,,,,,,,0,,,,,,,,,,,,,,,49.2896647,31.4377467,
17:55:10.141,,,,,,,,,,,,,,,,,,,,,,,,,,,,,,,43,,,,49.2896647,31.4377467,
17:55:10.250,,,,,,,,,,,,,,,,,,,,,,,0.033056575265461074,0.253540328,2.447192,2.447192,2953.0591989999994,,,8.387201350410226,,,,29,49.2896647,31.4377467,
17:55:10.345,,,,,,,,,,,,,,,,,,,,,,,,,,,,,-0.023250000000000028,,,,99,,49.2896647,31.4377467,
17:55:10.657,,,,,,,,,,53,,,,,,,,,,,,,,,,,,,,,,,,,49.2896647,31.4377467,
17:55:10.800,,,,,,,,,346.95,,,,,,,,,,,,,,,,,,,,,,,,,,49.2896647,31.4377467,
17:55:10.981,,,,,,,,,,,3.624,,,,,,,,,,,,,,,,,,,,,,,,49.2896551,31.4378614,
17:55:11.172,,,,,,,,,,,,3.613,,,,,,,,,,,,,,,,,,,,,,,49.2896551,31.4378614,
17:55:11.281,-19.549999999999955,,,,,,,,,,,,,,,,,,,,,,,,,,,,,,,,,,49.2896551,31.4378614,
17:55:11.484,,,-13.899999999999864,,,,,,,,,,,,,,,,,,,,,,,,,,,,,,,,49.2896551,31.4378614,
17:55:11.690,,-6.449999999999818,,,,,,,,,,,,,,,,,,,,,,,,,,,,,,,,,49.2896551,31.4378614,
17:55:11.893,,,,,24,,,,,,,,,,,,,,,,,,,,,,,,,,,,,,49.2896551,31.4378614,
17:55:12.086,,,,,,24,,,,,,,,,,,,,,,,,,,,,,,,,,,,,49.2896495,31.4379784,
17:55:12.193,,,,,,,24,,,,,,,,,,,,,,,,,,,,,,,,,,,,49.2896495,31.4379784,
17:55:12.291,,,,,,,,24,,,,,,,,,,,,,,,,,,,,,,,,,,,49.2896495,31.4379784,
17:55:12.401,,,,24,,,,,,,,,,,,,,,,,,,,,,,,,,,,,,,49.2896495,31.4379784,
17:55:12.821,,,,,,,,,,,,,,,,,,43,,,,,,,,,,,,,,,,,49.2896495,31.4379784,
17:55:12.916,,,,,,,,,,,,,,35,,,,,,,,,,,,,,,,,,,,,49.2896495,31.4379784,
17:55:13.120,,,,,,,,,,,,,,,,,-27.703125,,,,,,,,,,,,,,,,,,49.289642,31.4380934,
17:55:13.218,,,,,,,,,,,,,34,,,,,,,,,,,,,,,,,,,,,,49.289642,31.4380934,
17:55:13.433,,,,,,,,,,,,,,,-1824,-0.125,,,,,,,,,,,,,,,,,,,49.289642,31.4380934,
17:55:13.636,,,,,,,,,,,,,,,,,,,28,,,,,,,,,,,,,,,,49.289642,31.4380934,
17:55:13.830,,,,,,,,,,,,,,,,,,,,,,,,,,,,0,,,,,,,49.289642,31.4380934,
17:55:13.950,,,,,,,,,,,,,,,,,,,,,,,,,,,,,,,,50,,,49.2896308,31.4381983,
17:55:14.142,,,,,,,,,,,,,,,,,,,,,0,0,,,,,,,,,,,,,49.2896308,31.4381983,
17:55:14.261,,,,,,,,,,,,,,,,,,,,0,,,,,,,,,,,,,,,49.2896308,31.4381983,
17:55:14.442,,,,,,,,,,,,,,,,,,,,,,,,,,,,,,,43,,,,49.2896308,31.4381983,
17:55:14.550,,,,,,,,,,,,,,,,,,,,,,,,0.2834005384166666,2.477052,2.477052,2953.0890589999995,,,9.018647622944062,,,,25,49.2896308,31.4381983,
17:55:14.657,,,,,,,,,,,,,,,,,,,,,,,,,,,,,-0.023250000000000028,,,,99,,49.2896308,31.4381983,
17:55:15.066,,,,,,,,,,53.5,,,,,,,,,,,,,,,,,,,,,,,,,49.2896251,31.4382923,
17:55:15.161,,,,,,,,,353.71,,,,,,,,,,,,,,,,,,,,,,,,,,49.2896251,31.4382923,
17:55:15.268,,,,,,,,,,,3.697,,,,,,,,,,,,,,,,,,,,,,,,49.2896251,31.4382923,
17:55:15.461,,,,,,,,,,,,3.688,,,,,,,,,,,,,,,,,,,,,,,49.2896251,31.4382923,
17:55:15.605,20.200000000000045,,,,,,,,,,,,,,,,,,,,,,,,,,,,,,,,,,49.2896251,31.4382923,
17:55:15.774,,,17.800000000000182,,,,,,,,,,,,,,,,,,,,,,,,,,,,,,,,49.2896251,31.4382923,
17:55:15.990,,17.050000000000182,,,,,,,,,,,,,,,,,,,,,,,,,,,,,,,,,49.2896195,31.438375,
17:55:16.192,,,,,24,,,,,,,,,,,,,,,,,,,,,,,,,,,,,,49.2896195,31.438375,
17:55:16.397,,,,,,24,,,,,,,,,,,,,,,,,,,,,,,,,,,,,49.2896195,31.438375,
17:55:16.493,,,,,,,24,,,,,,,,,,,,,,,,,,,,,,,,,,,,49.2896195,31.438375,
17:55:16.600,,,,,,,,24,,,,,,,,,,,,,,,,,,,,,,,,,,,49.2896195,31.438375,
17:55:16.709,,,,24,,,,,,,,,,,,,,,,,,,,,,,,,,,,,,,49.2896195,31.438375,
17:55:17.021,,,,,,,,,,,,,,,,,,43,,,,,,,,,,,,,,,,,49.2896158,31.4384455,
17:55:17.238,,,,,,,,,,,,,,35,,,,,,,,,,,,,,,,,,,,,49.2896158,31.4384455,
17:55:17.417,,,,,,,,,,,,,,,,,-56.875,,,,,,,,,,,,,,,,,,49.2896158,31.4384455,
17:55:17.633,,,,,,,,,,,,,34,,,,,,,,,,,,,,,,,,,,,,49.2896158,31.4384455,
17:55:17.850,,,,,,,,,,,,,,,-3328,-0.203125,,,,,,,,,,,,,,,,,,,49.2896158,31.4384455,
17:55:18.030,,,,,,,,,,,,,,,,,,,15,,,,,,,,,,,,,,,,49.2896105,31.4385076,
17:55:18.333,,,,,,,,,,,,,,,,,,,,,,,,,,,,0,,,,,,,49.2896105,31.4385076,
17:55:18.441,,,,,,,,,,,,,,,,,,,,,0,0,,,,,,,,,,,,,49.2896105,31.4385076,
17:55:18.658,,,,,,,,,,,,,,,,,,,,0,,,,,,,,,,,,,,,49.2896105,31.4385076,
17:55:18.849,,,,,,,,,,,,,,,,,,,,,,,,,,,,,,,43,,,,49.2896105,31.4385076,
17:55:19.053,,,,,,,,,,,,,,,,,,,,,,,,0.29841106575,2.492063,2.492063,2953.1040699999994,,,9.132781922342172,,,,12,49.289606,31.4385585,
17:55:19.161,,,,,,,,,,,,,,,,,,,,,,,,,,,,,-0.023250000000000028,,,,99,,49.289606,31.4385585,
17:55:19.569,,,,,,,,,,53,,,,,,,,,,,,,,,,,,,,,,,,,49.289606,31.4385585,
17:55:19.666,,,,,,,,,347.76,,,,,,,,,,,,,,,,,,,,,,,,,,49.289606,31.4385585,
17:55:19.881,,,,,,,,,,,3.634,,,,,,,,,,,,,,,,,,,,,,,,49.289606,31.4385585,
17:55:20.109,,,,,,,,,,,,3.615,,,,,,,,,,,,,,,,,,,,,,,49.289602,31.4386057,
17:55:20.278,-39.549999999999955,,,,,,,,,,,,,,,,,,,,,,,,,,,,,,,,,,49.289602,31.4386057,
17:55:20.397,,,-1600,,,,,,,,,,,,,,,,,,,,,,,,,,,,,,,,49.289602,31.4386057,
17:55:20.590,,-40,,,,,,,,,,,,,,,,,,,,,,,,,,,,,,,,,49.289602,31.4386057,
17:55:20.701,,,,,24,,,,,,,,,,,,,,,,,,,,,,,,,,,,,,49.289602,31.4386057,
17:55:20.893,,,,,,24,,,,,,,,,,,,,,,,,,,,,,,,,,,,,49.289602,31.4386057,
17:55:21.000,,,,,,,24,,,,,,,,,,,,,,,,,,,,,,,,,,,,49.2895976,31.4386666,
17:55:21.109,,,,,,,,24,,,,,,,,,,,,,,,,,,,,,,,,,,,49.2895976,31.4386666,
17:55:21.313,,,,24,,,,,,,,,,,,,,,,,,,,,,,,,,,,,,,49.2895976,31.4386666,
17:55:21.613,,,,,,,,,,,,,,,,,,43,,,,,,,,,,,,,,,,,49.2895976,31.4386666,
17:55:21.817,,,,,,,,,,,,,,35,,,,,,,,,,,,,,,,,,,,,49.2895976,31.4386666,
17:55:21.914,,,,,,,,,,,,,,,,,-53.484375,,,,,,,,,,,,,,,,,,49.2895976,31.4386666,
17:55:22.134,,,,,,,,,,,,,34,,,,,,,,,,,,,,,,,,,,,,49.289594,31.4387294,
17:55:22.336,,,,,,,,,,,,,,,-3456,-0.21875,,,,,,,,,,,,,,,,,,,49.289594,31.4387294,
17:55:22.541,,,,,,,,,,,,,,,,,,,15,,,,,,,,,,,,,,,,49.289594,31.4387294,
17:55:22.842,,,,,,,,,,,,,,,,,,,,,,,,,,,,0,,,,,,,49.289594,31.4387294,
17:55:22.949,,,,,,,,,,,,,,,,,,,,,,,,,,,,,,,,50,,,49.289591,31.4387891,
17:55:23.045,,,,,,,,,,,,,,,,,,,,,0,0,,,,,,,,,,,,,49.289591,31.4387891,
17:55:23.153,,,,,,,,,,,,,,,,,,,,0,,,,,,,,,,,,,,,49.289591,31.4387891,
17:55:23.357,,,,,,,,,,,,,,,,,,,,,,,,,,,,,,,43,,,,49.289591,31.4387891,
17:55:23.561,,,,,,,,,,,,,,,,,,,,,,,,0.3159407204722222,2.509593,2.509593,2953.1215999999995,,,9.312413540100705,,,,14,49.289591,31.4387891,
17:55:23.765,,,,,,,,,,,,,,,,,,,,,,,,,,,,,-0.023250000000000028,,,,99,,49.289591,31.4387891,
17:55:24.076,,,,,,,,,,52.5,,,,,,,,,,,,,,,,,,,,,,,,,49.2895879,31.4388475,
17:55:24.174,,,,,,,,,344.7,,,,,,,,,,,,,,,,,,,,,,,,,,49.2895879,31.4388475,
17:55:24.305,,,,,,,,,,,3.591,,,,,,,,,,,,,,,,,,,,,,,,49.2895879,31.4388475,
17:55:24.485,,,,,,,,,,,,3.573,,,,,,,,,,,,,,,,,,,,,,,49.2895879,31.4388475,
17:55:24.594,-59,,,,,,,,,,,,,,,,,,,,,,,,,,,,,,,,,,49.2895879,31.4388475,
17:55:24.796,,,-1600,,,,,,,,,,,,,,,,,,,,,,,,,,,,,,,,49.2895879,31.4388475,
17:55:24.989,,-60.5,,,,,,,,,,,,,,,,,,,,,,,,,,,,,,,,,49.2895825,31.4389231,
17:55:25.097,,,,,24,,,,,,,,,,,,,,,,,,,,,,,,,,,,,,49.2895825,31.4389231,
17:55:25.194,,,,,,24,,,,,,,,,,,,,,,,,,,,,,,,,,,,,49.2895825,31.4389231,
17:55:25.337,,,,,,,24,,,,,,,,,,,,,,,,,,,,,,,,,,,,49.2895825,31.4389231,
17:55:25.506,,,,,,,,24,,,,,,,,,,,,,,,,,,,,,,,,,,,49.2895825,31.4389231,
17:55:25.625,,,,24,,,,,,,,,,,,,,,,,,,,,,,,,,,,,,,49.2895825,31.4389231,
17:55:25.817,,,,,,,,,,,,,,,,,,44,,,,,,,,,,,,,,,,,49.2895825,31.4389231,
17:55:26.022,,,,,,,,,,,,,,35,,,,,,,,,,,,,,,,,,,,,49.2895782,31.439016,
17:55:26.321,,,,,,,,,,,,,,,,,97.796875,,,,,,,,,,,,,,,,,,49.2895782,31.439016,
17:55:26.428,,,,,,,,,,,,,30,,,,,,,,,,,,,,,,,,,,,,49.2895782,31.439016,
17:55:26.537,,,,,,,,,,,,,,,5632,0.34375,,,,,,,,,,,,,,,,,,,49.2895782,31.439016,
17:55:26.742,,,,,,,,,,,,,,,,,,,28,,,,,,,,,,,,,,,,49.2895782,31.439016,
17:55:26.956,,,,,,,,,,,,,,,,,,,,,,,,,,,,34.509803921568626,,,,,,,49.2895736,31.4391217,
17:55:27.088,,,,,,,,,,,,,,,,,,,,,1522,1.5,,,,,,,,,,,,,49.2895736,31.4391217,
17:55:27.160,,,,,,,,,,,,,,,,,,,,52.94117647058823,,,,,,,,,,,,,,,49.2895736,31.4391217,
17:55:27.246,,,,,,,,,,,,,,,,,,,,,,,,,,,,,,,43,,,,49.2895736,31.4391217,
17:55:27.449,,,,,,,,,,,,,,,,,,,,,,,,0.3472651735833333,2.540917,2.540917,2953.152923999999,,,9.919881283165902,,,,29,49.2895736,31.4391217,
17:55:27.508,,,,,,,,,,,,,,,,,,,,,,,,,,,,,-0.33325000000000005,,,,68,,49.2895736,31.4391217,
17:55:27.761,,,,,,,,,,51.5,,,,,,,,,,,,,,,,,,,,,,,,,49.2895736,31.4391217,
17:55:27.857,,,,,,,,,342.6,,,,,,,,,,,,,,,,,,,,,,,,,,49.2895736,31.4391217,
17:55:27.977,,,,,,,,,,,3.599,,,,,,,,,,,,,,,,,,,,,,,,49.2895652,31.4392363,
17:55:28.156,,,,,,,,,,,,3.581,,,,,,,,,,,,,,,,,,,,,,,49.2895652,31.4392363,
17:55:28.361,-24.34999999999991,,,,,,,,,,,,,,,,,,,,,,,,,,,,,,,,,,49.2895652,31.4392363,
17:55:28.564,,,-24.5,,,,,,,,,,,,,,,,,,,,,,,,,,,,,,,,49.2895652,31.4392363,
17:55:28.650,,-27.799999999999955,,,,,,,,,,,,,,,,,,,,,,,,,,,,,,,,,49.2895652,31.4392363,
17:55:28.805,,,,,24,,,,,,,,,,,,,,,,,,,,,,,,,,,,,,49.2895652,31.4392363,
17:55:28.985,,,,,,24,,,,,,,,,,,,,,,,,,,,,,,,,,,,,49.2895551,31.4393527,
17:55:29.081,,,,,,,24,,,,,,,,,,,,,,,,,,,,,,,,,,,,49.2895551,31.4393527,
17:55:29.188,,,,,,,,24,,,,,,,,,,,,,,,,,,,,,,,,,,,49.2895551,31.4393527,
17:55:29.394,,,,24,,,,,,,,,,,,,,,,,,,,,,,,,,,,,,,49.2895551,31.4393527,
17:55:29.609,,,,,,,,,,,,,,,,,,44,,,,,,,,,,,,,,,,,49.2895551,31.4393527,
17:55:29.838,,,,,,,,,,,,,,35,,,,,,,,,,,,,,,,,,,,,49.2895551,31.4393527,
17:55:30.018,,,,,,,,,,,,,,,,,13.140625,,,,,,,,,,,,,,,,,,49.2895454,31.4394767,
17:55:30.222,,,,,,,,,,,,,30,,,,,,,,,,,,,,,,,,,,,,49.2895454,31.4394767,
17:55:30.305,,,,,,,,,,,,,,,960,0.046875,,,,,,,,,,,,,,,,,,,49.2895454,31.4394767,
17:55:30.438,,,,,,,,,,,,,,,,,,,32,,,,,,,,,,,,,,,,49.2895454,31.4394767,
17:55:30.741,,,,,,,,,,,,,,,,,,,,,,,,,,,,39.21568627450981,,,,,,,49.2895454,31.4394767,
17:55:30.933,,,,,,,,,,,,,,,,,,,,,,,,,,,,,,,,50,,,49.2895454,31.4394767,
17:55:31.149,,,,,,,,,,,,,,,,,,,,,1506,1.5,,,,,,,,,,,,,49.2895326,31.4395976,
17:55:31.353,,,,,,,,,,,,,,,,,,,,53.333333333333336,,,,,,,,,,,,,,,49.2895326,31.4395976,
17:55:31.545,,,,,,,,,,,,,,,,,,,,,,,,,,,,,,,43,,,,49.2895326,31.4395976,
17:55:31.641,,,,,,,,,,,,,,,,,,,,,,,,0.38452310424999997,2.578175,2.578175,2953.1901819999994,,,10.63061357522538,,,,32,49.2895326,31.4395976,
17:55:31.760,,,,,,,,,,,,,,,,,,,,,,,,,,,,,-0.32325000000000004,,,,69,,49.2895326,31.4395976,
17:55:32.157,,,,,,,,,,51,,,,,,,,,,,,,,,,,,,,,,,,,49.289521,31.4397234,
17:55:32.265,,,,,,,,,350.33,,,,,,,,,,,,,,,,,,,,,,,,,,49.289521,31.4397234,
17:55:32.469,,,,,,,,,,,3.634,,,,,,,,,,,,,,,,,,,,,,,,49.289521,31.4397234,
17:55:32.577,,,,,,,,,,,,3.622,,,,,,,,,,,,,,,,,,,,,,,49.289521,31.4397234,
17:55:32.768,-4.399999999999864,,,,,,,,,,,,,,,,,,,,,,,,,,,,,,,,,,49.289521,31.4397234,
17:55:32.878,,,-3.8999999999998636,,,,,,,,,,,,,,,,,,,,,,,,,,,,,,,,49.289521,31.4397234,
17:55:32.997,,-2.349999999999909,,,,,,,,,,,,,,,,,,,,,,,,,,,,,,,,,49.2895112,31.4398485,
17:55:33.178,,,,,24,,,,,,,,,,,,,,,,,,,,,,,,,,,,,,49.2895112,31.4398485,
17:55:33.308,,,,,,24,,,,,,,,,,,,,,,,,,,,,,,,,,,,,49.2895112,31.4398485,
17:55:33.490,,,,,,,24,,,,,,,,,,,,,,,,,,,,,,,,,,,,49.2895112,31.4398485,
17:55:33.597,,,,,,,,24,,,,,,,,,,,,,,,,,,,,,,,,,,,49.2895112,31.4398485,
17:55:33.706,,,,24,,,,,,,,,,,,,,,,,,,,,,,,,,,,,,,49.2895112,31.4398485,
17:55:34.112,,,,,,,,,,,,,,,,,,45,,,,,,,,,,,,,,,,,49.2895025,31.4399744,
17:55:34.342,,,,,,,,,,,,,,35,,,,,,,,,,,,,,,,,,,,,49.2895025,31.4399744,
17:55:34.438,,,,,,,,,,,,,,,,,13.390625,,,,,,,,,,,,,,,,,,49.2895025,31.4399744,
17:55:34.640,,,,,,,,,,,,,30,,,,,,,,,,,,,,,,,,,,,,49.2895025,31.4399744,
17:55:34.845,,,,,,,,,,,,,,,768,0.046875,,,,,,,,,,,,,,,,,,,49.2895025,31.4399744,
17:55:35.036,,,,,,,,,,,,,,,,,,,33,,,,,,,,,,,,,,,,49.2894949,31.4401056,
17:55:35.432,,,,,,,,,,,,,,,,,,,,,,,,,,,,39.6078431372549,,,,,,,49.2894949,31.4401056,
17:55:35.541,,,,,,,,,,,,,,,,,,,,,1493,1.5,,,,,,,,,,,,,49.2894949,31.4401056,
17:55:35.650,,,,,,,,,,,,,,,,,,,,53.333333333333336,,,,,,,,,,,,,,,49.2894949,31.4401056,
17:55:35.854,,,,,,,,,,,,,,,,,,,,,,,,,,,,,,,43,,,,49.2894949,31.4401056,
17:55:35.949,,,,,,,,,,,,,,,,,,,,,,,0.035206506370875565,0.42401204275,2.617664,2.617664,2953.229670999999,,,11.346949130693801,,,,33,49.2894949,31.4401056,
17:55:36.157,,,,,,,,,,,,,,,,,,,,,,,,,,,,,-0.32325000000000004,,,,69,,49.2894857,31.4402336,
17:55:36.362,,,,,,,,,,51,,,,,,,,,,,,,,,,,,,,,,,,,49.2894857,31.4402336,
17:55:36.469,,,,,,,,,349.04,,,,,,,,,,,,,,,,,,,,,,,,,,49.2894857,31.4402336,
17:55:36.589,,,,,,,,,,,3.642,,,,,,,,,,,,,,,,,,,,,,,,49.2894857,31.4402336,
17:55:36.768,,,,,,,,,,,,3.631,,,,,,,,,,,,,,,,,,,,,,,49.2894857,31.4402336,
17:55:36.890,-5.349999999999909,,,,,,,,,,,,,,,,,,,,,,,,,,,,,,,,,,49.2894857,31.4402336,
17:55:37.081,,,-0.8999999999998636,,,,,,,,,,,,,,,,,,,,,,,,,,,,,,,,49.2894773,31.4403622,
17:55:37.285,,-1.949999999999818,,,,,,,,,,,,,,,,,,,,,,,,,,,,,,,,,49.2894773,31.4403622,
17:55:37.381,,,,,24,,,,,,,,,,,,,,,,,,,,,,,,,,,,,,49.2894773,31.4403622,
17:55:37.501,,,,,,24,,,,,,,,,,,,,,,,,,,,,,,,,,,,,49.2894773,31.4403622,
17:55:37.693,,,,,,,24,,,,,,,,,,,,,,,,,,,,,,,,,,,,49.2894773,31.4403622,
17:55:37.813,,,,,,,,24,,,,,,,,,,,,,,,,,,,,,,,,,,,49.2894773,31.4403622,
17:55:37.993,,,,24,,,,,,,,,,,,,,,,,,,,,,,,,,,,,,,49.2894666,31.4404934,
17:55:38.197,,,,,,,,,,,,,,,,,,45,,,,,,,,,,,,,,,,,49.2894666,31.4404934,
17:55:38.412,,,,,,,,,,,,,,35,,,,,,,,,,,,,,,,,,,,,49.2894666,31.4404934,
17:55:38.618,,,,,,,,,,,,,,,,,-35.875,,,,,,,,,,,,,,,,,,49.2894666,31.4404934,
17:55:38.729,,,,,,,,,,,,,30,,,,,,,,,,,,,,,,,,,,,,49.2894666,31.4404934,
17:55:38.921,,,,,,,,,,,,,,,-1888,-0.125,,,,,,,,,,,,,,,,,,,49.2894666,31.4404934,
17:55:39.029,,,,,,,,,,,,,,,,,,,32,,,,,,,,,,,,,,,,49.2894573,31.4406182,
17:55:39.330,,,,,,,,,,,,,,,,,,,,,,,,,,,,21.96078431372549,,,,,,,49.2894573,31.4406182,
17:55:39.538,,,,,,,,,,,,,,,,,,,,,,,,,,,,,,,,50,,,49.2894573,31.4406182,
17:55:39.636,,,,,,,,,,,,,,,,,,,,,1501,1.5,,,,,,,,,,,,,49.2894573,31.4406182,
17:55:39.745,,,,,,,,,,,,,,,,,,,,29.80392156862745,,,,,,,,,,,,,,,49.2894573,31.4406182,
17:55:39.949,,,,,,,,,,,,,,,,,,,,,,,,,,,,,,,43,,,,49.2894573,31.4406182,
17:55:40.145,,,,,,,,,,,,,,,,,,,,,,,,0.45897750191666664,2.652629,2.652629,2953.2646359999994,,,11.911145091545443,,,,30,49.2894477,31.4407398,
17:55:40.253,,,,,,,,,,,,,,,,,,,,,,,,,,,,,-0.58325,,,,43,,49.2894477,31.4407398,
17:55:40.458,,,,,,,,,,51.5,,,,,,,,,,,,,,,,,,,,,,,,,49.2894477,31.4407398,
17:55:40.661,,,,,,,,,358.38,,,,,,,,,,,,,,,,,,,,,,,,,,49.2894477,31.4407398,
17:55:40.865,,,,,,,,,,,3.717,,,,,,,,,,,,,,,,,,,,,,,,49.2894477,31.4407398,
17:55:40.973,,,,,,,,,,,,3.705,,,,,,,,,,,,,,,,,,,,,,,49.2894391,31.4408508,
17:55:41.189,36.950000000000045,,,,,,,,,,,,,,,,,,,,,,,,,,,,,,,,,,49.2894391,31.4408508,
17:55:41.394,,,-1600,,,,,,,,,,,,,,,,,,,,,,,,,,,,,,,,49.2894391,31.4408508,
17:55:41.598,,37.80000000000018,,,,,,,,,,,,,,,,,,,,,,,,,,,,,,,,,49.2894391,31.4408508,
17:55:41.781,,,,,24,,,,,,,,,,,,,,,,,,,,,,,,,,,,,,49.2894391,31.4408508,
17:55:41.889,,,,,,24,,,,,,,,,,,,,,,,,,,,,,,,,,,,,49.2894391,31.4408508,
17:55:41.998,,,,,,,24,,,,,,,,,,,,,,,,,,,,,,,,,,,,49.289431,31.4409489,
17:55:42.201,,,,,,,,24,,,,,,,,,,,,,,,,,,,,,,,,,,,49.289431,31.4409489,
17:55:42.310,,,,24,,,,,,,,,,,,,,,,,,,,,,,,,,,,,,,49.289431,31.4409489,
17:55:42.613,,,,,,,,,,,,,,,,,,45,,,,,,,,,,,,,,,,,49.289431,31.4409489,
17:55:42.817,,,,,,,,,,,,,,35,,,,,,,,,,,,,,,,,,,,,49.289431,31.4409489,
17:55:43.022,,,,,,,,,,,,,,,,,-69.484375,,,,,,,,,,,,,,,,,,49.2894258,31.4410347,
17:55:43.229,,,,,,,,,,,,,30,,,,,,,,,,,,,,,,,,,,,,49.2894258,31.4410347,
17:55:43.350,,,,,,,,,,,,,,,-4352,-0.265625,,,,,,,,,,,,,,,,,,,49.2894258,31.4410347,
17:55:43.534,,,,,,,,,,,,,,,,,,,20,,,,,,,,,,,,,,,,49.2894258,31.4410347,
17:55:43.845,,,,,,,,,,,,,,,,,,,,,,,,,,,,21.96078431372549,,,,,,,49.2894258,31.4410347,
17:55:44.037,,,,,,,,,,,,,,,,,,,,,1499,1.5,,,,,,,,,,,,,49.2894206,31.4411092,
17:55:44.242,,,,,,,,,,,,,,,,,,,,29.80392156862745,,,,,,,,,,,,,,,49.2894206,31.4411092,
17:55:44.348,,,,,,,,,,,,,,,,,,,,,,,,,,,,,,,43,,,,49.2894206,31.4411092,
17:55:44.554,,,,,,,,,,,,,,,,,,,,,,,,0.4797993592777777,2.673451,2.673451,2953.2854579999994,,,12.067915178632507,,,,17,49.2894206,31.4411092,
17:55:44.685,,,,,,,,,,,,,,,,,,,,,,,,,,,,,-0.58325,,,,43,,49.2894206,31.4411092,
17:55:45.069,,,,,,,,,,52,,,,,,,,,,,,,,,,,,,,,,,,,49.2894157,31.4411735,
17:55:45.177,,,,,,,,,354.36,,,,,,,,,,,,,,,,,,,,,,,,,,49.2894157,31.4411735,
17:55:45.369,,,,,,,,,,,3.707,,,,,,,,,,,,,,,,,,,,,,,,49.2894157,31.4411735,
17:55:45.477,,,,,,,,,,,,3.695,,,,,,,,,,,,,,,,,,,,,,,49.2894157,31.4411735,
17:55:45.586,17.40000000000009,,,,,,,,,,,,,,,,,,,,,,,,,,,,,,,,,,49.2894157,31.4411735,
17:55:45.778,,,14.5,,,,,,,,,,,,,,,,,,,,,,,,,,,,,,,,49.2894157,31.4411735,
17:55:45.897,,14.700000000000045,,,,,,,,,,,,,,,,,,,,,,,,,,,,,,,,,49.2894157,31.4411735,
17:55:46.105,,,,,24,,,,,,,,,,,,,,,,,,,,,,,,,,,,,,49.2894118,31.4412302,
17:55:46.297,,,,,,24,,,,,,,,,,,,,,,,,,,,,,,,,,,,,49.2894118,31.4412302,
17:55:46.513,,,,,,,24,,,,,,,,,,,,,,,,,,,,,,,,,,,,49.2894118,31.4412302,
17:55:46.705,,,,,,,,24,,,,,,,,,,,,,,,,,,,,,,,,,,,49.2894118,31.4412302,
17:55:46.801,,,,24,,,,,,,,,,,,,,,,,,,,,,,,,,,,,,,49.2894118,31.4412302,
17:55:47.114,,,,,,,,,,,,,,,,,,45,,,,,,,,,,,,,,,,,49.2894071,31.4412778,
17:55:47.317,,,,,,,,,,,,,,35,,,,,,,,,,,,,,,,,,,,,49.2894071,31.4412778,
17:55:47.424,,,,,,,,,,,,,,,,,-30.546875,,,,,,,,,,,,,,,,,,49.2894071,31.4412778,
17:55:47.558,,,,,,,,,,,,,32,,,,,,,,,,,,,,,,,,,,,,49.2894071,31.4412778,
17:55:47.737,,,,,,,,,,,,,,,-1664,-0.109375,,,,,,,,,,,,,,,,,,,49.2894071,31.4412778,
17:55:47.943,,,,,,,,,,,,,,,,,,,11,,,,,,,,,,,,,,,,49.2894071,31.4412778,
17:55:48.150,,,,,,,,,,,,,,,,,,,,,,,,,,,,21.96078431372549,,,,,,,49.2893962,31.441318,
17:55:48.342,,,,,,,,,,,,,,,,,,,,,,,,,,,,,,,,52,,,49.2893962,31.441318,
17:55:48.441,,,,,,,,,,,,,,,,,,,,,1499,1.5,,,,,,,,,,,,,49.2893962,31.441318,
17:55:48.527,,,,,,,,,,,,,,,,,,,,29.80392156862745,,,,,,,,,,,,,,,49.2893962,31.441318,
17:55:48.601,,,,,,,,,,,,,,,,,,,,,,,,,,,,,,,43,,,,49.2893962,31.441318,
17:55:48.672,,,,,,,,,,,,,,,,,,,,,,,-0.036588519860574924,0.49123938566666664,2.684891,2.684891,2953.296897999999,,,12.010077298052273,,,,10,49.2893962,31.441318,
17:55:48.769,,,,,,,,,,,,,,,,,,,,,,,,,,,,,-0.58325,,,,43,,49.2893962,31.441318,
17:55:48.948,,,,,,,,,,52,,,,,,,,,,,,,,,,,,,,,,,,,49.2893962,31.441318,
17:55:48.984,,,,,,,,,351.78000000000003,,,,,,,,,,,,,,,,,,,,,,,,,,49.2893779,31.4413458,
17:55:49.045,,,,,,,,,,,3.67,,,,,,,,,,,,,,,,,,,,,,,,49.2893779,31.4413458,
17:55:49.153,,,,,,,,,,,,3.663,,,,,,,,,,,,,,,,,,,,,,,49.2893779,31.4413458,
17:55:49.357,-7.199999999999818,,,,,,,,,,,,,,,,,,,,,,,,,,,,,,,,,,49.2893779,31.4413458,
17:55:49.454,,,-10.349999999999909,,,,,,,,,,,,,,,,,,,,,,,,,,,,,,,,49.2893779,31.4413458,
17:55:49.669,,-7.699999999999818,,,,,,,,,,,,,,,,,,,,,,,,,,,,,,,,,49.2893779,31.4413458,
17:55:49.873,,,,,24,,,,,,,,,,,,,,,,,,,,,,,,,,,,,,49.2893779,31.4413458,
17:55:49.970,,,,,,24,,,,,,,,,,,,,,,,,,,,,,,,,,,,,49.2893508,31.441363,
17:55:50.076,,,,,,,24,,,,,,,,,,,,,,,,,,,,,,,,,,,,49.2893508,31.441363,
17:55:50.199,,,,,,,,24,,,,,,,,,,,,,,,,,,,,,,,,,,,49.2893508,31.441363,
17:55:50.292,,,,24,,,,,,,,,,,,,,,,,,,,,,,,,,,,,,,49.2893508,31.441363,
17:55:50.594,,,,,,,,,,,,,,,,,,45,,,,,,,,,,,,,,,,,49.2893508,31.441363,
17:55:50.700,,,,,,,,,,,,,,35,,,,,,,,,,,,,,,,,,,,,49.2893508,31.441363,
17:55:50.797,,,,,,,,,,,,,,,,,51.40625,,,,,,,,,,,,,,,,,,49.2893508,31.441363,
17:55:50.916,,,,,,,,,,,,,32,,,,,,,,,,,,,,,,,,,,,,49.2893508,31.441363,
17:55:51.108,,,,,,,,,,,,,,,2816,0.171875,,,,,,,,,,,,,,,,,,,49.2893212,31.4413664,
17:55:51.228,,,,,,,,,,,,,,,,,,,13,,,,,,,,,,,,,,,,49.2893212,31.4413664,
17:55:51.518,,,,,,,,,,,,,,,,,,,,,,,,,,,,21.96078431372549,,,,,,,49.2893212,31.4413664,
17:55:51.613,,,,,,,,,,,,,,,,,,,,,1500,1.5,,,,,,,,,,,,,49.2893212,31.4413664,
17:55:51.828,,,,,,,,,,,,,,,,,,,,29.80392156862745,,,,,,,,,,,,,,,49.2893212,31.4413664,
17:55:51.926,,,,,,,,,,,,,,,,,,,,,,,,,,,,,,,43,,,,49.2893212,31.4413664,
17:55:52.057,,,,,,,,,,,,,,,,,,,,,,,,0.5025210283333333,2.696173,2.696173,2953.308179999999,,,12.009850876078175,,,,12,49.2892891,31.4413662,
17:55:52.238,,,,,,,,,,,,,,,,,,,,,,,,,,,,,-0.58325,,,,43,,49.2892891,31.4413662,
17:55:52.548,,,,,,,,,,52,,,,,,,,,,,,,,,,,,,,,,,,,49.2892891,31.4413662,
17:55:52.741,,,,,,,,,354.36,,,,,,,,,,,,,,,,,,,,,,,,,,49.2892891,31.4413662,
17:55:52.957,,,,,,,,,,,3.685,,,,,,,,,,,,,,,,,,,,,,,,49.2892588,31.4413635,
17:55:53.162,,,,,,,,,,,,3.672,,,,,,,,,,,,,,,,,,,,,,,49.2892588,31.4413635,
17:55:53.357,7.7000000000000455,,,,,,,,,,,,,,,,,,,,,,,,,,,,,,,,,,49.2892588,31.4413635,
17:55:53.561,,,4.5,,,,,,,,,,,,,,,,,,,,,,,,,,,,,,,,49.2892588,31.4413635,
17:55:53.657,,7.050000000000182,,,,,,,,,,,,,,,,,,,,,,,,,,,,,,,,,49.2892588,31.4413635,
17:55:53.778,,,,,24,,,,,,,,,,,,,,,,,,,,,,,,,,,,,,49.2892588,31.4413635,
17:55:53.981,,,,,,24,,,,,,,,,,,,,,,,,,,,,,,,,,,,,49.2892349,31.4413633,
17:55:54.185,,,,,,,24,,,,,,,,,,,,,,,,,,,,,,,,,,,,49.2892349,31.4413633,
17:55:54.388,,,,,,,,24,,,,,,,,,,,,,,,,,,,,,,,,,,,49.2892349,31.4413633,
17:55:54.485,,,,24,,,,,,,,,,,,,,,,,,,,,,,,,,,,,,,49.2892349,31.4413633,
17:55:54.689,,,,,,,,,,,,,,,,,,45,,,,,,,,,,,,,,,,,49.2892349,31.4413633,
17:55:54.798,,,,,,,,,,,,,,35,,,,,,,,,,,,,,,,,,,,,49.2892349,31.4413633,
17:55:55.001,,,,,,,,,,,,,,,,,9.015625,,,,,,,,,,,,,,,,,,49.2892213,31.4413598,
17:55:55.072,,,,,,,,,,,,,32,,,,,,,,,,,,,,,,,,,,,,49.2892213,31.4413598,
17:55:55.217,,,,,,,,,,,,,,,512,0.03125,,,,,,,,,,,,,,,,,,,49.2892213,31.4413598,
17:55:55.313,,,,,,,,,,,,,,,,,,,3,,,,,,,,,,,,,,,,49.2892213,31.4413598,
17:55:55.576,,,,,,,,,,,,,,,,,,,,,,,,,,,,21.96078431372549,,,,,,,49.2892213,31.4413598,
17:55:55.685,,,,,,,,,,,,,,,,,,,,,,,,,,,,,,,,53,,,49.2892213,31.4413598,
17:55:55.796,,,,,,,,,,,,,,,,,,,,,1499,1.5,,,,,,,,,,,,,49.2892213,31.4413598,
17:55:55.880,,,,,,,,,,,,,,,,,,,,29.80392156862745,,,,,,,,,,,,,,,49.2892213,31.4413598,
17:55:55.942,,,,,,,,,,,,,,,,,,,,,,,,,,,,,,,43,,,,49.2892213,31.4413598,
17:55:56.024,,,,,,,,,,,,,,,,,,,,,,,,0.5025210283333333,2.696173,2.696173,2953.308179999999,,,11.701676688315068,,,,0,49.2892161,31.4413587,
17:55:56.097,,,,,,,,,,,,,,,,,,,,,,,,,,,,,-0.58325,,,,43,,49.2892161,31.4413587,
17:55:56.288,,,,,,,,,,52,,,,,,,,,,,,,,,,,,,,,,,,,49.2892161,31.4413587,
17:55:56.338,,,,,,,,,354.68,,,,,,,,,,,,,,,,,,,,,,,,,,49.2892161,31.4413587,
17:55:56.408,,,,,,,,,,,3.684,,,,,,,,,,,,,,,,,,,,,,,,49.2892161,31.4413587,
17:55:56.493,,,,,,,,,,,,3.679,,,,,,,,,,,,,,,,,,,,,,,49.2892161,31.4413587,
17:55:56.553,3.9500000000000455,,,,,,,,,,,,,,,,,,,,,,,,,,,,,,,,,,49.2892161,31.4413587,
17:55:56.637,,,10.650000000000091,,,,,,,,,,,,,,,,,,,,,,,,,,,,,,,,49.2892161,31.4413587,
17:55:56.710,,16.65000000000009,,,,,,,,,,,,,,,,,,,,,,,,,,,,,,,,,49.2892161,31.4413587,
17:55:56.844,,,,,24,,,,,,,,,,,,,,,,,,,,,,,,,,,,,,49.2892161,31.4413587,
17:55:56.905,,,,,,24,,,,,,,,,,,,,,,,,,,,,,,,,,,,,49.2892161,31.4413587,
17:55:57.014,,,,,,,24,,,,,,,,,,,,,,,,,,,,,,,,,,,,49.289215,31.4413589,
17:55:57.061,,,,,,,,24,,,,,,,,,,,,,,,,,,,,,,,,,,,49.289215,31.4413589,
17:55:57.157,,,,24,,,,,,,,,,,,,,,,,,,,,,,,,,,,,,,49.289215,31.4413589,
17:55:57.240,,,,,,,,,,,,,,,,,,45,,,,,,,,,,,,,,,,,49.289215,31.4413589,
17:55:57.302,,,,,,,,,,,,,,35,,,,,,,,,,,,,,,,,,,,,49.289215,31.4413589,
17:55:57.374,,,,,,,,,,,,,,,,,0,,,,,,,,,,,,,,,,,,49.289215,31.4413589,
17:55:57.444,,,,,,,,,,,,,32,,,,,,,,,,,,,,,,,,,,,,49.289215,31.4413589,
17:55:57.481,,,,,,,,,,,,,,,-32,-0.015625,,,,,,,,,,,,,,,,,,,49.289215,31.4413589,
17:55:57.580,,,,,,,,,,,,,,,,,,,0,,,,,,,,,,,,,,,,49.289215,31.4413589,
17:55:57.773,,,,,,,,,,,,,,,,,,,,,,,,,,,,32.15686274509804,,,,,,,49.289215,31.4413589,
17:55:57.833,,,,,,,,,,,,,,,,,,,,,1495,1.5,,,,,,,,,,,,,49.289215,31.4413589,
17:55:57.928,,,,,,,,,,,,,,,,,,,,43.529411764705884,,,,,,,,,,,,,,,49.289215,31.4413589,
17:55:57.990,,,,,,,,,,,,,,,,,,,,,,,,,,,,,,,43,,,,49.289215,31.4413589,
17:55:58.060,,,,,,,,,,,,,,,,,,,,,,,,0.5025210283333333,2.696173,2.696173,2953.308179999999,,,11.54957928845878,,,,0,49.289215,31.4413589,
17:55:58.132,,,,,,,,,,,,,,,,,,,,,,,,,,,,,-0.41325000000000006,,,,60,,49.289215,31.4413589,
17:55:58.264,,,,,,,,,,52,,,,,,,,,,,,,,,,,,,,,,,,,49.289215,31.4413589,
17:55:58.349,,,,,,,,,354.84000000000003,,,,,,,,,,,,,,,,,,,,,,,,,,49.289215,31.4413589,
17:55:58.444,,,,,,,,,,,3.703,,,,,,,,,,,,,,,,,,,,,,,,49.289215,31.4413589,
17:55:58.541,,,,,,,,,,,,3.697,,,,,,,,,,,,,,,,,,,,,,,49.289215,31.4413589,
17:55:58.589,13.800000000000182,,,,,,,,,,,,,,,,,,,,,,,,,,,,,,,,,,49.289215,31.4413589,
17:55:58.650,,,13.950000000000045,,,,,,,,,,,,,,,,,,,,,,,,,,,,,,,,49.289215,31.4413589,
17:55:58.744,,17.5,,,,,,,,,,,,,,,,,,,,,,,,,,,,,,,,,49.289215,31.4413589,
17:55:58.804,,,,,24,,,,,,,,,,,,,,,,,,,,,,,,,,,,,,49.289215,31.4413589,
17:55:58.865,,,,,,24,,,,,,,,,,,,,,,,,,,,,,,,,,,,,49.289215,31.4413589,
17:55:58.902,,,,,,,24,,,,,,,,,,,,,,,,,,,,,,,,,,,,49.289215,31.4413589,
17:55:58.996,,,,,,,,24,,,,,,,,,,,,,,,,,,,,,,,,,,,49.289215,31.4413589,
17:55:59.056,,,,24,,,,,,,,,,,,,,,,,,,,,,,,,,,,,,,49.289215,31.4413589,
17:55:59.280,,,,,,,,,,,,,,,,,,45,,,,,,,,,,,,,,,,,49.289215,31.4413589,
17:55:59.329,,,,,,,,,,,,,,35,,,,,,,,,,,,,,,,,,,,,49.289215,31.4413589,
17:55:59.364,,,,,,,,,,,,,,,,,0,,,,,,,,,,,,,,,,,,49.289215,31.4413589,
17:55:59.461,,,,,,,,,,,,,32,,,,,,,,,,,,,,,,,,,,,,49.289215,31.4413589,
17:55:59.532,,,,,,,,,,,,,,,-32,-0.015625,,,,,,,,,,,,,,,,,,,49.289215,31.4413589,
17:55:59.606,,,,,,,,,,,,,,,,,,,0,,,,,,,,,,,,,,,,49.289215,31.4413589,
17:55:59.881,,,,,,,,,,,,,,,,,,,,,,,,,,,,32.94117647058823,,,,,,,49.289215,31.4413589,
17:56:00.024,,,,,,,,,,,,,,,,,,,,,,,,,,,,,,,,54,,,49.289215,31.4413589,
17:56:00.134,,,,,,,,,,,,,,,,,,,,,1499,1.5,,,,,,,,,,,,,49.289215,31.4413589,
17:56:00.326,,,,,,,,,,,,,,,,,,,,44.705882352941174,,,,,,,,,,,,,,,49.289215,31.4413589,
17:56:00.529,,,,,,,,,,,,,,,,,,,,,,,,,,,,,,,43,,,,49.289215,31.4413589,
17:56:00.636,,,,,,,,,,,,,,,,,,,,,,,-0.023675770918486123,0.5025210283333333,2.696173,2.696173,2953.308179999999,,,11.36268052548838,,,,0,49.289215,31.4413589,
17:56:00.841,,,,,,,,,,,,,,,,,,,,,,,,,,,,,-0.41325000000000006,,,,60,,49.289215,31.4413589,
17:56:01.141,,,,,,,,,,52.5,,,,,,,,,,,,,,,,,,,,,,,,,49.289215,31.4413589,
17:56:01.249,,,,,,,,,354.36,,,,,,,,,,,,,,,,,,,,,,,,,,49.289215,31.4413589,
17:56:01.346,,,,,,,,,,,3.713,,,,,,,,,,,,,,,,,,,,,,,,49.289215,31.4413589,
17:56:01.453,,,,,,,,,,,,3.703,,,,,,,,,,,,,,,,,,,,,,,49.289215,31.4413589,
17:56:01.657,16.40000000000009,,,,,,,,,,,,,,,,,,,,,,,,,,,,,,,,,,49.289215,31.4413589,
17:56:01.754,,,14.600000000000136,,,,,,,,,,,,,,,,,,,,,,,,,,,,,,,,49.289215,31.4413589,
17:56:01.872,,15.800000000000182,,,,,,,,,,,,,,,,,,,,,,,,,,,,,,,,,49.289215,31.4413589,
17:56:02.173,,,,,24,,,,,,,,,,,,,,,,,,,,,,,,,,,,,,49.289215,31.4413589,
17:56:02.365,,,,,,24,,,,,,,,,,,,,,,,,,,,,,,,,,,,,49.289215,31.4413589,
17:56:02.569,,,,,,,24,,,,,,,,,,,,,,,,,,,,,,,,,,,,49.289215,31.4413589,
17:56:02.702,,,,,,,,24,,,,,,,,,,,,,,,,,,,,,,,,,,,49.289215,31.4413589,
17:56:02.881,,,,24,,,,,,,,,,,,,,,,,,,,,,,,,,,,,,,49.289215,31.4413589,
17:56:03.193,,,,,,,,,,,,,,,,,,45,,,,,,,,,,,,,,,,,49.289215,31.4413589,
17:56:03.304,,,,,,,,,,,,,,35,,,,,,,,,,,,,,,,,,,,,49.289215,31.4413589,
17:56:03.518,,,,,,,,,,,,,,,,,0,,,,,,,,,,,,,,,,,,49.289215,31.4413589,
17:56:03.697,,,,,,,,,,,,,32,,,,,,,,,,,,,,,,,,,,,,49.289215,31.4413589,
17:56:03.913,,,,,,,,,,,,,,,0,0,,,,,,,,,,,,,,,,,,,49.289215,31.4413589,
17:56:04.122,,,,,,,,,,,,,,,,,,,0,,,,,,,,,,,,,,,,49.289215,31.4413589,
17:56:04.280,,,,,,,,,,,,,,,,,,,,,,,,,,,,33.333333333333336,,,,,,,49.289215,31.4413589,
17:56:04.408,,,,,,,,,,,,,,,,,,,,,1499,1.5,,,,,,,,,,,,,49.289215,31.4413589,
17:56:04.518,,,,,,,,,,,,,,,,,,,,45.09803921568628,,,,,,,,,,,,,,,49.289215,31.4413589,
17:56:04.637,,,,,,,,,,,,,,,,,,,,,,,,,,,,,,,44,,,,49.289215,31.4413589,
17:56:04.817,,,,,,,,,,,,,,,,,,,,,,,-0.02663843244040016,0.5025210283333333,2.696173,2.696173,2953.308179999999,,,11.071957272205049,,,,0,49.289215,31.4413589,
17:56:04.901,,,,,,,,,,,,,,,,,,,,,,,,,,,,,-0.40325000000000005,,,,61,,49.289215,31.4413589,
17:56:05.032,,,,,,,,,,52.5,,,,,,,,,,,,,,,,,,,,,,,,,49.2892162,31.4413536,
17:56:05.141,,,,,,,,,357.90000000000003,,,,,,,,,,,,,,,,,,,,,,,,,,49.2892162,31.4413536,
17:56:05.250,,,,,,,,,,,3.714,,,,,,,,,,,,,,,,,,,,,,,,49.2892162,31.4413536,
17:56:05.442,,,,,,,,,,,,3.711,,,,,,,,,,,,,,,,,,,,,,,49.2892162,31.4413536,
17:56:05.550,15.200000000000045,,,,,,,,,,,,,,,,,,,,,,,,,,,,,,,,,,49.2892162,31.4413536,
17:56:05.637,,,19.25,,,,,,,,,,,,,,,,,,,,,,,,,,,,,,,,49.2892162,31.4413536,
17:56:05.757,,19.40000000000009,,,,,,,,,,,,,,,,,,,,,,,,,,,,,,,,,49.2892162,31.4413536,
17:56:05.865,,,,,24,,,,,,,,,,,,,,,,,,,,,,,,,,,,,,49.2892162,31.4413536,
17:56:06.053,,,,,,24,,,,,,,,,,,,,,,,,,,,,,,,,,,,,49.289216,31.4413533,
17:56:06.161,,,,,,,24,,,,,,,,,,,,,,,,,,,,,,,,,,,,49.289216,31.4413533,
